train_metrics/feature_std_step,train_metrics/var_loss_trunk_step,train_metrics/ijepa_loss_trunk_step,train_metrics/ctx_loss_trunk_step,train_metrics/var_loss_final_step,train_metrics/ijepa_loss_final_step,train_metrics/ctx_loss_final_step,train_metrics/loss_step,train_metrics/lr,train_metrics/wd,epoch,step,val_metrics/feature_std,val_metrics/var_loss_trunk,val_metrics/ijepa_loss_trunk,val_metrics/ctx_loss_trunk,val_metrics/var_loss_final,val_metrics/ijepa_loss_final,val_metrics/ctx_loss_final,val_metrics/loss,train_metrics/feature_std_epoch,train_metrics/var_loss_trunk_epoch,train_metrics/ijepa_loss_trunk_epoch,train_metrics/ctx_loss_trunk_epoch,train_metrics/var_loss_final_epoch,train_metrics/ijepa_loss_final_epoch,train_metrics/ctx_loss_final_epoch,train_metrics/loss_epoch
0.3748275637626648,0.94140625,55.75163650512695,59.08125305175781,0.921875,39.560333251953125,39.77476119995117,98.8228530883789,1.2437811165000312e-05,0.009999999776482582,0,49,,,,,,,,,,,,,,,,
0.3768708109855652,0.94921875,55.51780319213867,50.005615234375,0.921875,35.15153503417969,30.4290714263916,93.88101196289062,2.4875622330000624e-05,0.009999999776482582,0,99,,,,,,,,,,,,,,,,
0.3826320171356201,0.9296875,51.44388961791992,48.33160400390625,0.88671875,27.87863540649414,26.697736740112305,82.38941955566406,3.731343167601153e-05,0.009999999776482582,0,149,,,,,,,,,,,,,,,,
0.39350974559783936,0.89453125,49.03557205200195,41.43012237548828,0.859375,25.75452423095703,22.52345848083496,77.60989379882812,4.975124466000125e-05,0.009999999776482582,0,199,,,,,,,,,,,,,,,,
0.4047994911670685,0.86328125,48.5167236328125,36.388362884521484,0.8359375,25.48047637939453,19.839847564697266,76.63355255126953,6.218905764399096e-05,0.009999999776482582,0,249,,,,,,,,,,,,,,,,
0.41258302330970764,0.8515625,48.88428497314453,37.21259689331055,0.82421875,24.99324607849121,19.487533569335938,76.4983139038086,7.462686335202307e-05,0.009999999776482582,0,299,,,,,,,,,,,,,,,,
0.4290461838245392,0.8515625,42.36284637451172,35.07328796386719,0.8125,19.231077194213867,17.193065643310547,64.12908935546875,8.706467633601278e-05,0.009999999776482582,0,349,,,,,,,,,,,,,,,,
0.4404948353767395,0.83203125,48.884456634521484,32.773681640625,0.7890625,24.53032112121582,16.193052291870117,75.85198211669922,9.95024893200025e-05,0.009999999776482582,0,399,,,,,,,,,,,,,,,,
,,,,,,,,,,0,401,0.4166513681411743,0.8418025970458984,38.73316192626953,30.5401668548584,0.7307088971138,29.38515281677246,24.90078353881836,70.61482238769531,,,,,,,,
,,,,,,,,,,0,401,,,,,,,,,0.3981339633464813,0.9025672674179077,50.455322265625,43.828285217285156,0.869140625,28.355764389038086,25.619630813598633,81.7402114868164
0.4542524814605713,0.84375,46.82748794555664,32.02321243286133,0.80078125,24.55392074584961,15.249517440795898,74.60169982910156,0.0001119402950280346,0.009999999776482582,1,449,,,,,,,,,,,,,,,,
0.4690147340297699,0.8125,42.980506896972656,27.93619728088379,0.765625,20.366666793823242,13.875032424926758,66.31900787353516,0.00012437811528798193,0.009999999776482582,1,499,,,,,,,,,,,,,,,,
0.4776821732521057,0.7734375,45.6032600402832,29.056018829345703,0.72265625,21.136323928833008,13.648672103881836,69.65916442871094,0.00013681591372005641,0.009999999776482582,1,549,,,,,,,,,,,,,,,,
0.4867422878742218,0.80859375,41.74749755859375,29.313547134399414,0.77734375,20.87775421142578,14.352685928344727,65.66673278808594,0.00014925372670404613,0.009999999776482582,1,599,,,,,,,,,,,,,,,,
0.5020976066589355,0.76171875,36.893959045410156,29.025272369384766,0.71484375,16.308563232421875,15.304044723510742,56.15673065185547,0.00016169153968803585,0.009999999776482582,1,649,,,,,,,,,,,,,,,,
0.5112913250923157,0.8203125,42.68898010253906,28.569190979003906,0.796875,21.85732650756836,15.34626579284668,67.6273422241211,0.00017412935267202556,0.009999999776482582,1,699,,,,,,,,,,,,,,,,
0.5220229029655457,0.78515625,47.69417953491211,26.405742645263672,0.74609375,27.018430709838867,14.94174575805664,77.62210845947266,0.00018656716565601528,0.009999999776482582,1,749,,,,,,,,,,,,,,,,
0.5341393947601318,0.8046875,42.10599136352539,26.109878540039062,0.7734375,22.170047760009766,15.123186111450195,67.22859954833984,0.000199004978640005,0.009999999776482582,1,799,,,,,,,,,,,,,,,,
,,,,,,,,,,1,803,0.6162786483764648,0.8162902593612671,47.760284423828125,29.87034797668457,0.7640108466148376,37.83872604370117,25.778179168701172,89.0343017578125,,,,,,,,
,,,,,,,,,,1,803,,,,,,,,,0.4898214042186737,0.8040072917938232,42.957332611083984,29.509000778198242,0.7611454725265503,22.377843856811523,15.263618469238281,68.39276885986328
0.5473604202270508,0.7890625,36.28360366821289,24.694576263427734,0.74609375,20.615779876708984,14.34117317199707,60.386329650878906,0.0002114427916239947,0.009999999776482582,2,849,,,,,,,,,,,,,,,,
0.5583277940750122,0.78515625,31.278583526611328,25.559951782226562,0.7578125,16.574440002441406,17.24839973449707,51.536407470703125,0.0002238805900560692,0.009999999776482582,2,899,,,,,,,,,,,,,,,,
0.5684707164764404,0.78515625,48.10354995727539,24.633220672607422,0.75,36.13605499267578,18.741361618041992,87.94349670410156,0.0002363184030400589,0.009999999776482582,2,949,,,,,,,,,,,,,,,,
0.5830510258674622,0.76953125,41.89149856567383,24.42273712158203,0.72265625,26.88197135925293,17.783344268798828,72.37596130371094,0.00024875623057596385,0.009999999776482582,2,999,,,,,,,,,,,,,,,,
0.5921186208724976,0.73828125,32.630699157714844,20.893484115600586,0.69140625,18.057308197021484,14.090408325195312,53.86688995361328,0.00026119404355995357,0.009999999776482582,2,1049,,,,,,,,,,,,,,,,
0.6056263446807861,0.75390625,24.42304039001465,22.26886558532715,0.69140625,13.437491416931152,16.108430862426758,41.224708557128906,0.00027363182744011283,0.009999999776482582,2,1099,,,,,,,,,,,,,,,,
0.6192299127578735,0.78125,44.87388229370117,19.710060119628906,0.7421875,31.892547607421875,15.196309089660645,80.03518676757812,0.00028606964042410254,0.009999999776482582,2,1149,,,,,,,,,,,,,,,,
0.6324775218963623,0.78515625,36.14973449707031,22.65913963317871,0.7265625,22.836322784423828,17.710065841674805,62.5162353515625,0.00029850745340809226,0.009999999776482582,2,1199,,,,,,,,,,,,,,,,
,,,,,,,,,,2,1205,0.629065990447998,0.8329674005508423,36.315635681152344,21.483306884765625,0.7734211683273315,30.776626586914062,21.66031265258789,70.85579681396484,,,,,,,,
,,,,,,,,,,2,1205,,,,,,,,,0.5827834606170654,0.7709888219833374,39.48778533935547,23.307607650756836,0.7331117987632751,24.575420379638672,15.98210334777832,67.53177642822266
0.644189715385437,0.78125,36.8824462890625,20.843175888061523,0.7265625,22.761003494262695,15.673129081726074,63.58568572998047,0.000310945266392082,0.009999999776482582,3,1249,,,,,,,,,,,,,,,,
0.6556258201599121,0.80078125,38.265933990478516,22.370847702026367,0.7421875,30.16360092163086,20.110366821289062,72.80458068847656,0.0003233830793760717,0.009999999776482582,3,1299,,,,,,,,,,,,,,,,
0.666219174861908,0.71875,37.19628143310547,19.296180725097656,0.6484375,24.995038986206055,16.28257179260254,65.930419921875,0.0003358208923600614,0.009999999776482582,3,1349,,,,,,,,,,,,,,,,
0.6782113313674927,0.7421875,45.49019241333008,20.868261337280273,0.67578125,40.955535888671875,19.386205673217773,90.54733276367188,0.0003482587053440511,0.009999999776482582,3,1399,,,,,,,,,,,,,,,,
0.6923816204071045,0.73046875,44.58649444580078,17.888092041015625,0.65625,30.638181686401367,14.686235427856445,78.78302001953125,0.00036069651832804084,0.009999999776482582,3,1449,,,,,,,,,,,,,,,,
0.7046166062355042,0.76953125,49.809364318847656,20.475088119506836,0.6640625,39.9397087097168,20.660301208496094,93.9250259399414,0.00037313433131203055,0.009999999776482582,3,1499,,,,,,,,,,,,,,,,
0.7160924077033997,0.6875,35.640785217285156,19.51496124267578,0.61328125,23.387243270874023,15.597834587097168,62.66966247558594,0.00038557214429602027,0.009999999776482582,3,1549,,,,,,,,,,,,,,,,
0.733590841293335,0.78125,40.901817321777344,21.53537368774414,0.671875,32.987335205078125,21.311861038208008,78.19876098632812,0.00039800995728001,0.009999999776482582,3,1599,,,,,,,,,,,,,,,,
,,,,,,,,,,3,1607,0.7323925495147705,0.8394500017166138,37.11775588989258,18.408573150634766,0.712986171245575,36.1237678527832,25.68046760559082,77.73324584960938,,,,,,,,
,,,,,,,,,,3,1607,,,,,,,,,0.6838527917861938,0.7567144632339478,39.80654525756836,20.076692581176758,0.6847986578941345,28.545719146728516,17.434444427490234,72.29450225830078
0.7483627200126648,0.76953125,40.441017150878906,19.88277244567871,0.66796875,31.066478729248047,19.689376831054688,76.24267578125,0.0004104477702639997,0.009999999776482582,4,1649,,,,,,,,,,,,,,,,
0.762029767036438,0.734375,40.602935791015625,19.064706802368164,0.6171875,32.38414001464844,18.536827087402344,77.47209930419922,0.0004228855832479894,0.009999999776482582,4,1699,,,,,,,,,,,,,,,,
0.7712996006011963,0.7578125,41.225772857666016,20.4332332611084,0.640625,33.73006820678711,20.381820678710938,79.75553894042969,0.00043532339623197913,0.009999999776482582,4,1749,,,,,,,,,,,,,,,,
0.7893686294555664,0.73828125,48.35799026489258,18.534358978271484,0.61328125,41.855438232421875,21.704633712768555,94.91824340820312,0.0004477611801121384,0.009999999776482582,4,1799,,,,,,,,,,,,,,,,
0.8118708729743958,0.7578125,40.739383697509766,16.822362899780273,0.5859375,33.84943389892578,18.632234573364258,78.88711547851562,0.0004601989930961281,0.009999999776482582,4,1849,,,,,,,,,,,,,,,,
0.820156455039978,0.734375,42.153438568115234,17.393239974975586,0.5703125,36.2718391418457,20.588607788085938,82.8951187133789,0.0004726368060801178,0.009999999776482582,4,1899,,,,,,,,,,,,,,,,
0.8366937637329102,0.7265625,42.98595428466797,18.826831817626953,0.56640625,40.00267028808594,22.415403366088867,87.71844482421875,0.00048507461906410754,0.009999999776482582,4,1949,,,,,,,,,,,,,,,,
0.8475068807601929,0.71875,40.94973373413086,17.698396682739258,0.55859375,38.37226104736328,24.35799217224121,84.10403442382812,0.0004975124611519277,0.009999999776482582,4,1999,,,,,,,,,,,,,,,,
,,,,,,,,,,4,2009,0.8310419321060181,0.8359472751617432,43.28754806518555,20.319177627563477,0.692440390586853,52.83211135864258,37.0017204284668,102.4248275756836,,,,,,,,
,,,,,,,,,,4,2009,,,,,,,,,0.7927443981170654,0.7473180890083313,42.33877182006836,18.595714569091797,0.6067416667938232,36.4465446472168,20.80208396911621,83.4225082397461
0.8652875423431396,0.73828125,39.949520111083984,17.029563903808594,0.57421875,35.675636291503906,20.854080200195312,80.72602081298828,0.0005099502741359174,0.009999999776482582,5,2049,,,,,,,,,,,,,,,,
0.8762483596801758,0.75390625,41.84415817260742,17.748979568481445,0.5546875,41.922489166259766,25.12589454650879,89.36273193359375,0.0005223880871199071,0.009999999776482582,5,2099,,,,,,,,,,,,,,,,
0.8899794816970825,0.72265625,44.715885162353516,17.1508731842041,0.546875,40.603431701660156,24.30267333984375,90.73420715332031,0.0005348258418962359,0.009999999776482582,5,2149,,,,,,,,,,,,,,,,
0.9276242256164551,0.7734375,49.2449836730957,17.63509750366211,0.54296875,56.93695831298828,28.666481018066406,112.12850952148438,0.0005472636548802257,0.009999999776482582,5,2199,,,,,,,,,,,,,,,,
0.9384039640426636,0.765625,48.16735076904297,17.6911678314209,0.55078125,56.69989013671875,31.06050682067871,111.0588150024414,0.0005597014678642154,0.009999999776482582,5,2249,,,,,,,,,,,,,,,,
0.9610332250595093,0.7578125,44.43759536743164,17.927978515625,0.51953125,50.88436508178711,28.1640625,101.20851135253906,0.0005721392808482051,0.009999999776482582,5,2299,,,,,,,,,,,,,,,,
0.9812382459640503,0.734375,46.008914947509766,17.84107208251953,0.484375,55.82624435424805,31.563444137573242,107.9943618774414,0.0005845770938321948,0.009999999776482582,5,2349,,,,,,,,,,,,,,,,
0.9990814924240112,0.734375,45.899261474609375,17.608539581298828,0.474609375,53.3546028137207,28.770488739013672,105.10075378417969,0.0005970149068161845,0.009999999776482582,5,2399,,,,,,,,,,,,,,,,
,,,,,,,,,,5,2411,1.0891953706741333,0.7954830527305603,53.258724212646484,22.142520904541016,0.48525720834732056,78.39834594726562,57.707862854003906,140.92288208007812,,,,,,,,
,,,,,,,,,,5,2411,,,,,,,,,0.9249269366264343,0.7450248599052429,45.56235122680664,17.83637809753418,0.5275138020515442,50.226966857910156,27.73604965209961,101.6191635131836
1.0070677995681763,0.72265625,44.3045768737793,17.021467208862305,0.46875,53.843936920166016,30.340810775756836,104.86551666259766,0.0006094527198001742,0.009999999776482582,6,2449,,,,,,,,,,,,,,,,
1.0270730257034302,0.72265625,52.26305389404297,17.853755950927734,0.4375,65.75049591064453,32.12074279785156,125.00406646728516,0.000621890532784164,0.009999999776482582,6,2499,,,,,,,,,,,,,,,,
1.0417397022247314,0.75390625,46.17742919921875,16.927013397216797,0.4765625,55.70681381225586,29.738733291625977,108.55905151367188,0.0006343283457681537,0.009999999776482582,6,2549,,,,,,,,,,,,,,,,
1.0679705142974854,0.74609375,46.045955657958984,16.999767303466797,0.4453125,56.900970458984375,31.846773147583008,109.83709716796875,0.0006467661587521434,0.009999999776482582,6,2599,,,,,,,,,,,,,,,,
1.0810916423797607,0.76953125,52.41392135620117,18.54529571533203,0.451171875,77.2996826171875,40.917694091796875,137.87164306640625,0.0006592039717361331,0.009999999776482582,6,2649,,,,,,,,,,,,,,,,
1.0985920429229736,0.76171875,51.820003509521484,18.2689151763916,0.421875,76.16217041015625,38.15923309326172,135.74905395507812,0.0006716417847201228,0.009999999776482582,6,2699,,,,,,,,,,,,,,,,
1.1120609045028687,0.75390625,51.33240509033203,17.271421432495117,0.439453125,80.27677917480469,43.321598052978516,139.87173461914062,0.0006840795977041125,0.009999999776482582,6,2749,,,,,,,,,,,,,,,,
1.1233189105987549,0.7421875,51.7535400390625,17.848247528076172,0.4453125,79.49969482421875,42.360286712646484,139.46505737304688,0.0006965174106881022,0.009999999776482582,6,2799,,,,,,,,,,,,,,,,
,,,,,,,,,,6,2813,1.2664217948913574,0.8135194182395935,58.45962142944336,22.82102394104004,0.5178533792495728,105.086669921875,70.9136962890625,175.8133544921875,,,,,,,,
,,,,,,,,,,6,2813,,,,,,,,,1.0694471597671509,0.7450345754623413,48.2880744934082,17.43806266784668,0.4494033753871918,64.99992370605469,35.42267990112305,120.6495132446289
1.1495802402496338,0.76171875,50.06294631958008,17.597820281982422,0.412109375,79.49628448486328,43.29222869873047,138.8517303466797,0.000708955223672092,0.009999999776482582,7,2849,,,,,,,,,,,,,,,,
1.1778241395950317,0.7578125,51.611324310302734,16.33521842956543,0.3984375,85.12258911132812,40.674285888671875,145.49142456054688,0.0007213930366560817,0.009999999776482582,7,2899,,,,,,,,,,,,,,,,
1.20635986328125,0.7578125,49.87890625,16.52813148498535,0.37890625,72.4351577758789,38.63917922973633,130.80642700195312,0.0007338308496400714,0.009999999776482582,7,2949,,,,,,,,,,,,,,,,
1.2200944423675537,0.76953125,50.83605194091797,17.198747634887695,0.3984375,71.23890686035156,39.94347381591797,130.8618927001953,0.0007462686626240611,0.009999999776482582,7,2999,,,,,,,,,,,,,,,,
1.2157700061798096,0.73828125,50.20782470703125,17.127338409423828,0.404296875,89.66006469726562,47.288509368896484,149.5992431640625,0.0007587064756080508,0.009999999776482582,7,3049,,,,,,,,,,,,,,,,
1.2284066677093506,0.7734375,50.6744384765625,16.710281372070312,0.40234375,81.02272033691406,42.82189178466797,140.81056213378906,0.0007711442885920405,0.009999999776482582,7,3099,,,,,,,,,,,,,,,,
1.2643742561340332,0.75390625,51.510169982910156,16.270084381103516,0.361328125,87.48548126220703,46.90896224975586,148.53475952148438,0.0007835821015760303,0.009999999776482582,7,3149,,,,,,,,,,,,,,,,
1.2776331901550293,0.72265625,48.07867431640625,15.826622009277344,0.330078125,79.86975860595703,41.973167419433594,136.7078094482422,0.00079601991456002,0.009999999776482582,7,3199,,,,,,,,,,,,,,,,
,,,,,,,,,,7,3215,1.3739732503890991,0.8357381820678711,56.940086364746094,22.504549026489258,0.4856754541397095,120.71886444091797,78.35841369628906,192.42872619628906,,,,,,,,
,,,,,,,,,,7,3215,,,,,,,,,1.211449384689331,0.7476387619972229,49.81448745727539,16.90879249572754,0.38587337732315063,81.91295623779297,43.628379821777344,140.9326171875
1.3050858974456787,0.75390625,51.22932052612305,16.898727416992188,0.36328125,90.09591674804688,48.721126556396484,152.285400390625,0.0008084577275440097,0.009999999776482582,8,3249,,,,,,,,,,,,,,,,
1.3177976608276367,0.73828125,50.87516784667969,15.409526824951172,0.326171875,94.22242736816406,44.40050506591797,155.13356018066406,0.0008208955405279994,0.009999999776482582,8,3299,,,,,,,,,,,,,,,,
1.3552486896514893,0.71484375,52.235107421875,15.025370597839355,0.287109375,106.64418029785156,54.366249084472656,170.28997802734375,0.0008333333535119891,0.009999999776482582,8,3349,,,,,,,,,,,,,,,,
1.3429656028747559,0.76953125,52.74785232543945,17.195228576660156,0.341796875,109.16908264160156,60.32379913330078,174.65611267089844,0.0008457711664959788,0.009999999776482582,8,3399,,,,,,,,,,,,,,,,
1.3629443645477295,0.7578125,50.8367919921875,15.770729064941406,0.306640625,106.65023040771484,51.067413330078125,168.5771942138672,0.0008582089794799685,0.009999999776482582,8,3449,,,,,,,,,,,,,,,,
1.3931357860565186,0.765625,54.333065032958984,16.463294982910156,0.2890625,120.17151641845703,63.87272644042969,187.60968017578125,0.0008706467924639583,0.009999999776482582,8,3499,,,,,,,,,,,,,,,,
1.399733066558838,0.77734375,55.26128387451172,15.57415771484375,0.30078125,119.65135955810547,56.60208511352539,186.8172149658203,0.000883084605447948,0.009999999776482582,8,3549,,,,,,,,,,,,,,,,
1.415482759475708,0.7578125,53.66244125366211,16.441972732543945,0.29296875,118.73189544677734,63.07405471801758,185.37252807617188,0.0008955223602242768,0.009999999776482582,8,3599,,,,,,,,,,,,,,,,
,,,,,,,,,,8,3617,1.4399360418319702,0.8011292219161987,55.4084587097168,18.27619171142578,0.37277811765670776,128.25787353515625,72.26615142822266,198.42164611816406,,,,,,,,
,,,,,,,,,,8,3617,,,,,,,,,1.3508005142211914,0.7519725561141968,50.43587112426758,15.972766876220703,0.32678404450416565,99.67632293701172,51.97938919067383,161.38385009765625
1.438384771347046,0.73046875,50.384002685546875,15.458057403564453,0.26953125,117.41778564453125,56.39310836791992,180.7769775390625,0.0009079601732082665,0.009999999776482582,9,3649,,,,,,,,,,,,,,,,
1.4387843608856201,0.7421875,52.784793853759766,16.019807815551758,0.271484375,115.32860565185547,59.31636047363281,181.68310546875,0.0009203979861922562,0.009999999776482582,9,3699,,,,,,,,,,,,,,,,
1.4824597835540771,0.76171875,50.07232666015625,16.724870681762695,0.259765625,116.44226837158203,58.72252655029297,180.1106414794922,0.0009328357991762459,0.009999999776482582,9,3749,,,,,,,,,,,,,,,,
1.4955708980560303,0.78515625,49.427268981933594,15.527626037597656,0.2734375,116.84178924560547,59.40622329711914,179.81661987304688,0.0009452736121602356,0.009999999776482582,9,3799,,,,,,,,,,,,,,,,
1.5150182247161865,0.7421875,49.29764175415039,14.856362342834473,0.2421875,112.1798324584961,56.40874481201172,174.33937072753906,0.0009577114251442254,0.009999999776482582,9,3849,,,,,,,,,,,,,,,,
1.5187413692474365,0.79296875,54.687355041503906,15.769309043884277,0.275390625,145.53968811035156,73.3623275756836,216.15066528320312,0.0009701492381282151,0.009999999776482582,9,3899,,,,,,,,,,,,,,,,
1.5351476669311523,0.7578125,49.68532180786133,16.028900146484375,0.2431640625,125.1058349609375,70.30762481689453,190.18154907226562,0.0009825871093198657,0.009999999776482582,9,3949,,,,,,,,,,,,,,,,
1.5566461086273193,0.78125,52.93364334106445,15.668839454650879,0.255859375,142.94154357910156,76.9142837524414,212.3428192138672,0.0009950249223038554,0.009999999776482582,9,3999,,,,,,,,,,,,,,,,
,,,,,,,,,,9,4019,1.5368129014968872,0.8278962969779968,56.080780029296875,17.193384170532227,0.3549247086048126,151.06387329101562,83.30482482910156,225.0771942138672,,,,,,,,
,,,,,,,,,,9,4019,,,,,,,,,1.4954971075057983,0.7627682089805603,50.91531753540039,15.718799591064453,0.26509785652160645,120.68511199951172,63.251670837402344,185.79006958007812
1.566096544265747,0.76171875,51.541465759277344,15.516153335571289,0.2470703125,144.6186981201172,73.34593200683594,213.46034240722656,0.0009999996483637346,0.009999999776482582,10,4049,,,,,,,,,,,,,,,,
1.6016979217529297,0.7578125,51.703102111816406,16.142671585083008,0.224609375,141.444091796875,75.21245574951172,210.8780517578125,0.0009999973905347455,0.009999999776482582,10,4099,,,,,,,,,,,,,,,,
1.6131343841552734,0.76171875,48.76164245605469,15.766885757446289,0.2265625,136.2710418701172,69.72980499267578,201.6953582763672,0.0009999930421329439,0.009999999776482582,10,4149,,,,,,,,,,,,,,,,
1.6270928382873535,0.75390625,48.50215148925781,15.159979820251465,0.2021484375,136.9095001220703,74.02651977539062,202.71856689453125,0.0009999866031765296,0.009999999776482582,10,4199,,,,,,,,,,,,,,,,
1.678195595741272,0.76953125,52.106414794921875,15.260272979736328,0.205078125,150.29147338867188,75.10176849365234,219.93887329101562,0.000999978073692452,0.009999999776482582,10,4249,,,,,,,,,,,,,,,,
1.6773605346679688,0.78125,50.96160888671875,15.237070083618164,0.2001953125,154.86473083496094,80.62110137939453,224.38177490234375,0.00099996745371641,0.009999999776482582,10,4299,,,,,,,,,,,,,,,,
1.6799371242523193,0.78125,54.67095947265625,15.013059616088867,0.181640625,159.07846069335938,82.00161743164062,232.4983367919922,0.000999954743292852,0.009999999776482582,10,4349,,,,,,,,,,,,,,,,
1.7129669189453125,0.7890625,53.13969039916992,15.337298393249512,0.1904296875,154.28858947753906,72.87875366210938,224.58071899414062,0.000999939942474975,0.009999999776482582,10,4399,,,,,,,,,,,,,,,,
,,,,,,,,,,10,4421,1.6735941171646118,0.8255959749221802,57.87738037109375,21.83738899230957,0.24574576318264008,205.394775390625,139.0062255859375,293.8315124511719,,,,,,,,
,,,,,,,,,,10,4421,,,,,,,,,1.6488873958587646,0.7723880410194397,51.46622848510742,15.22779655456543,0.20692922174930573,145.37515258789062,75.16987609863281,214.39358520507812
1.7382941246032715,0.78515625,53.62112045288086,15.359786987304688,0.1787109375,176.74977111816406,91.0206527709961,252.61083984375,0.0009999230513247266,0.009999999776482582,11,4449,,,,,,,,,,,,,,,,
1.7622400522232056,0.77734375,52.15009689331055,14.656307220458984,0.1591796875,161.0648956298828,80.28743743896484,233.1402587890625,0.0009999040699128015,0.009999999776482582,11,4499,,,,,,,,,,,,,,,,
1.758775234222412,0.7734375,50.64320373535156,14.50343132019043,0.1455078125,156.11817932128906,81.0233383178711,226.78567504882812,0.0009998829983186438,0.009999999776482582,11,4549,,,,,,,,,,,,,,,,
1.7874138355255127,0.7890625,51.55189895629883,14.388132095336914,0.1572265625,179.5249481201172,88.08114624023438,252.51699829101562,0.0009998598366304458,0.009999999776482582,11,4599,,,,,,,,,,,,,,,,
1.801586627960205,0.76171875,47.478572845458984,14.445810317993164,0.15625,151.51536560058594,78.21958923339844,218.4449920654297,0.000999834584945147,0.009999999776482582,11,4649,,,,,,,,,,,,,,,,
1.8110764026641846,0.7890625,54.63532638549805,14.694101333618164,0.158203125,188.65676879882812,86.19139099121094,264.4164733886719,0.000999807243368435,0.009999999776482582,11,4699,,,,,,,,,,,,,,,,
1.8227941989898682,0.78515625,51.49739456176758,14.592402458190918,0.146484375,180.21958923339844,89.62786865234375,253.49267578125,0.0009997778120147433,0.009999999776482582,11,4749,,,,,,,,,,,,,,,,
1.8385372161865234,0.765625,50.88243103027344,14.54574203491211,0.1484375,176.92974853515625,94.85554504394531,250.60650634765625,0.0009997462910072532,0.009999999776482582,11,4799,,,,,,,,,,,,,,,,
,,,,,,,,,,11,4823,1.7972670793533325,0.825805127620697,56.44304275512695,15.882477760314941,0.24368727207183838,194.78041076660156,100.40897369384766,275.5513000488281,,,,,,,,
,,,,,,,,,,11,4823,,,,,,,,,1.7892638444900513,0.7776644229888916,51.47087478637695,14.630208015441895,0.16017204523086548,170.4530487060547,85.8454818725586,242.95697021484375
1.8838746547698975,0.77734375,52.53538513183594,14.251705169677734,0.125,174.23753356933594,82.60128784179688,248.66006469726562,0.0009997126804778907,0.009999999776482582,12,4849,,,,,,,,,,,,,,,,
1.867016077041626,0.78125,50.21055221557617,14.800161361694336,0.140625,194.522705078125,102.37751770019531,271.04364013671875,0.000999676980567328,0.009999999776482582,12,4899,,,,,,,,,,,,,,,,
1.8887070417404175,0.78515625,51.43949890136719,14.757827758789062,0.126953125,202.2264404296875,97.15987396240234,278.8268737792969,0.0009996391914249819,0.009999999776482582,12,4949,,,,,,,,,,,,,,,,
1.8995611667633057,0.80078125,56.41632080078125,13.922086715698242,0.1357421875,211.1509552001953,97.30412292480469,292.6028137207031,0.000999599313209013,0.009999999776482582,12,4999,,,,,,,,,,,,,,,,
1.8904657363891602,0.78125,51.80299758911133,14.138496398925781,0.130859375,198.13400268554688,95.10479736328125,274.51849365234375,0.0009995573460863261,0.009999999776482582,12,5049,,,,,,,,,,,,,,,,
1.9290987253189087,0.78515625,55.42633056640625,14.461446762084961,0.119140625,206.88404846191406,98.38804626464844,287.6654052734375,0.000999513290232568,0.009999999776482582,12,5099,,,,,,,,,,,,,,,,
1.9505716562271118,0.7734375,52.860260009765625,13.362703323364258,0.1123046875,204.8573760986328,104.86164093017578,284.2186584472656,0.0009994671458321285,0.009999999776482582,12,5149,,,,,,,,,,,,,,,,
1.9724540710449219,0.77734375,52.149131774902344,13.6943941116333,0.09326171875,198.08294677734375,94.17975616455078,274.47540283203125,0.0009994189130781376,0.009999999776482582,12,5199,,,,,,,,,,,,,,,,
,,,,,,,,,,12,5225,1.8776206970214844,0.8438414931297302,55.146080017089844,15.202092170715332,0.2396160066127777,222.43699645996094,117.92694091796875,307.51116943359375,,,,,,,,
,,,,,,,,,,12,5225,,,,,,,,,1.9126548767089844,0.7827172875404358,51.98493194580078,14.18845272064209,0.12505708634853363,197.8929443359375,97.05610656738281,274.8887023925781
1.9740269184112549,0.80078125,54.235008239746094,13.52839469909668,0.11669921875,209.82017517089844,101.27532196044922,291.76019287109375,0.0009993685921724667,0.009999999776482582,13,5249,,,,,,,,,,,,,,,,
1.9897595643997192,0.78125,52.96495819091797,13.681071281433105,0.08642578125,223.45782470703125,101.96420288085938,304.27435302734375,0.0009993161833257264,0.009999999776482582,13,5299,,,,,,,,,,,,,,,,
1.995802640914917,0.79296875,54.31776809692383,14.038496017456055,0.095703125,224.50413513183594,105.84793853759766,307.68408203125,0.0009992616867572665,0.009999999776482582,13,5349,,,,,,,,,,,,,,,,
2.0034873485565186,0.7734375,49.71665573120117,13.180031776428223,0.091796875,207.78233337402344,96.65890502929688,283.9933166503906,0.0009992051026951742,0.009999999776482582,13,5399,,,,,,,,,,,,,,,,
2.027735710144043,0.78515625,54.0599479675293,14.260138511657715,0.09814453125,239.1825408935547,114.21930694580078,324.10430908203125,0.0009991464313762737,0.009999999776482582,13,5449,,,,,,,,,,,,,,,,
2.0248491764068604,0.78125,52.147682189941406,14.480109214782715,0.10400390625,226.14378356933594,105.92155456542969,307.27044677734375,0.0009990856730461252,0.009999999776482582,13,5499,,,,,,,,,,,,,,,,
2.0280749797821045,0.7734375,49.244911193847656,14.223541259765625,0.0908203125,220.40072631835938,111.08963775634766,299.7496337890625,0.0009990228279590238,0.009999999776482582,13,5549,,,,,,,,,,,,,,,,
2.0654380321502686,0.79296875,52.62709045410156,13.435173034667969,0.0927734375,246.7339630126953,118.14629364013672,330.9491271972656,0.0009989578963779985,0.009999999776482582,13,5599,,,,,,,,,,,,,,,,
,,,,,,,,,,13,5627,1.9334520101547241,0.8393977284431458,55.011390686035156,14.212043762207031,0.19902759790420532,244.2595672607422,129.92214965820312,333.940673828125,,,,,,,,
,,,,,,,,,,13,5627,,,,,,,,,2.015831232070923,0.7864777445793152,51.91264724731445,13.845349311828613,0.09915753453969955,221.1514129638672,106.06502532958984,301.9288024902344
2.083378791809082,0.79296875,52.18559265136719,13.985968589782715,0.08154296875,241.6514892578125,121.785400390625,328.6544189453125,0.0009988908785748105,0.009999999776482582,14,5649,,,,,,,,,,,,,,,,
2.0778398513793945,0.79296875,53.624141693115234,13.960271835327148,0.095703125,256.0003967285156,127.84605407714844,345.96478271484375,0.0009988217748299535,0.009999999776482582,14,5699,,,,,,,,,,,,,,,,
2.087684154510498,0.796875,53.48075866699219,13.460731506347656,0.08544921875,262.65887451171875,117.46231842041016,349.7527160644531,0.0009987505854326503,0.009999999776482582,14,5749,,,,,,,,,,,,,,,,
2.1178691387176514,0.76953125,51.007564544677734,14.098387718200684,0.0654296875,233.5951690673828,112.86563873291016,317.1787109375,0.0009986773106808544,0.009999999776482582,14,5799,,,,,,,,,,,,,,,,
2.1250929832458496,0.78515625,53.93366241455078,13.552214622497559,0.076171875,258.8081359863281,119.85466766357422,346.954833984375,0.000998601950881246,0.009999999776482582,14,5849,,,,,,,,,,,,,,,,
2.1165764331817627,0.78515625,51.177146911621094,14.113009452819824,0.0810546875,239.5641326904297,114.77394104003906,323.8292236328125,0.0009985245063492325,0.009999999776482582,14,5899,,,,,,,,,,,,,,,,
2.150484800338745,0.78515625,52.17051315307617,13.35262393951416,0.068359375,248.86407470703125,114.88716125488281,333.94805908203125,0.0009984449774089468,0.009999999776482582,14,5949,,,,,,,,,,,,,,,,
2.155975341796875,0.796875,53.876712799072266,13.695728302001953,0.0673828125,260.4939880371094,119.52558898925781,348.540283203125,0.0009983633643932456,0.009999999776482582,14,5999,,,,,,,,,,,,,,,,
,,,,,,,,,,14,6029,2.0401809215545654,0.8354244828224182,56.20539093017578,15.145145416259766,0.17906995117664337,263.54449462890625,138.5323028564453,359.18377685546875,,,,,,,,
,,,,,,,,,,14,6029,,,,,,,,,2.1080236434936523,0.7888584136962891,52.10724639892578,13.704977035522461,0.08014614135026932,243.21327209472656,116.01655578613281,328.6199035644531
2.160655975341797,0.80078125,53.99556350708008,13.607831954956055,0.06787109375,254.0462646484375,123.93103790283203,345.5875244140625,0.0009982796676437078,0.009999999776482582,15,6049,,,,,,,,,,,,,,,,
2.1609015464782715,0.78125,51.730674743652344,14.224461555480957,0.06591796875,252.30491638183594,121.4052963256836,341.0506896972656,0.0009981938875106343,0.009999999776482582,15,6099,,,,,,,,,,,,,,,,
2.1606087684631348,0.7734375,50.523033142089844,13.349719047546387,0.062255859375,246.17372131347656,110.89942932128906,330.6655578613281,0.0009981060243530449,0.009999999776482582,15,6149,,,,,,,,,,,,,,,,
2.1960391998291016,0.78515625,51.35696792602539,13.538848876953125,0.06103515625,254.1377716064453,119.72677612304688,341.87841796875,0.000998016078538678,0.009999999776482582,15,6199,,,,,,,,,,,,,,,,
2.165621519088745,0.79296875,53.33098220825195,13.900675773620605,0.06396484375,261.7958068847656,122.13751983642578,352.2605895996094,0.0009979240504439885,0.009999999776482582,15,6249,,,,,,,,,,,,,,,,
2.2058749198913574,0.7734375,50.07499313354492,13.51642894744873,0.058837890625,259.6619873046875,121.64521789550781,346.61236572265625,0.0009978299404541466,0.009999999776482582,15,6299,,,,,,,,,,,,,,,,
2.210141897201538,0.80078125,52.48175048828125,13.740079879760742,0.05615234375,255.06687927246094,121.85897827148438,344.5653381347656,0.0009977337489630357,0.009999999776482582,15,6349,,,,,,,,,,,,,,,,
2.2111737728118896,0.77734375,54.4503173828125,13.262842178344727,0.047119140625,266.5196838378906,121.7021255493164,357.78509521484375,0.000997635476373251,0.009999999776482582,15,6399,,,,,,,,,,,,,,,,
,,,,,,,,,,15,6431,2.083638906478882,0.8315035700798035,55.49546432495117,14.664298057556152,0.1534203737974167,273.3290100097656,141.72726440429688,371.51385498046875,,,,,,,,
,,,,,,,,,,15,6431,,,,,,,,,2.1845877170562744,0.7888001203536987,52.36806106567383,13.624259948730469,0.06486063450574875,259.093505859375,122.67918395996094,348.66278076171875
2.220842123031616,0.80859375,56.23231887817383,13.680575370788574,0.0654296875,287.54156494140625,133.60963439941406,386.3801574707031,0.0009975351230960983,0.009999999776482582,16,6449,,,,,,,,,,,,,,,,
2.2290236949920654,0.80859375,54.796363830566406,14.067112922668457,0.057861328125,287.9298095703125,137.7662811279297,386.6120910644531,0.0009974326895515913,0.009999999776482582,16,6499,,,,,,,,,,,,,,,,
2.218398094177246,0.80859375,54.211097717285156,13.772039413452148,0.06494140625,269.1132507324219,129.80299377441406,364.87750244140625,0.0009973281761684505,0.009999999776482582,16,6549,,,,,,,,,,,,,,,,
2.2397639751434326,0.79296875,51.355682373046875,13.258788108825684,0.052490234375,265.1922912597656,128.24610900878906,357.4864807128906,0.0009972215833841014,0.009999999776482582,16,6599,,,,,,,,,,,,,,,,
2.248349905014038,0.80078125,53.59684371948242,13.177574157714844,0.051025390625,265.2468566894531,122.504638671875,358.1387939453125,0.000997112911644672,0.009999999776482582,16,6649,,,,,,,,,,,,,,,,
2.2556509971618652,0.80078125,53.9454460144043,13.542143821716309,0.055419921875,284.2984924316406,137.48513793945312,381.8912048339844,0.0009970021614049925,0.009999999776482582,16,6699,,,,,,,,,,,,,,,,
2.244555711746216,0.79296875,52.070106506347656,12.814604759216309,0.05810546875,252.63442993164062,119.77105712890625,343.12152099609375,0.000996889333128591,0.009999999776482582,16,6749,,,,,,,,,,,,,,,,
2.229435920715332,0.7734375,50.38262939453125,13.211258888244629,0.058837890625,253.260498046875,119.8404541015625,342.17340087890625,0.0009967744272876943,0.009999999776482582,16,6799,,,,,,,,,,,,,,,,
,,,,,,,,,,16,6833,2.087336778640747,0.8303533792495728,54.842464447021484,14.545060157775879,0.13808292150497437,269.9834289550781,135.6522979736328,368.3502502441406,,,,,,,,
,,,,,,,,,,16,6833,,,,,,,,,2.237607002258301,0.7901411056518555,52.442100524902344,13.647482872009277,0.055718112736940384,269.61529541015625,127.06036376953125,362.7706298828125
2.2574687004089355,0.8125,55.531761169433594,14.230422019958496,0.058349609375,290.6848449707031,140.60250854492188,393.537353515625,0.0009966574443632237,0.009999999776482582,17,6849,,,,,,,,,,,,,,,,
2.2557268142700195,0.80859375,55.04632568359375,14.086982727050781,0.0654296875,282.2627258300781,131.54344177246094,381.8722229003906,0.0009965383848447938,0.009999999776482582,17,6899,,,,,,,,,,,,,,,,
2.276096820831299,0.78515625,51.414546966552734,13.184988975524902,0.054931640625,257.7732849121094,119.73591613769531,349.9042053222656,0.000996417249230711,0.009999999776482582,17,6949,,,,,,,,,,,,,,,,
2.257157802581787,0.78125,52.015079498291016,13.294333457946777,0.04345703125,259.4127197265625,118.34237670898438,351.7435302734375,0.0009962940380279703,0.009999999776482582,17,6999,,,,,,,,,,,,,,,,
2.292185068130493,0.78515625,52.6177864074707,13.108390808105469,0.04833984375,276.95147705078125,129.76719665527344,373.26544189453125,0.0009961687517522542,0.009999999776482582,17,7049,,,,,,,,,,,,,,,,
2.274582862854004,0.79296875,54.388858795166016,13.842731475830078,0.047119140625,285.72869873046875,132.72943115234375,384.9293212890625,0.00099604139092793,0.009999999776482582,17,7099,,,,,,,,,,,,,,,,
2.283137798309326,0.78125,51.53658676147461,13.68341064453125,0.05126953125,276.1644287109375,131.65484619140625,372.135009765625,0.0009959119560880474,0.009999999776482582,17,7149,,,,,,,,,,,,,,,,
2.26322078704834,0.78125,49.184452056884766,13.40478801727295,0.04931640625,256.6352233886719,121.41871643066406,347.0972900390625,0.0009957804477743373,0.009999999776482582,17,7199,,,,,,,,,,,,,,,,
,,,,,,,,,,17,7235,2.131356954574585,0.8274780511856079,55.970638275146484,14.544767379760742,0.12645728886127472,279.0719909667969,142.30780029296875,383.0523986816406,,,,,,,,
,,,,,,,,,,17,7235,,,,,,,,,2.2788243293762207,0.7904520630836487,52.80426788330078,13.839439392089844,0.048564549535512924,278.5046081542969,133.31277465820312,376.2933654785156
2.2900209426879883,0.796875,55.51546859741211,14.662287712097168,0.0498046875,289.88897705078125,139.21932983398438,394.9803161621094,0.0009956468665372083,0.009999999776482582,18,7249,,,,,,,,,,,,,,,,
2.324871063232422,0.78515625,51.85574722290039,14.166812896728516,0.043701171875,283.89373779296875,137.56016540527344,384.625244140625,0.0009955112129357447,0.009999999776482582,18,7299,,,,,,,,,,,,,,,,
2.311511993408203,0.78515625,51.52762222290039,13.731956481933594,0.040771484375,269.15985107421875,127.55935668945312,366.2556457519531,0.000995373487537705,0.009999999776482582,18,7349,,,,,,,,,,,,,,,,
2.291670322418213,0.79296875,52.9029541015625,14.117774963378906,0.05029296875,288.2758483886719,133.03517150878906,388.6204833984375,0.0009952336909195185,0.009999999776482582,18,7399,,,,,,,,,,,,,,,,
2.3080670833587646,0.78515625,51.548858642578125,14.040201187133789,0.03564453125,272.81787109375,132.82545471191406,371.69500732421875,0.0009950918236662832,0.009999999776482582,18,7449,,,,,,,,,,,,,,,,
2.3171329498291016,0.78125,53.168540954589844,14.167258262634277,0.040771484375,293.0194396972656,146.59364318847656,397.9176330566406,0.000994947886371764,0.009999999776482582,18,7499,,,,,,,,,,,,,,,,
2.3327441215515137,0.79296875,51.640464782714844,13.491707801818848,0.037841796875,274.8719177246094,143.1953125,376.96075439453125,0.0009948018796383886,0.009999999776482582,18,7549,,,,,,,,,,,,,,,,
2.329896926879883,0.79296875,52.787315368652344,13.971566200256348,0.043212890625,283.9617614746094,143.39794921875,387.4189453125,0.0009946538040772476,0.009999999776482582,18,7599,,,,,,,,,,,,,,,,
,,,,,,,,,,18,7637,2.1624839305877686,0.8347448706626892,56.36286544799805,15.312137603759766,0.1368347406387329,287.22900390625,157.12059020996094,399.1672058105469,,,,,,,,
,,,,,,,,,,18,7637,,,,,,,,,2.3090102672576904,0.7900828123092651,53.10711669921875,13.90861988067627,0.043866969645023346,282.5511169433594,137.25485229492188,384.3604736328125
2.325493812561035,0.8046875,53.33867645263672,14.1631441116333,0.044677734375,296.68609619140625,150.31564331054688,405.7004089355469,0.0009945036603080885,0.009999999776482582,19,7649,,,,,,,,,,,,,,,,
2.3295021057128906,0.78515625,53.460227966308594,14.121312141418457,0.043701171875,290.99298095703125,149.6860809326172,399.884521484375,0.0009943514489593164,0.009999999776482582,19,7699,,,,,,,,,,,,,,,,
2.3271164894104004,0.77734375,52.3595085144043,14.170284271240234,0.040283203125,287.2642822265625,141.54931640625,392.34796142578125,0.0009941971706679898,0.009999999776482582,19,7749,,,,,,,,,,,,,,,,
2.2894392013549805,0.7890625,54.27627182006836,13.82169246673584,0.037109375,274.4189758300781,125.7097396850586,376.03192138671875,0.0009940408260798177,0.009999999776482582,19,7799,,,,,,,,,,,,,,,,
2.3477563858032227,0.7890625,51.549400329589844,14.749765396118164,0.04541015625,296.1744384765625,155.45037841796875,405.29168701171875,0.0009938824158491567,0.009999999776482582,19,7849,,,,,,,,,,,,,,,,
2.3000924587249756,0.796875,54.46674728393555,14.368435859680176,0.0458984375,286.77435302734375,147.83485412597656,396.1516418457031,0.0009937219406390102,0.009999999776482582,19,7899,,,,,,,,,,,,,,,,
2.3271801471710205,0.765625,51.50514602661133,14.24980640411377,0.03857421875,273.7441711425781,132.93565368652344,375.1153564453125,0.000993559401121023,0.009999999776482582,19,7949,,,,,,,,,,,,,,,,
2.357052803039551,0.80859375,54.96834945678711,14.232217788696289,0.037353515625,283.3378601074219,143.9361572265625,391.8749694824219,0.0009933947979754811,0.009999999776482582,19,7999,,,,,,,,,,,,,,,,
,,,,,,,,,,19,8039,2.216928720474243,0.8314512968063354,56.57741165161133,14.926740646362305,0.11413896083831787,286.7535400390625,148.2645263671875,398.6736145019531,,,,,,,,
,,,,,,,,,,19,8039,,,,,,,,,2.3323960304260254,0.7909573316574097,53.224693298339844,14.078722953796387,0.04134691506624222,285.68072509765625,141.7117156982422,391.6678466796875
2.3678231239318848,0.7890625,51.93441390991211,14.077345848083496,0.03759765625,272.8867492675781,134.98316955566406,377.8190002441406,0.0009932281318913063,0.009999999776482582,20,8049,,,,,,,,,,,,,,,,
2.3581020832061768,0.78125,52.849788665771484,13.976059913635254,0.0361328125,274.7880554199219,139.64764404296875,382.2235107421875,0.0009930594035660548,0.009999999776482582,20,8099,,,,,,,,,,,,,,,,
2.3687691688537598,0.7890625,54.88264465332031,13.800782203674316,0.033203125,289.30560302734375,141.8619842529297,399.49249267578125,0.0009928886137059144,0.009999999776482582,20,8149,,,,,,,,,,,,,,,,
2.365852117538452,0.78515625,52.59743118286133,13.7002592086792,0.03515625,284.02703857421875,138.8609619140625,390.8412170410156,0.0009927157630257007,0.009999999776482582,20,8199,,,,,,,,,,,,,,,,
2.3336679935455322,0.78515625,52.07028579711914,14.350981712341309,0.04345703125,279.3338623046875,130.04409790039062,382.77105712890625,0.0009925408522488551,0.009999999776482582,20,8249,,,,,,,,,,,,,,,,
2.365144729614258,0.8046875,54.637943267822266,14.530871391296387,0.038330078125,305.2733459472656,154.7955780029297,420.0185546875,0.000992363882107441,0.009999999776482582,20,8299,,,,,,,,,,,,,,,,
2.3573808670043945,0.79296875,52.229183197021484,14.256058692932129,0.046142578125,292.57769775390625,145.596923828125,401.59454345703125,0.0009921848533421403,0.009999999776482582,20,8349,,,,,,,,,,,,,,,,
2.3567066192626953,0.78515625,54.24112319946289,14.290998458862305,0.035888671875,306.7441711425781,153.83193969726562,420.6493835449219,0.000992003766702252,0.009999999776482582,20,8399,,,,,,,,,,,,,,,,
,,,,,,,,,,20,8441,2.2297043800354004,0.8295692205429077,56.435951232910156,14.60823917388916,0.11203797906637192,288.18133544921875,150.92967224121094,403.4971923828125,,,,,,,,
,,,,,,,,,,20,8441,,,,,,,,,2.3556325435638428,0.7916861176490784,53.198524475097656,14.057984352111816,0.038040388375520706,287.7550964355469,143.77757263183594,397.0259704589844
2.369783878326416,0.8046875,54.70536422729492,13.75049114227295,0.031982421875,291.38336181640625,142.12628173828125,404.0802307128906,0.0009918206229456875,0.009999999776482582,21,8449,,,,,,,,,,,,,,,,
2.3631930351257324,0.8046875,56.03548049926758,13.845907211303711,0.043701171875,306.0136413574219,155.5455780029297,425.0077209472656,0.0009916354228389679,0.009999999776482582,21,8499,,,,,,,,,,,,,,,,
2.3370628356933594,0.7890625,53.73096466064453,14.002472877502441,0.0380859375,273.36376953125,131.60958862304688,381.3129577636719,0.0009914481671572212,0.009999999776482582,21,8549,,,,,,,,,,,,,,,,
2.3581502437591553,0.79296875,54.838653564453125,13.600279808044434,0.03857421875,281.4180603027344,140.0010528564453,393.40875244140625,0.0009912588566841783,0.009999999776482582,21,8599,,,,,,,,,,,,,,,,
2.3710403442382812,0.796875,54.13807678222656,14.541132926940918,0.037109375,303.8710632324219,145.31216430664062,417.45599365234375,0.0009910674922121705,0.009999999776482582,21,8649,,,,,,,,,,,,,,,,
2.3855597972869873,0.8046875,55.103492736816406,14.023211479187012,0.03466796875,293.90435791015625,156.48846435546875,412.3681335449219,0.0009908740745421256,0.009999999776482582,21,8699,,,,,,,,,,,,,,,,
2.3882808685302734,0.78125,53.07855987548828,14.44665813446045,0.03564453125,291.87689208984375,146.9503631591797,404.9512634277344,0.0009906786044835646,0.009999999776482582,21,8749,,,,,,,,,,,,,,,,
2.3836638927459717,0.79296875,51.66176986694336,14.33056354522705,0.035888671875,290.573974609375,141.33250427246094,400.1410827636719,0.000990481082854599,0.009999999776482582,21,8799,,,,,,,,,,,,,,,,
,,,,,,,,,,21,8843,2.205444574356079,0.8372542858123779,55.951080322265625,14.566250801086426,0.10922469943761826,284.1129455566406,150.20230102539062,401.4256286621094,,,,,,,,
,,,,,,,,,,21,8843,,,,,,,,,2.3720204830169678,0.7925703525543213,53.21199035644531,14.152130126953125,0.0361340269446373,289.0425720214844,145.82699584960938,401.7421875
2.376443386077881,0.80078125,55.77880859375,14.059272766113281,0.033935546875,293.800537109375,145.9619598388672,411.75555419921875,0.000990281510481926,0.009999999776482582,22,8849,,,,,,,,,,,,,,,,
2.3925111293792725,0.78515625,52.39868927001953,14.128106117248535,0.032958984375,269.5909118652344,138.1137237548828,381.1670837402344,0.0009900798882008272,0.009999999776482582,22,8899,,,,,,,,,,,,,,,,
2.380176544189453,0.78515625,52.24272918701172,13.882867813110352,0.036865234375,274.6620178222656,135.4031982421875,384.9530944824219,0.000989876216855162,0.009999999776482582,22,8949,,,,,,,,,,,,,,,,
2.378469467163086,0.78125,49.17815017700195,13.73799991607666,0.0311279296875,267.4638671875,124.74557495117188,370.539794921875,0.0009896704972973676,0.009999999776482582,22,8999,,,,,,,,,,,,,,,,
2.3696391582489014,0.796875,54.208377838134766,13.768939018249512,0.041259765625,298.75836181640625,150.9814453125,416.9591979980469,0.0009894627303884524,0.009999999776482582,22,9049,,,,,,,,,,,,,,,,
2.3778598308563232,0.8046875,54.76261901855469,14.320096015930176,0.037109375,297.2259521484375,149.6532745361328,415.68682861328125,0.0009892529169979946,0.009999999776482582,22,9099,,,,,,,,,,,,,,,,
2.3994174003601074,0.7890625,53.11806106567383,14.755640029907227,0.032470703125,296.460205078125,162.36349487304688,418.29547119140625,0.000989041058004137,0.009999999776482582,22,9149,,,,,,,,,,,,,,,,
2.377960205078125,0.796875,54.533626556396484,14.48408031463623,0.033935546875,294.6524353027344,160.78106689453125,417.20184326171875,0.0009888271542935847,0.009999999776482582,22,9199,,,,,,,,,,,,,,,,
,,,,,,,,,,22,9245,2.2310843467712402,0.8316603899002075,56.35929489135742,15.34630012512207,0.10814479738473892,286.5263366699219,160.16346740722656,411.1041259765625,,,,,,,,
,,,,,,,,,,22,9245,,,,,,,,,2.3869261741638184,0.79263836145401,53.30592346191406,14.265225410461426,0.03437281399965286,288.69268798828125,147.65560913085938,404.8948669433594
2.39567232131958,0.7890625,53.014400482177734,14.5377197265625,0.0260009765625,291.0232849121094,152.86732482910156,411.8147888183594,0.0009886112067615997,0.009999999776482582,23,9249,,,,,,,,,,,,,,,,
2.3919308185577393,0.8125,56.160301208496094,14.192138671875,0.0380859375,292.4852600097656,153.10035705566406,416.41314697265625,0.0009883932163119986,0.009999999776482582,23,9299,,,,,,,,,,,,,,,,
2.3789753913879395,0.7890625,52.396488189697266,14.983433723449707,0.034912109375,292.8945007324219,143.6066436767578,409.5509948730469,0.0009881731838571489,0.009999999776482582,23,9349,,,,,,,,,,,,,,,,
2.3910207748413086,0.8046875,56.38064193725586,14.175936698913574,0.04150390625,319.2061462402344,170.6383056640625,450.35870361328125,0.0009879511103179635,0.009999999776482582,23,9399,,,,,,,,,,,,,,,,
2.395369291305542,0.8125,55.0112190246582,14.650934219360352,0.037841796875,312.9568786621094,167.7229461669922,441.7679748535156,0.0009877269966238988,0.009999999776482582,23,9449,,,,,,,,,,,,,,,,
2.3891842365264893,0.79296875,51.751373291015625,14.150593757629395,0.03857421875,271.32952880859375,131.38046264648438,382.1248779296875,0.0009875008437129494,0.009999999776482582,23,9499,,,,,,,,,,,,,,,,
2.397352933883667,0.80859375,54.085716247558594,14.937795639038086,0.04345703125,298.24310302734375,161.64781188964844,423.8150939941406,0.0009872726525316452,0.009999999776482582,23,9549,,,,,,,,,,,,,,,,
2.3977558612823486,0.78515625,50.1311149597168,14.364501953125,0.030029296875,274.48004150390625,138.2490234375,386.4717712402344,0.0009870424240350471,0.009999999776482582,23,9599,,,,,,,,,,,,,,,,
,,,,,,,,,,23,9647,2.2050981521606445,0.8365224003791809,55.463436126708984,15.151848793029785,0.12661902606487274,280.890380859375,156.12156677246094,405.82635498046875,,,,,,,,
,,,,,,,,,,23,9647,,,,,,,,,2.397948741912842,0.7927841544151306,53.17835235595703,14.488783836364746,0.034151144325733185,290.077880859375,150.69876098632812,410.158203125
2.4162464141845703,0.78125,50.61964416503906,14.305642127990723,0.0283203125,285.9692687988281,144.25094604492188,403.4637145996094,0.000986810159186742,0.009999999776482582,24,9649,,,,,,,,,,,,,,,,
2.423919916152954,0.8046875,53.680240631103516,13.990419387817383,0.0277099609375,280.2700500488281,140.60430908203125,399.1971435546875,0.0009865758589588406,0.009999999776482582,24,9699,,,,,,,,,,,,,,,,
2.4105429649353027,0.8046875,53.86189651489258,14.81806468963623,0.03125,295.0845031738281,152.98162841796875,419.6988830566406,0.000986339524331972,0.009999999776482582,24,9749,,,,,,,,,,,,,,,,
2.4199345111846924,0.796875,55.20466613769531,14.353509902954102,0.0263671875,295.8643798828125,151.95164489746094,421.18609619140625,0.00098610115629528,0.009999999776482582,24,9799,,,,,,,,,,,,,,,,
2.407388210296631,0.7890625,51.505611419677734,15.192748069763184,0.03515625,284.0814208984375,151.3498992919922,405.80401611328125,0.000985860755846419,0.009999999776482582,24,9849,,,,,,,,,,,,,,,,
2.4251790046691895,0.7890625,51.40716552734375,13.98624324798584,0.02685546875,272.5735168457031,136.42784118652344,387.4691467285156,0.0009856183239915493,0.009999999776482582,24,9899,,,,,,,,,,,,,,,,
2.416445255279541,0.78515625,52.26637268066406,14.383794784545898,0.027099609375,290.4727478027344,153.3335723876953,413.43359375,0.0009853738617453338,0.009999999776482582,24,9949,,,,,,,,,,,,,,,,
2.4108641147613525,0.80078125,52.89646530151367,13.973525047302246,0.03173828125,279.6060485839844,148.6387481689453,401.09014892578125,0.000985127370130934,0.009999999776482582,24,9999,,,,,,,,,,,,,,,,
2.412921905517578,0.796875,52.11310577392578,13.92144775390625,0.0361328125,285.4601745605469,148.01414489746094,405.8794250488281,0.0009848788501800037,0.009999999776482582,24,10049,,,,,,,,,,,,,,,,
,,,,,,,,,,24,10049,2.2375190258026123,0.8323400020599365,55.07146453857422,14.621317863464355,0.10358832776546478,278.9931335449219,149.0716552734375,403.2058410644531,,,,,,,,
,,,,,,,,,,24,10049,,,,,,,,,2.41111421585083,0.7940667867660522,53.09452819824219,14.397087097167969,0.03345394507050514,288.97088623046875,150.42874145507812,411.5704040527344
2.4150590896606445,0.80078125,54.9687614440918,15.035146713256836,0.02880859375,293.3294982910156,149.8936004638672,420.59698486328125,0.0009846283029326863,0.009999999776482582,25,10099,,,,,,,,,,,,,,,,
2.419574737548828,0.8125,56.87836456298828,14.219073295593262,0.03759765625,312.8938293457031,162.34771728515625,447.13458251953125,0.000984375729437611,0.009999999776482582,25,10149,,,,,,,,,,,,,,,,
2.421576976776123,0.79296875,52.15732192993164,15.568059921264648,0.039794921875,288.4874267578125,154.7884063720703,415.29864501953125,0.0009841211307518867,0.009999999776482582,25,10199,,,,,,,,,,,,,,,,
2.420118808746338,0.80859375,54.87355041503906,14.669045448303223,0.033447265625,292.83282470703125,157.44581604003906,423.13153076171875,0.0009838645079410988,0.009999999776482582,25,10249,,,,,,,,,,,,,,,,
2.4055731296539307,0.796875,54.45698165893555,14.320140838623047,0.03369140625,307.1803894042969,163.5264129638672,439.5347900390625,0.0009836058620793045,0.009999999776482582,25,10299,,,,,,,,,,,,,,,,
2.4276959896087646,0.8125,53.0627555847168,14.84709644317627,0.03564453125,293.1966247558594,157.84423828125,421.9404296875,0.0009833451942490273,0.009999999776482582,25,10349,,,,,,,,,,,,,,,,
2.4229540824890137,0.79296875,52.420719146728516,14.42635726928711,0.038818359375,290.5775451660156,155.62368774414062,417.5184020996094,0.0009830825055412548,0.009999999776482582,25,10399,,,,,,,,,,,,,,,,
2.424884557723999,0.77734375,52.84668731689453,15.11041259765625,0.0291748046875,291.0185241699219,148.67794799804688,415.64666748046875,0.0009828177970554316,0.009999999776482582,25,10449,,,,,,,,,,,,,,,,
,,,,,,,,,,25,10451,2.2261147499084473,0.8349016904830933,55.7244758605957,15.310724258422852,0.10516323894262314,284.8786926269531,163.9788818359375,419.2353210449219,,,,,,,,
,,,,,,,,,,25,10451,,,,,,,,,2.4186556339263916,0.7948441505432129,53.142704010009766,14.582194328308105,0.0332426019012928,288.5685729980469,152.71412658691406,415.03399658203125
2.4246609210968018,0.8046875,53.492919921875,14.36478042602539,0.033203125,288.9014892578125,156.56378173828125,420.150146484375,0.0009825510698994561,0.009999999776482582,26,10499,,,,,,,,,,,,,,,,
2.4028568267822266,0.78125,49.62699890136719,14.899642944335938,0.036865234375,273.5936279296875,145.40811157226562,396.17724609375,0.0009822823251896757,0.009999999776482582,26,10549,,,,,,,,,,,,,,,,
2.426609754562378,0.8046875,54.81513214111328,15.162352561950684,0.035400390625,297.4303894042969,161.0087890625,432.36260986328125,0.0009820115640508816,0.009999999776482582,26,10599,,,,,,,,,,,,,,,,
2.426072597503662,0.8046875,53.959136962890625,14.128263473510742,0.03515625,279.7008361816406,145.70361328125,406.4241638183594,0.0009817387876163049,0.009999999776482582,26,10649,,,,,,,,,,,,,,,,
2.4208109378814697,0.796875,52.00839614868164,14.369840621948242,0.03564453125,293.7882385253906,150.93728637695312,421.0173645019531,0.0009814639970276112,0.009999999776482582,26,10699,,,,,,,,,,,,,,,,
2.430527687072754,0.79296875,52.22230911254883,15.011796951293945,0.034912109375,294.1237487792969,162.72840881347656,427.15704345703125,0.0009811871934348956,0.009999999776482582,26,10749,,,,,,,,,,,,,,,,
2.434896469116211,0.7890625,50.98849105834961,14.37760066986084,0.033203125,269.2150573730469,141.21316528320312,391.0416564941406,0.0009809083779966797,0.009999999776482582,26,10799,,,,,,,,,,,,,,,,
2.432180166244507,0.8046875,53.70149230957031,13.996772766113281,0.03369140625,281.7521057128906,148.24557495117188,409.301025390625,0.0009806275518799037,0.009999999776482582,26,10849,,,,,,,,,,,,,,,,
,,,,,,,,,,26,10853,2.2626137733459473,0.8327059745788574,54.473976135253906,14.653923988342285,0.1062643751502037,286.6161804199219,160.8801727294922,421.0195007324219,,,,,,,,
,,,,,,,,,,26,10853,,,,,,,,,2.4252073764801025,0.7956409454345703,52.8897705078125,14.457435607910156,0.03333916515111923,287.6747741699219,153.00204467773438,416.7503967285156
2.4273462295532227,0.79296875,51.525028228759766,14.391319274902344,0.0322265625,280.24615478515625,146.46011352539062,407.6603698730469,0.0009803447162599246,0.009999999776482582,27,10899,,,,,,,,,,,,,,,,
2.4271202087402344,0.8125,54.674652099609375,14.547494888305664,0.034912109375,289.67388916015625,152.5239715576172,423.1626281738281,0.0009800598723205085,0.009999999776482582,27,10949,,,,,,,,,,,,,,,,
2.422247886657715,0.796875,52.328704833984375,14.754436492919922,0.03515625,291.4216003417969,150.34022521972656,421.62652587890625,0.0009797730212538283,0.009999999776482582,27,10999,,,,,,,,,,,,,,,,
2.434406280517578,0.7890625,52.50220489501953,14.216644287109375,0.0284423828125,273.2677307128906,143.49952697753906,400.1883239746094,0.000979484164260457,0.009999999776482582,27,11049,,,,,,,,,,,,,,,,
2.434420108795166,0.79296875,52.641685485839844,14.129741668701172,0.0322265625,269.84271240234375,141.15029907226562,395.77362060546875,0.0009791933025493627,0.009999999776482582,27,11099,,,,,,,,,,,,,,,,
2.4260947704315186,0.7890625,52.9268684387207,15.16915512084961,0.0322265625,287.5811462402344,149.37562561035156,418.1168518066406,0.0009789004373379048,0.009999999776482582,27,11149,,,,,,,,,,,,,,,,
2.4371094703674316,0.79296875,53.96487045288086,14.254293441772461,0.0311279296875,291.53875732421875,147.57923889160156,421.85003662109375,0.0009786055698518268,0.009999999776482582,27,11199,,,,,,,,,,,,,,,,
2.442237138748169,0.78125,48.91183853149414,15.058320045471191,0.03466796875,289.53857421875,174.4638671875,427.71002197265625,0.0009783087013252537,0.009999999776482582,27,11249,,,,,,,,,,,,,,,,
,,,,,,,,,,27,11255,2.25716495513916,0.8349016904830933,55.72167205810547,15.188750267028809,0.10642530024051666,288.089111328125,167.11293029785156,429.82623291015625,,,,,,,,
,,,,,,,,,,27,11255,,,,,,,,,2.4285480976104736,0.7959907650947571,52.62979507446289,14.524184226989746,0.03350982069969177,286.73248291015625,153.55819702148438,418.6302490234375
2.4277920722961426,0.78515625,52.248497009277344,15.079070091247559,0.032958984375,285.1004333496094,152.60621643066406,419.2149353027344,0.0009780098330006849,0.009999999776482582,28,11299,,,,,,,,,,,,,,,,
2.418635845184326,0.7890625,52.10695266723633,14.223624229431152,0.02783203125,259.4779357910156,137.54827880859375,385.7581787109375,0.0009777089661289896,0.009999999776482582,28,11349,,,,,,,,,,,,,,,,
2.4493050575256348,0.796875,51.944580078125,14.212105751037598,0.0272216796875,267.7089538574219,138.2780303955078,394.1811828613281,0.000977406101969402,0.009999999776482582,28,11399,,,,,,,,,,,,,,,,
2.43858003616333,0.78515625,51.91181945800781,14.812320709228516,0.029296875,290.66888427734375,157.21884155273438,426.5435485839844,0.0009771012417895155,0.009999999776482582,28,11449,,,,,,,,,,,,,,,,
2.423750162124634,0.8046875,54.63318634033203,14.599700927734375,0.03662109375,290.3323669433594,164.12754821777344,432.1916809082031,0.0009767943868652775,0.009999999776482582,28,11499,,,,,,,,,,,,,,,,
2.4304027557373047,0.796875,51.46532440185547,15.247529029846191,0.036376953125,280.442626953125,146.74041748046875,411.0353698730469,0.000976485538480984,0.009999999776482582,28,11549,,,,,,,,,,,,,,,,
2.4325807094573975,0.796875,53.687625885009766,14.153241157531738,0.03515625,286.6376953125,148.2078094482422,419.6318664550781,0.0009761746979292746,0.009999999776482582,28,11599,,,,,,,,,,,,,,,,
2.43605637550354,0.796875,53.700523376464844,14.629697799682617,0.03125,291.9419860839844,158.69296264648438,430.2432556152344,0.0009758618665111263,0.009999999776482582,28,11649,,,,,,,,,,,,,,,,
,,,,,,,,,,28,11657,2.2476189136505127,0.836679220199585,53.78970718383789,15.03354549407959,0.10312598198652267,277.17901611328125,157.91738891601562,415.5015563964844,,,,,,,,
,,,,,,,,,,28,11657,,,,,,,,,2.428312301635742,0.7970110177993774,52.5062141418457,14.680269241333008,0.03431025892496109,285.7167053222656,154.27853393554688,420.7176208496094
2.423091173171997,0.796875,53.231197357177734,15.624016761779785,0.03369140625,294.7253723144531,158.90966796875,436.0539855957031,0.0009755470455358496,0.009999999776482582,29,11699,,,,,,,,,,,,,,,,
2.400475025177002,0.8046875,54.00120544433594,14.614044189453125,0.040283203125,293.7368469238281,154.77767944335938,433.27886962890625,0.0009752302363210809,0.009999999776482582,29,11749,,,,,,,,,,,,,,,,
2.4052658081054688,0.78515625,50.65047836303711,14.685483932495117,0.036865234375,264.7747802734375,146.3072967529297,396.7436828613281,0.0009749114401927787,0.009999999776482582,29,11799,,,,,,,,,,,,,,,,
2.4245219230651855,0.8125,54.14927673339844,15.028519630432129,0.030029296875,290.70977783203125,159.28842163085938,432.8600769042969,0.0009745906584852172,0.009999999776482582,29,11849,,,,,,,,,,,,,,,,
2.4237987995147705,0.796875,52.3896484375,14.203380584716797,0.037353515625,285.14422607421875,155.69793701171875,423.3187561035156,0.000974267892540981,0.009999999776482582,29,11899,,,,,,,,,,,,,,,,
2.415623426437378,0.8046875,53.56705093383789,14.408759117126465,0.03857421875,289.6072692871094,157.6461181640625,430.0450134277344,0.0009739431437109596,0.009999999776482582,29,11949,,,,,,,,,,,,,,,,
2.4433038234710693,0.80078125,52.86433410644531,15.549825668334961,0.0301513671875,297.3962097167969,168.2775421142578,443.0051574707031,0.0009736164133543414,0.009999999776482582,29,11999,,,,,,,,,,,,,,,,
2.4186038970947266,0.8046875,51.245399475097656,14.285383224487305,0.0400390625,295.12371826171875,160.97445678710938,434.8437805175781,0.0009732877028386081,0.009999999776482582,29,12049,,,,,,,,,,,,,,,,
,,,,,,,,,,29,12059,2.2499313354492188,0.8353722095489502,53.14780807495117,14.778063774108887,0.11696857959032059,276.7100524902344,156.11155700683594,416.25494384765625,,,,,,,,
,,,,,,,,,,29,12059,,,,,,,,,2.425348997116089,0.7973608374595642,51.93382263183594,14.783414840698242,0.035278014838695526,283.0973815917969,155.3485870361328,420.92999267578125
2.43438720703125,0.80859375,52.48542022705078,14.415678977966309,0.031494140625,269.22601318359375,149.2219696044922,404.370361328125,0.0009729570135395294,0.009999999776482582,30,12099,,,,,,,,,,,,,,,,
2.4088282585144043,0.80078125,52.218162536621094,14.665608406066895,0.03857421875,284.8840026855469,155.87020874023438,423.20941162109375,0.0009726243468411562,0.009999999776482582,30,12149,,,,,,,,,,,,,,,,
2.4198625087738037,0.79296875,52.00718688964844,14.448944091796875,0.037109375,283.060302734375,151.87245178222656,419.0582580566406,0.0009722897041358166,0.009999999776482582,30,12199,,,,,,,,,,,,,,,,
2.4267940521240234,0.80859375,54.39075469970703,14.051450729370117,0.03564453125,281.08111572265625,148.4179229736328,417.55078125,0.000971953086824108,0.009999999776482582,30,12249,,,,,,,,,,,,,,,,
2.420921802520752,0.80859375,53.54125213623047,14.369070053100586,0.038330078125,294.3599548339844,157.41976928710938,434.6425476074219,0.0009716144963148928,0.009999999776482582,30,12299,,,,,,,,,,,,,,,,
2.4340579509735107,0.7890625,50.48041915893555,14.680000305175781,0.035888671875,261.3651428222656,142.44882202148438,391.23492431640625,0.0009712739340252917,0.009999999776482582,30,12349,,,,,,,,,,,,,,,,
2.4204564094543457,0.7890625,50.19175338745117,15.213404655456543,0.036865234375,275.4073791503906,151.93002319335938,409.99676513671875,0.0009709314013806781,0.009999999776482582,30,12399,,,,,,,,,,,,,,,,
2.4327025413513184,0.8046875,52.86764907836914,14.809615135192871,0.039306640625,288.59393310546875,160.27792358398438,429.849365234375,0.0009705868998146718,0.009999999776482582,30,12449,,,,,,,,,,,,,,,,
,,,,,,,,,,30,12461,2.2303097248077393,0.8316603899002075,53.1737174987793,15.610346794128418,0.10354012995958328,278.9323425292969,163.31878662109375,422.50592041015625,,,,,,,,
,,,,,,,,,,30,12461,,,,,,,,,2.42147159576416,0.7964377403259277,51.282310485839844,14.718994140625,0.03616621345281601,279.47686767578125,154.23228454589844,416.0673828125
2.428398847579956,0.79296875,50.09400939941406,14.788971900939941,0.039306640625,273.048583984375,148.7131805419922,405.7259521484375,0.0009702404307691337,0.009999999776482582,31,12499,,,,,,,,,,,,,,,,
2.4252052307128906,0.7890625,49.12504577636719,15.175884246826172,0.03515625,277.17645263671875,162.2460479736328,415.836669921875,0.0009698919956941586,0.009999999776482582,31,12549,,,,,,,,,,,,,,,,
2.436744451522827,0.7890625,50.2533073425293,14.585001945495605,0.03173828125,271.0740966796875,149.30667114257812,404.0940246582031,0.0009695415960480705,0.009999999776482582,31,12599,,,,,,,,,,,,,,,,
2.4125194549560547,0.796875,49.71585464477539,14.81497573852539,0.041748046875,275.9047546386719,153.4701690673828,410.601806640625,0.0009691892332974154,0.009999999776482582,31,12649,,,,,,,,,,,,,,,,
2.428176164627075,0.8046875,51.86676788330078,14.95427417755127,0.03759765625,274.0586853027344,148.92405700683594,408.7069091796875,0.0009688349089169558,0.009999999776482582,31,12699,,,,,,,,,,,,,,,,
2.415001392364502,0.796875,53.05359649658203,15.063631057739258,0.043701171875,285.44580078125,157.6917724609375,425.7176818847656,0.0009684786243896644,0.009999999776482582,31,12749,,,,,,,,,,,,,,,,
2.4028091430664062,0.8046875,51.573577880859375,14.37155818939209,0.037353515625,281.4664611816406,165.34762573242188,423.7416687011719,0.0009681203812067174,0.009999999776482582,31,12799,,,,,,,,,,,,,,,,
2.425856828689575,0.80078125,52.75303649902344,14.8832426071167,0.03466796875,266.8111267089844,142.54733276367188,399.1148681640625,0.0009677601808674891,0.009999999776482582,31,12849,,,,,,,,,,,,,,,,
,,,,,,,,,,31,12863,2.2476861476898193,0.836888313293457,52.724143981933594,15.34250545501709,0.10540013015270233,276.9316711425781,163.05503845214844,419.79681396484375,,,,,,,,
,,,,,,,,,,31,12863,,,,,,,,,2.420875072479248,0.7975649237632751,51.00901794433594,14.922146797180176,0.03616166114807129,278.17645263671875,156.32980346679688,415.6451416015625
2.408050060272217,0.8046875,50.99024963378906,14.964957237243652,0.039794921875,288.36480712890625,154.9198455810547,425.1419372558594,0.0009673980248795447,0.009999999776482582,32,12899,,,,,,,,,,,,,,,,
2.420370101928711,0.7890625,50.748634338378906,14.98510456085205,0.0341796875,268.16070556640625,143.5714874267578,399.0108642578125,0.0009670339147586352,0.009999999776482582,32,12949,,,,,,,,,,,,,,,,
2.432307243347168,0.79296875,48.136993408203125,15.171076774597168,0.03564453125,260.6287536621094,153.0485076904297,393.70416259765625,0.0009666678520286897,0.009999999776482582,32,12999,,,,,,,,,,,,,,,,
2.4248509407043457,0.80078125,52.95056915283203,15.382084846496582,0.041015625,290.3772277832031,168.85296630859375,436.287109375,0.0009662998382218099,0.009999999776482582,32,13049,,,,,,,,,,,,,,,,
2.4079084396362305,0.796875,49.69108963012695,14.887127876281738,0.042724609375,271.354248046875,149.87791442871094,404.2674560546875,0.0009659298748782634,0.009999999776482582,32,13099,,,,,,,,,,,,,,,,
2.4010210037231445,0.78125,47.5233154296875,14.911553382873535,0.0419921875,276.41864013671875,151.73797607421875,408.0899658203125,0.0009655579635464774,0.009999999776482582,32,13149,,,,,,,,,,,,,,,,
2.4010009765625,0.8046875,51.613590240478516,15.005373001098633,0.042724609375,305.6011657714844,192.92034912109375,462.0250244140625,0.000965184105783032,0.009999999776482582,32,13199,,,,,,,,,,,,,,,,
2.427798271179199,0.79296875,50.584625244140625,14.946370124816895,0.031494140625,268.97698974609375,164.69728088378906,410.2078857421875,0.0009648083031526537,0.009999999776482582,32,13249,,,,,,,,,,,,,,,,
,,,,,,,,,,32,13265,2.205477714538574,0.8328105211257935,52.0303955078125,15.785259246826172,0.10543934255838394,266.6169128417969,159.85719299316406,407.40679931640625,,,,,,,,
,,,,,,,,,,32,13265,,,,,,,,,2.417490243911743,0.7976717948913574,50.87755584716797,15.074857711791992,0.03689590469002724,277.1589660644531,158.4442596435547,415.63067626953125
2.410482406616211,0.8046875,51.00375747680664,15.346887588500977,0.0390625,282.5406494140625,170.44668579101562,427.284912109375,0.0009644305572282095,0.009999999776482582,33,13299,,,,,,,,,,,,,,,,
2.4110300540924072,0.8046875,51.04042053222656,15.173056602478027,0.037109375,270.56561279296875,162.38726806640625,411.2279968261719,0.000964050869590699,0.009999999776482582,33,13349,,,,,,,,,,,,,,,,
2.423243284225464,0.796875,49.64802169799805,15.587621688842773,0.039794921875,281.1715087890625,160.89669799804688,419.89837646484375,0.000963669241829249,0.009999999776482582,33,13399,,,,,,,,,,,,,,,,
2.4082248210906982,0.80078125,50.94904708862305,15.243496894836426,0.04296875,283.9619140625,166.9404754638672,426.8467102050781,0.0009632856755411064,0.009999999776482582,33,13449,,,,,,,,,,,,,,,,
2.403373956680298,0.78515625,50.031982421875,15.184858322143555,0.037353515625,278.5252380371094,163.58123779296875,418.7627868652344,0.0009629001723316313,0.009999999776482582,33,13499,,,,,,,,,,,,,,,,
2.4236626625061035,0.80078125,49.227088928222656,15.7075834274292,0.037353515625,262.71417236328125,159.72140502929688,400.493896484375,0.0009625127338142909,0.009999999776482582,33,13549,,,,,,,,,,,,,,,,
2.4260048866271973,0.80078125,51.343441009521484,15.369815826416016,0.0380859375,280.3826599121094,159.8726806640625,420.18621826171875,0.0009621233616106519,0.009999999776482582,33,13599,,,,,,,,,,,,,,,,
2.4223995208740234,0.796875,49.49508285522461,15.761232376098633,0.03857421875,276.6966247558594,165.99676513671875,417.9061584472656,0.0009617320573503744,0.009999999776482582,33,13649,,,,,,,,,,,,,,,,
,,,,,,,,,,33,13667,2.2127904891967773,0.8380385041236877,51.937782287597656,15.412630081176758,0.11410955339670181,269.2406005859375,163.3363800048828,411.5050048828125,,,,,,,,
,,,,,,,,,,33,13667,,,,,,,,,2.415118455886841,0.7991682291030884,50.64236831665039,15.183714866638184,0.037520527839660645,274.82257080078125,159.6044921875,413.6957702636719
2.41890811920166,0.80078125,50.52727127075195,15.021441459655762,0.03759765625,270.0843811035156,167.58963012695312,412.7555847167969,0.0009613388226712045,0.009999999776482582,34,13699,,,,,,,,,,,,,,,,
2.4025444984436035,0.78515625,49.42759323120117,14.79741382598877,0.036865234375,276.1315002441406,161.96253967285156,414.7610778808594,0.0009609436592189688,0.009999999776482582,34,13749,,,,,,,,,,,,,,,,
2.4076485633850098,0.796875,50.4033088684082,14.930693626403809,0.039794921875,264.17523193359375,155.0677947998047,400.4144592285156,0.0009605465686475652,0.009999999776482582,34,13799,,,,,,,,,,,,,,,,
2.4105398654937744,0.796875,49.193695068359375,14.302680015563965,0.033447265625,264.7735290527344,164.48963928222656,404.1936950683594,0.0009601475526189579,0.009999999776482582,34,13849,,,,,,,,,,,,,,,,
2.417703866958618,0.796875,50.50602722167969,14.886041641235352,0.03759765625,268.8094787597656,164.93997192382812,410.06298828125,0.0009597466128031698,0.009999999776482582,34,13899,,,,,,,,,,,,,,,,
2.4249629974365234,0.796875,48.74478530883789,15.315655708312988,0.03759765625,277.6938171386719,169.67340087890625,419.7676086425781,0.0009593437508782757,0.009999999776482582,34,13949,,,,,,,,,,,,,,,,
2.40923810005188,0.796875,49.60274887084961,16.076093673706055,0.039794921875,273.4296875,158.86209106445312,411.33819580078125,0.0009589389685303946,0.009999999776482582,34,13999,,,,,,,,,,,,,,,,
2.4174983501434326,0.8046875,50.974571228027344,14.916030883789062,0.038330078125,277.10791015625,163.78555297851562,418.2762756347656,0.0009585322674536834,0.009999999776482582,34,14049,,,,,,,,,,,,,,,,
,,,,,,,,,,34,14069,2.180225133895874,0.8385089635848999,51.74827194213867,15.685408592224121,0.10991903394460678,260.50115966796875,157.0144805908203,399.5478210449219,,,,,,,,
,,,,,,,,,,34,14069,,,,,,,,,2.415753126144409,0.7997123599052429,50.15409851074219,15.293052673339844,0.03688011318445206,271.5264587402344,161.05215454101562,410.68975830078125
2.403733491897583,0.79296875,51.164451599121094,15.20081615447998,0.03369140625,283.3426818847656,158.17376708984375,422.0210876464844,0.00095812364935033,0.009999999776482582,35,14099,,,,,,,,,,,,,,,,
2.4187636375427246,0.80078125,49.96990203857422,14.968606948852539,0.03857421875,264.01318359375,167.67185974121094,406.1426696777344,0.000957713115930545,0.009999999776482582,35,14149,,,,,,,,,,,,,,,,
2.41515851020813,0.80078125,51.37477493286133,15.143697738647461,0.0322265625,274.2117004394531,177.45730590820312,422.7200012207031,0.0009573006689125557,0.009999999776482582,35,14199,,,,,,,,,,,,,,,,
2.4105844497680664,0.80078125,49.44989776611328,15.289134979248047,0.03515625,267.0824279785156,168.75152587890625,409.38861083984375,0.0009568863100225984,0.009999999776482582,35,14249,,,,,,,,,,,,,,,,
2.4103705883026123,0.8046875,49.790889739990234,14.98129653930664,0.03759765625,279.27447509765625,174.17825317382812,424.4874267578125,0.0009564700409949111,0.009999999776482582,35,14299,,,,,,,,,,,,,,,,
2.4159202575683594,0.8046875,51.875099182128906,15.92809009552002,0.031982421875,278.7169494628906,166.96551513671875,422.8755187988281,0.0009560518635717269,0.009999999776482582,35,14349,,,,,,,,,,,,,,,,
2.428101062774658,0.80078125,49.855342864990234,14.810833930969238,0.0361328125,264.88037109375,150.3861846923828,398.171142578125,0.0009556317795032654,0.009999999776482582,35,14399,,,,,,,,,,,,,,,,
2.4346446990966797,0.79296875,49.989192962646484,15.1030855178833,0.037841796875,246.87533569335938,141.72137451171875,376.1075744628906,0.000955209790547727,0.009999999776482582,35,14449,,,,,,,,,,,,,,,,
,,,,,,,,,,35,14471,2.190511465072632,0.8369929194450378,52.609310150146484,16.126258850097656,0.11353611201047897,265.51617431640625,166.63775634765625,410.45806884765625,,,,,,,,
,,,,,,,,,,35,14471,,,,,,,,,2.418158769607544,0.800956130027771,49.958580017089844,15.361981391906738,0.036650851368904114,270.181640625,163.0868682861328,410.2021484375
2.4114694595336914,0.8046875,50.5917854309082,15.236556053161621,0.0361328125,278.3794250488281,167.0875701904297,420.9740905761719,0.0009547858984712843,0.009999999776482582,36,14499,,,,,,,,,,,,,,,,
2.428992509841919,0.79296875,47.62453079223633,15.348036766052246,0.040283203125,253.7853546142578,154.7726287841797,387.303466796875,0.0009543601050480751,0.009999999776482582,36,14549,,,,,,,,,,,,,,,,
2.422245979309082,0.8046875,50.607086181640625,15.000387191772461,0.032958984375,278.0928039550781,166.23854064941406,420.156982421875,0.0009539324120601951,0.009999999776482582,36,14599,,,,,,,,,,,,,,,,
2.4109296798706055,0.80078125,51.03041458129883,15.89427375793457,0.03515625,282.1639099121094,164.77232360839844,424.3635559082031,0.0009535028212976905,0.009999999776482582,36,14649,,,,,,,,,,,,,,,,
2.4181127548217773,0.8046875,50.28120803833008,15.283077239990234,0.035888671875,269.0084228515625,163.27708435058594,409.4102783203125,0.0009530713345585501,0.009999999776482582,36,14699,,,,,,,,,,,,,,,,
2.4217143058776855,0.80078125,51.294456481933594,15.540691375732422,0.036865234375,271.3811340332031,163.51539611816406,413.041259765625,0.000952637953648698,0.009999999776482582,36,14749,,,,,,,,,,,,,,,,
2.4218125343322754,0.796875,50.973289489746094,15.896849632263184,0.0303955078125,263.8863830566406,169.52557373046875,408.3981628417969,0.0009522026803819865,0.009999999776482582,36,14799,,,,,,,,,,,,,,,,
2.4161200523376465,0.81640625,51.44475555419922,15.068044662475586,0.03662109375,282.53369140625,179.47653198242188,432.1037902832031,0.0009517655165801876,0.009999999776482582,36,14849,,,,,,,,,,,,,,,,
,,,,,,,,,,36,14873,2.1894381046295166,0.8396068811416626,52.42814636230469,15.930716514587402,0.10139912366867065,259.6475830078125,157.86529541015625,399.9146728515625,,,,,,,,
,,,,,,,,,,36,14873,,,,,,,,,2.419754981994629,0.8017918467521667,50.032249450683594,15.399604797363281,0.03629344701766968,269.2231750488281,163.50929260253906,409.5481262207031
2.419231414794922,0.79296875,48.04716110229492,15.094396591186523,0.03662109375,253.98570251464844,157.43475341796875,389.12701416015625,0.0009513264640729862,0.009999999776482582,37,14899,,,,,,,,,,,,,,,,
2.4358811378479004,0.80078125,50.1103401184082,14.890345573425293,0.035400390625,261.8232727050781,153.26039123535156,396.84515380859375,0.0009508855246979716,0.009999999776482582,37,14949,,,,,,,,,,,,,,,,
2.419917345046997,0.796875,49.766334533691406,15.399324417114258,0.033203125,257.8584289550781,144.54949951171875,388.42926025390625,0.0009504427003006312,0.009999999776482582,37,14999,,,,,,,,,,,,,,,,
2.423889398574829,0.796875,49.83232116699219,15.202765464782715,0.03662109375,270.709228515625,159.4556427001953,408.7042541503906,0.000949997992734341,0.009999999776482582,37,15049,,,,,,,,,,,,,,,,
2.4273836612701416,0.80078125,50.550689697265625,14.954191207885742,0.0322265625,277.5323181152344,172.8542938232422,422.82025146484375,0.0009495514038603591,0.009999999776482582,37,15099,,,,,,,,,,,,,,,,
2.410335063934326,0.79296875,48.8823356628418,15.255470275878906,0.030517578125,270.2894592285156,158.008544921875,406.6272888183594,0.0009491029355478176,0.009999999776482582,37,15149,,,,,,,,,,,,,,,,
2.4002082347869873,0.80859375,50.65795135498047,15.135297775268555,0.034912109375,263.02752685546875,167.71038818359375,405.95184326171875,0.0009486525896737143,0.009999999776482582,37,15199,,,,,,,,,,,,,,,,
2.396193742752075,0.7890625,49.099544525146484,15.793109893798828,0.041259765625,255.83615112304688,155.6099395751953,391.467529296875,0.0009482003681229061,0.009999999776482582,37,15249,,,,,,,,,,,,,,,,
,,,,,,,,,,37,15275,2.1617419719696045,0.8342220783233643,52.052085876464844,16.82471466064453,0.10064434260129929,262.52923583984375,169.5178985595703,408.68743896484375,,,,,,,,
,,,,,,,,,,37,15275,,,,,,,,,2.4193458557128906,0.8015586137771606,49.90119552612305,15.423192977905273,0.03536881133913994,267.4952697753906,163.6226043701172,407.75640869140625
2.4142937660217285,0.80078125,49.641441345214844,16.5396671295166,0.0380859375,269.6170349121094,176.81028747558594,416.7723388671875,0.0009477462727880993,0.009999999776482582,38,15299,,,,,,,,,,,,,,,,
2.431025981903076,0.8046875,51.342830657958984,15.294334411621094,0.0322265625,275.44732666015625,167.09149169921875,418.8199768066406,0.0009472903055698432,0.009999999776482582,38,15349,,,,,,,,,,,,,,,,
2.4363598823547363,0.80078125,50.39505386352539,15.202535629272461,0.03515625,268.1188049316406,162.8153839111328,408.3587646484375,0.0009468324683765217,0.009999999776482582,38,15399,,,,,,,,,,,,,,,,
2.4193267822265625,0.80078125,48.7614860534668,15.48857307434082,0.033203125,257.2890319824219,147.39083862304688,388.3241882324219,0.0009463727631243448,0.009999999776482582,38,15449,,,,,,,,,,,,,,,,
2.3925576210021973,0.81640625,51.19908142089844,16.18792152404785,0.04248046875,267.397705078125,155.06222534179688,405.08074951171875,0.000945911191737341,0.009999999776482582,38,15499,,,,,,,,,,,,,,,,
2.3935599327087402,0.7890625,48.45384979248047,16.31481170654297,0.0311279296875,274.3408508300781,178.2534942626953,420.8990478515625,0.0009454477561473497,0.009999999776482582,38,15549,,,,,,,,,,,,,,,,
2.4194769859313965,0.78125,50.54904556274414,15.59933853149414,0.03564453125,278.42620849609375,173.15228271484375,424.16796875,0.0009449824582940125,0.009999999776482582,38,15599,,,,,,,,,,,,,,,,
2.4285364151000977,0.8203125,50.78675842285156,15.076218605041504,0.040771484375,270.3257751464844,165.23587036132812,412.1296691894531,0.0009445153001247645,0.009999999776482582,38,15649,,,,,,,,,,,,,,,,
,,,,,,,,,,38,15677,2.166273355484009,0.837358832359314,52.19028854370117,16.851659774780273,0.10433820635080338,264.47406005859375,178.34100341796875,415.2024230957031,,,,,,,,
,,,,,,,,,,38,15677,,,,,,,,,2.4182186126708984,0.8006840944290161,49.657745361328125,15.74571704864502,0.0356026254594326,268.8332214355469,168.24227905273438,411.3210754394531
2.393681764602661,0.79296875,47.71113586425781,16.38730239868164,0.03271484375,252.3984832763672,165.2490692138672,391.75347900390625,0.0009440462835948278,0.009999999776482582,39,15699,,,,,,,,,,,,,,,,
2.425912857055664,0.80078125,48.129878997802734,15.6900634765625,0.032958984375,262.21856689453125,166.75701904296875,402.4057312011719,0.0009435754106672022,0.009999999776482582,39,15749,,,,,,,,,,,,,,,,
2.410971164703369,0.8125,51.009708404541016,15.439977645874023,0.037109375,280.0032043457031,171.2954864501953,425.2302551269531,0.0009431026833126569,0.009999999776482582,39,15799,,,,,,,,,,,,,,,,
2.4251036643981934,0.80859375,52.32954406738281,15.722643852233887,0.03662109375,263.95648193359375,165.26171875,407.6234130859375,0.0009426281035097226,0.009999999776482582,39,15849,,,,,,,,,,,,,,,,
2.4261631965637207,0.8046875,49.41936111450195,14.808418273925781,0.031982421875,271.7767028808594,169.22128295898438,414.0475769042969,0.0009421516732446833,0.009999999776482582,39,15899,,,,,,,,,,,,,,,,
2.416757345199585,0.79296875,48.4304084777832,15.447689056396484,0.02880859375,258.7526550292969,160.42892456054688,395.943115234375,0.0009416733945115679,0.009999999776482582,39,15949,,,,,,,,,,,,,,,,
2.4158573150634766,0.79296875,49.0281982421875,16.63881492614746,0.03369140625,281.0043640136719,174.82754516601562,426.5924072265625,0.0009411932693121413,0.009999999776482582,39,15999,,,,,,,,,,,,,,,,
2.424757242202759,0.796875,47.89176559448242,15.859109878540039,0.0390625,240.2455596923828,150.3389129638672,372.072265625,0.000940711299655897,0.009999999776482582,39,16049,,,,,,,,,,,,,,,,
,,,,,,,,,,39,16079,2.129657030105591,0.836051881313324,51.6013298034668,16.71819496154785,0.10493125021457672,255.6097412109375,164.66004943847656,398.8411865234375,,,,,,,,
,,,,,,,,,,39,16079,,,,,,,,,2.418344736099243,0.8004314303398132,49.64693069458008,15.79467487335205,0.034990452229976654,268.58843994140625,169.27008056640625,411.6031494140625
2.432464838027954,0.79296875,48.10768127441406,16.936647415161133,0.02783203125,253.95936584472656,154.5836639404297,388.64801025390625,0.0009402274875600481,0.009999999776482582,40,16099,,,,,,,,,,,,,,,,
2.3871729373931885,0.80078125,49.819091796875,14.570806503295898,0.037353515625,223.55641174316406,135.5338134765625,349.26593017578125,0.0009397418350495189,0.009999999776482582,40,16149,,,,,,,,,,,,,,,,
2.4222803115844727,0.80859375,50.84346389770508,15.538111686706543,0.035888671875,282.75604248046875,178.2732696533203,431.34967041015625,0.0009392543441569366,0.009999999776482582,40,16199,,,,,,,,,,,,,,,,
2.400876045227051,0.7890625,47.542476654052734,16.131479263305664,0.031005859375,274.3851318359375,167.7226104736328,414.6747131347656,0.0009387650169226224,0.009999999776482582,40,16249,,,,,,,,,,,,,,,,
2.4138593673706055,0.8046875,49.52308654785156,15.993730545043945,0.03515625,267.343994140625,172.74850463867188,412.07806396484375,0.0009382738553945835,0.009999999776482582,40,16299,,,,,,,,,,,,,,,,
2.418262004852295,0.796875,50.04259490966797,15.610020637512207,0.0361328125,289.9270935058594,184.52137756347656,440.8683776855469,0.0009377808616285044,0.009999999776482582,40,16349,,,,,,,,,,,,,,,,
2.416604995727539,0.80078125,50.70909118652344,15.992547988891602,0.035400390625,286.5113525390625,186.12831115722656,439.1170349121094,0.0009372860376877377,0.009999999776482582,40,16399,,,,,,,,,,,,,,,,
2.416904926300049,0.79296875,48.499942779541016,16.257183074951172,0.035400390625,260.277587890625,166.63194274902344,401.05047607421875,0.0009367893856432961,0.009999999776482582,40,16449,,,,,,,,,,,,,,,,
,,,,,,,,,,40,16481,2.145291566848755,0.8304057121276855,52.52307891845703,17.217607498168945,0.10193907469511032,260.9317626953125,171.4202117919922,408.7060546875,,,,,,,,
,,,,,,,,,,40,16481,,,,,,,,,2.4152493476867676,0.8004800081253052,49.51679611206055,15.93021011352539,0.0353405699133873,268.9355163574219,171.39764404296875,412.9519958496094
2.4296116828918457,0.79296875,49.63359832763672,15.777493476867676,0.03369140625,258.8827819824219,158.31776428222656,396.3906555175781,0.0009362909075738438,0.009999999776482582,41,16499,,,,,,,,,,,,,,,,
2.3948140144348145,0.81640625,50.9990234375,15.876482963562012,0.03466796875,290.6178894042969,203.95823669433594,452.3853454589844,0.0009357906055656875,0.009999999776482582,41,16549,,,,,,,,,,,,,,,,
2.3906097412109375,0.80859375,49.982398986816406,15.085038185119629,0.0361328125,241.29249572753906,147.6624755859375,373.49334716796875,0.0009352884817127673,0.009999999776482582,41,16599,,,,,,,,,,,,,,,,
2.402127265930176,0.796875,49.42017364501953,15.878464698791504,0.036865234375,270.6570129394531,173.76705932617188,415.7336730957031,0.0009347845381166489,0.009999999776482582,41,16649,,,,,,,,,,,,,,,,
2.392320156097412,0.80078125,47.737064361572266,16.116668701171875,0.033935546875,257.00799560546875,151.77731323242188,389.52679443359375,0.0009342787768865141,0.009999999776482582,41,16699,,,,,,,,,,,,,,,,
2.3856825828552246,0.79296875,48.196563720703125,16.239418029785156,0.03564453125,251.98077392578125,167.22970581054688,392.74053955078125,0.0009337712001391519,0.009999999776482582,41,16749,,,,,,,,,,,,,,,,
2.4031643867492676,0.79296875,48.37459182739258,15.642510414123535,0.03466796875,274.9351501464844,162.9031524658203,413.41021728515625,0.0009332618099989502,0.009999999776482582,41,16799,,,,,,,,,,,,,,,,
2.401844024658203,0.78515625,47.63368606567383,15.538995742797852,0.0400390625,246.72067260742188,146.2357635498047,376.06695556640625,0.0009327506085978865,0.009999999776482582,41,16849,,,,,,,,,,,,,,,,
,,,,,,,,,,41,16883,2.1127772331237793,0.8285759091377258,53.148521423339844,17.267433166503906,0.10910053551197052,250.01280212402344,163.66905212402344,394.5673522949219,,,,,,,,
,,,,,,,,,,41,16883,,,,,,,,,2.410102605819702,0.79979008436203,49.38591766357422,15.758234024047852,0.03581184521317482,264.1490173339844,167.40484619140625,405.9519958496094
2.3730955123901367,0.79296875,47.07035827636719,15.119904518127441,0.03759765625,237.87109375,142.0143280029297,364.3391418457031,0.0009322375980755188,0.009999999776482582,42,16899,,,,,,,,,,,,,,,,
2.4082179069519043,0.78125,45.56795883178711,15.966863632202148,0.02978515625,243.2937469482422,144.43092346191406,369.87164306640625,0.0009317227805789775,0.009999999776482582,42,16949,,,,,,,,,,,,,,,,
2.395576000213623,0.8046875,49.72236633300781,16.485933303833008,0.038330078125,283.7524719238281,205.97750854492188,445.549560546875,0.0009312061582629553,0.009999999776482582,42,16999,,,,,,,,,,,,,,,,
2.419261932373047,0.8046875,49.66603469848633,15.62829303741455,0.037109375,260.5965881347656,156.978515625,397.4078369140625,0.0009306877332896987,0.009999999776482582,42,17049,,,,,,,,,,,,,,,,
2.3352339267730713,0.79296875,48.01539611816406,16.0216007232666,0.041259765625,239.33607482910156,153.87789916992188,373.13543701171875,0.0009301675078289993,0.009999999776482582,42,17099,,,,,,,,,,,,,,,,
2.3700203895568848,0.80078125,48.92397689819336,15.45845890045166,0.033935546875,252.53038024902344,162.6564483642578,391.3465270996094,0.000929645484058184,0.009999999776482582,42,17149,,,,,,,,,,,,,,,,
2.3960061073303223,0.79296875,49.068870544433594,16.88745880126953,0.04052734375,278.0823974609375,189.91458129882812,431.3857727050781,0.0009291216641621067,0.009999999776482582,42,17199,,,,,,,,,,,,,,,,
2.4028561115264893,0.796875,47.4797477722168,15.61619758605957,0.038818359375,248.89393615722656,158.96731567382812,384.5011291503906,0.0009285960503331387,0.009999999776482582,42,17249,,,,,,,,,,,,,,,,
,,,,,,,,,,42,17285,2.0950613021850586,0.836104154586792,52.79307174682617,17.059226989746094,0.11943551152944565,254.44468688964844,172.37890625,402.9123229980469,,,,,,,,
,,,,,,,,,,42,17285,,,,,,,,,2.3952934741973877,0.7993916869163513,49.22172927856445,15.799201011657715,0.037589456886053085,259.8849182128906,164.06727600097656,399.8768310546875
2.3924062252044678,0.8046875,49.801761627197266,15.845525741577148,0.048583984375,263.7413330078125,190.40408325195312,417.5211486816406,0.0009280686447711585,0.009999999776482582,43,17299,,,,,,,,,,,,,,,,
2.3797831535339355,0.8125,51.65123748779297,15.480024337768555,0.04541015625,266.2715759277344,168.87496948242188,410.95819091796875,0.0009275394496835453,0.009999999776482582,43,17349,,,,,,,,,,,,,,,,
2.3762457370758057,0.80859375,51.89384841918945,16.420785903930664,0.04052734375,277.4046630859375,194.63681030273438,435.67645263671875,0.0009270084672851668,0.009999999776482582,43,17399,,,,,,,,,,,,,,,,
2.3915505409240723,0.79296875,48.92824935913086,15.29334545135498,0.0390625,247.035400390625,144.07171630859375,376.47821044921875,0.0009264756997983719,0.009999999776482582,43,17449,,,,,,,,,,,,,,,,
2.3638768196105957,0.78515625,46.487060546875,16.079559326171875,0.03955078125,261.453125,208.83319091796875,421.22125244140625,0.0009259411494529804,0.009999999776482582,43,17499,,,,,,,,,,,,,,,,
2.432464838027954,0.8125,50.53940963745117,15.886427879333496,0.041748046875,255.3229522705078,166.26577758789062,397.792724609375,0.0009254048184862739,0.009999999776482582,43,17549,,,,,,,,,,,,,,,,
2.381113052368164,0.796875,48.7728271484375,15.486437797546387,0.03564453125,247.8779754638672,154.38607788085938,382.4195861816406,0.000924866709142987,0.009999999776482582,43,17599,,,,,,,,,,,,,,,,
2.403870105743408,0.80078125,49.22683334350586,15.167624473571777,0.036865234375,254.00918579101562,161.44081115722656,392.37786865234375,0.0009243268236752973,0.009999999776482582,43,17649,,,,,,,,,,,,,,,,
,,,,,,,,,,43,17687,2.0743143558502197,0.8326014280319214,51.36015701293945,16.128515243530273,0.12725944817066193,237.6609344482422,150.07704162597656,373.083740234375,,,,,,,,
,,,,,,,,,,43,17687,,,,,,,,,2.382962465286255,0.799615204334259,49.40026092529297,15.761701583862305,0.04060417041182518,259.4091796875,166.98948669433594,401.0252990722656
2.379774570465088,0.796875,50.73804473876953,15.608787536621094,0.038818359375,272.9556884765625,164.291259765625,414.4794616699219,0.0009237851643428157,0.009999999776482582,44,17699,,,,,,,,,,,,,,,,
2.388850212097168,0.796875,46.543277740478516,15.63633918762207,0.041015625,250.37962341308594,164.94268798828125,388.05029296875,0.0009232417334125775,0.009999999776482582,44,17749,,,,,,,,,,,,,,,,
2.3795342445373535,0.80859375,49.373939514160156,15.98654556274414,0.04150390625,237.12075805664062,151.74888610839844,371.2125244140625,0.0009226965331590331,0.009999999776482582,44,17799,,,,,,,,,,,,,,,,
2.395480155944824,0.79296875,46.78773880004883,15.817269325256348,0.039306640625,243.6173858642578,148.72702026367188,373.5095520019531,0.0009221495658640378,0.009999999776482582,44,17849,,,,,,,,,,,,,,,,
2.3680155277252197,0.79296875,46.981361389160156,15.916633605957031,0.038818359375,238.6413116455078,146.8295440673828,367.8275451660156,0.0009216008338168429,0.009999999776482582,44,17899,,,,,,,,,,,,,,,,
2.3567044734954834,0.80078125,50.68407440185547,16.352737426757812,0.048095703125,276.5357971191406,194.26242065429688,433.3763122558594,0.0009210503393140855,0.009999999776482582,44,17949,,,,,,,,,,,,,,,,
2.4108781814575195,0.79296875,46.81865692138672,16.23909568786621,0.0419921875,229.6406707763672,140.81105041503906,355.8193664550781,0.0009204980846597792,0.009999999776482582,44,17999,,,,,,,,,,,,,,,,
2.355628252029419,0.78515625,45.04029083251953,16.2067928314209,0.038818359375,221.76385498046875,139.4973907470703,345.4801940917969,0.0009199440721653047,0.009999999776482582,44,18049,,,,,,,,,,,,,,,,
,,,,,,,,,,44,18089,2.047741413116455,0.8329674005508423,51.625675201416016,17.977344512939453,0.1455637663602829,239.3964385986328,163.24310302734375,382.6108703613281,,,,,,,,
,,,,,,,,,,44,18089,,,,,,,,,2.3679072856903076,0.7998387217521667,49.022727966308594,15.74364948272705,0.04270699620246887,253.27137756347656,161.1215362548828,391.5688781738281
2.3504579067230225,0.8046875,50.135093688964844,16.224334716796875,0.0390625,268.80291748046875,177.665771484375,416.726806640625,0.0009193883041493998,0.009999999776482582,45,18099,,,,,,,,,,,,,,,,
2.346673011779785,0.8046875,49.858280181884766,15.40831184387207,0.049072265625,257.949462890625,162.24168395996094,397.48651123046875,0.0009188307829381496,0.009999999776482582,45,18149,,,,,,,,,,,,,,,,
2.3673858642578125,0.80078125,48.51997375488281,15.570650100708008,0.038330078125,241.04039001464844,145.33668518066406,370.8531494140625,0.0009182715108649772,0.009999999776482582,45,18199,,,,,,,,,,,,,,,,
2.3688812255859375,0.80078125,48.144615173339844,15.51004695892334,0.046875,245.97369384765625,153.40786743164062,379.4248962402344,0.0009177104902706335,0.009999999776482582,45,18249,,,,,,,,,,,,,,,,
2.3476414680480957,0.7890625,47.99720764160156,15.621011734008789,0.0478515625,249.05392456054688,153.51551818847656,382.456298828125,0.0009171477235031877,0.009999999776482582,45,18299,,,,,,,,,,,,,,,,
2.3108410835266113,0.7890625,46.485076904296875,16.384811401367188,0.05419921875,241.38388061523438,156.75674438476562,375.28302001953125,0.000916583212918017,0.009999999776482582,45,18349,,,,,,,,,,,,,,,,
2.353005886077881,0.7890625,47.53874588012695,15.863999366760254,0.0400390625,234.72213745117188,151.64598083496094,366.844970703125,0.0009160169608777977,0.009999999776482582,45,18399,,,,,,,,,,,,,,,,
2.3729214668273926,0.796875,48.29072952270508,17.703336715698242,0.050537109375,256.1408386230469,186.61351013183594,407.4374084472656,0.0009154489697524941,0.009999999776482582,45,18449,,,,,,,,,,,,,,,,
,,,,,,,,,,45,18491,2.0642027854919434,0.8274780511856079,52.14008712768555,17.909082412719727,0.13793587684631348,241.9760284423828,168.80563354492188,388.43896484375,,,,,,,,
,,,,,,,,,,45,18491,,,,,,,,,2.3495211601257324,0.8005383014678955,48.59391403198242,15.983983039855957,0.04678329452872276,249.55751037597656,163.51524353027344,388.7482604980469
2.357102394104004,0.8046875,49.136898040771484,14.988207817077637,0.050048828125,254.81134033203125,180.20953369140625,402.40185546875,0.0009148792419193497,0.009999999776482582,46,18499,,,,,,,,,,,,,,,,
2.3458914756774902,0.79296875,46.694889068603516,15.59956169128418,0.04736328125,226.78834533691406,137.50392150878906,350.87530517578125,0.0009143077797628766,0.009999999776482582,46,18549,,,,,,,,,,,,,,,,
2.3513646125793457,0.80078125,47.487998962402344,15.082618713378906,0.051513671875,256.0001220703125,167.09677124023438,395.43011474609375,0.0009137345856748452,0.009999999776482582,46,18599,,,,,,,,,,,,,,,,
2.3538739681243896,0.79296875,46.63402557373047,15.36746597290039,0.038818359375,243.605224609375,152.21485900878906,374.8621826171875,0.0009131596620542751,0.009999999776482582,46,18649,,,,,,,,,,,,,,,,
2.2856078147888184,0.8125,49.17402267456055,15.406316757202148,0.06640625,228.84585571289062,142.94012451171875,358.072021484375,0.0009125830113074244,0.009999999776482582,46,18699,,,,,,,,,,,,,,,,
2.3094048500061035,0.80859375,50.4652214050293,16.034713745117188,0.046875,263.23187255859375,187.9434051513672,416.5416259765625,0.0009120046358477802,0.009999999776482582,46,18749,,,,,,,,,,,,,,,,
2.3699676990509033,0.796875,47.122398376464844,16.536088943481445,0.04541015625,232.1370849609375,158.7433319091797,367.7414855957031,0.000911424538096048,0.009999999776482582,46,18799,,,,,,,,,,,,,,,,
2.3667571544647217,0.796875,48.10307693481445,15.256637573242188,0.046630859375,241.98388671875,162.8787384033203,379.9981384277344,0.000910842720480141,0.009999999776482582,46,18849,,,,,,,,,,,,,,,,
,,,,,,,,,,46,18893,2.0506975650787354,0.8328627943992615,51.55554962158203,16.5792293548584,0.14108245074748993,226.02737426757812,147.92405700683594,360.8084716796875,,,,,,,,
,,,,,,,,,,46,18893,,,,,,,,,2.3403329849243164,0.8003925681114197,48.47203063964844,15.571554183959961,0.04798517003655434,243.556884765625,158.50506591796875,379.9156494140625
2.3396196365356445,0.79296875,47.51084899902344,15.58842945098877,0.052978515625,241.3609619140625,150.97735595703125,373.0006408691406,0.0009102591854351714,0.009999999776482582,47,18899,,,,,,,,,,,,,,,,
2.3708324432373047,0.796875,47.639427185058594,15.220762252807617,0.049072265625,221.82545471191406,136.91873168945312,346.3805847167969,0.0009096739354034394,0.009999999776482582,47,18949,,,,,,,,,,,,,,,,
2.3512508869171143,0.796875,49.16868591308594,16.47659683227539,0.05126953125,248.3516082763672,157.406982421875,385.31024169921875,0.0009090869728344229,0.009999999776482582,47,18999,,,,,,,,,,,,,,,,
2.297734022140503,0.80078125,47.0919075012207,15.951591491699219,0.050048828125,254.09141540527344,204.78533935546875,412.402587890625,0.0009084983001847672,0.009999999776482582,47,19049,,,,,,,,,,,,,,,,
2.3501181602478027,0.796875,47.10487747192383,16.199907302856445,0.06298828125,242.5366668701172,175.14645385742188,386.1745910644531,0.000907907919918275,0.009999999776482582,47,19099,,,,,,,,,,,,,,,,
2.3040554523468018,0.81640625,49.46771240234375,15.943353652954102,0.046875,245.25474548339844,165.70089721679688,386.4078674316406,0.0009073158345058963,0.009999999776482582,47,19149,,,,,,,,,,,,,,,,
2.3480758666992188,0.796875,47.13029861450195,15.34023380279541,0.0439453125,252.97996520996094,163.93243408203125,390.58740234375,0.0009067220464257171,0.009999999776482582,47,19199,,,,,,,,,,,,,,,,
2.2963197231292725,0.80859375,50.977699279785156,15.47203540802002,0.04443359375,277.0176696777344,229.83737182617188,451.5030822753906,0.0009061265581629501,0.009999999776482582,47,19249,,,,,,,,,,,,,,,,
,,,,,,,,,,47,19295,2.0053725242614746,0.8311375975608826,51.31405258178711,17.102886199951172,0.14868582785129547,220.30120849609375,152.6055908203125,357.4492492675781,,,,,,,,
,,,,,,,,,,47,19295,,,,,,,,,2.332078218460083,0.8020638823509216,48.29597091674805,15.547200202941895,0.04956965520977974,239.30496215820312,159.0607452392578,375.7565002441406
2.3554179668426514,0.8046875,50.01743698120117,15.50258731842041,0.041259765625,265.239990234375,184.5102996826172,416.1098327636719,0.0009055293722099239,0.009999999776482582,48,19299,,,,,,,,,,,,,,,,
2.319234848022461,0.80078125,47.60348129272461,15.10498332977295,0.044677734375,251.9943084716797,170.50259399414062,393.2470397949219,0.0009049304910660724,0.009999999776482582,48,19349,,,,,,,,,,,,,,,,
2.332082509994507,0.7890625,46.45539093017578,15.60570240020752,0.0576171875,241.86155700683594,185.5062255859375,389.7196044921875,0.0009043299172379244,0.009999999776482582,48,19399,,,,,,,,,,,,,,,,
2.3178906440734863,0.80859375,49.611549377441406,15.620014190673828,0.04833984375,256.01959228515625,169.79261779785156,399.19439697265625,0.0009037276532390934,0.009999999776482582,48,19449,,,,,,,,,,,,,,,,
2.3320016860961914,0.8046875,49.63827896118164,15.455394744873047,0.046630859375,247.95098876953125,175.2481689453125,393.7923583984375,0.0009031237015902666,0.009999999776482582,48,19499,,,,,,,,,,,,,,,,
2.3036952018737793,0.8046875,46.822113037109375,14.716154098510742,0.052001953125,216.94273376464844,150.7863311767578,347.372802734375,0.0009025180648191948,0.009999999776482582,48,19549,,,,,,,,,,,,,,,,
2.3419675827026367,0.796875,47.88079833984375,13.987907409667969,0.041259765625,236.56085205078125,141.9437713623047,363.2456359863281,0.0009019107454606814,0.009999999776482582,48,19599,,,,,,,,,,,,,,,,
2.3283495903015137,0.8046875,47.72111892700195,14.978410720825195,0.046875,231.8575439453125,159.7755889892578,367.8072204589844,0.0009013017460565725,0.009999999776482582,48,19649,,,,,,,,,,,,,,,,
,,,,,,,,,,48,19697,2.0404698848724365,0.8351631164550781,51.10367202758789,16.50749397277832,0.14534975588321686,224.59339904785156,156.40457153320312,363.13360595703125,,,,,,,,
,,,,,,,,,,48,19697,,,,,,,,,2.3213887214660645,0.8017627000808716,47.82847595214844,15.472648620605469,0.05057597905397415,234.30262756347656,155.5587158203125,368.4992370605469
2.2981982231140137,0.8046875,49.052703857421875,15.423711776733398,0.05126953125,233.12339782714844,156.5987548828125,369.0433044433594,0.0009006910691557451,0.009999999776482582,49,19699,,,,,,,,,,,,,,,,
2.3450798988342285,0.8046875,46.231719970703125,15.096172332763672,0.042724609375,218.6599578857422,146.8397979736328,346.70709228515625,0.0009000787173140979,0.009999999776482582,49,19749,,,,,,,,,,,,,,,,
2.2683653831481934,0.8046875,47.512184143066406,15.542952537536621,0.05126953125,241.06834411621094,182.882568359375,388.6492614746094,0.0008994646930945389,0.009999999776482582,49,19799,,,,,,,,,,,,,,,,
2.3423213958740234,0.8046875,48.984989166259766,15.006750106811523,0.052978515625,236.53062438964844,165.4568328857422,376.6050720214844,0.0008988489990669766,0.009999999776482582,49,19849,,,,,,,,,,,,,,,,
2.2956693172454834,0.79296875,45.48553466796875,15.73150634765625,0.055419921875,214.7596435546875,138.23182678222656,338.0752258300781,0.0008982316378083077,0.009999999776482582,49,19899,,,,,,,,,,,,,,,,
2.272023916244507,0.80859375,48.482337951660156,15.440299987792969,0.055908203125,224.9824981689453,151.25247192382812,357.67572021484375,0.0008976126119024063,0.009999999776482582,49,19949,,,,,,,,,,,,,,,,
2.310638427734375,0.8125,49.024169921875,14.588741302490234,0.052734375,227.3284149169922,149.2863006591797,359.15533447265625,0.0008969919239401149,0.009999999776482582,49,19999,,,,,,,,,,,,,,,,
2.2808773517608643,0.8046875,48.44902801513672,16.10281753540039,0.064453125,212.86138916015625,140.94610595703125,340.7040100097656,0.0008963695765192315,0.009999999776482582,49,20049,,,,,,,,,,,,,,,,
2.3243088722229004,0.8046875,48.484413146972656,15.82933235168457,0.0478515625,236.6643829345703,156.6967010498047,372.26434326171875,0.0008957455722444992,0.009999999776482582,49,20099,,,,,,,,,,,,,,,,
,,,,,,,,,,49,20099,1.9974976778030396,0.835999608039856,51.317848205566406,16.79827308654785,0.14231427013874054,212.56072998046875,145.95452880859375,346.2332763671875,,,,,,,,
,,,,,,,,,,49,20099,,,,,,,,,2.3082334995269775,0.8023554086685181,47.71603775024414,15.453971862792969,0.05251513421535492,229.35769653320312,155.08140563964844,363.1961975097656
2.3175830841064453,0.79296875,47.713523864746094,15.157999992370605,0.054443359375,243.52256774902344,170.61029052734375,384.9676208496094,0.0008951199137275964,0.009999999776482582,50,20149,,,,,,,,,,,,,,,,
2.234844207763672,0.8046875,49.299278259277344,16.538881301879883,0.072265625,212.3477325439453,148.30320739746094,344.94500732421875,0.0008944926035871247,0.009999999776482582,50,20199,,,,,,,,,,,,,,,,
2.2765774726867676,0.78515625,44.16327667236328,14.788908958435059,0.05615234375,180.19058227539062,119.01213836669922,292.095703125,0.0008938636444485984,0.009999999776482582,50,20249,,,,,,,,,,,,,,,,
2.3084752559661865,0.8125,49.27318572998047,15.854385375976562,0.04931640625,237.18235778808594,169.921875,380.20550537109375,0.0008932330389444333,0.009999999776482582,50,20299,,,,,,,,,,,,,,,,
2.3172450065612793,0.80078125,47.7645263671875,15.033519744873047,0.04736328125,232.31813049316406,158.47999572753906,367.68756103515625,0.000892600789713936,0.009999999776482582,50,20349,,,,,,,,,,,,,,,,
2.3199408054351807,0.79296875,46.419288635253906,14.619287490844727,0.0498046875,206.07496643066406,127.13545227050781,324.21441650390625,0.0008919668994032924,0.009999999776482582,50,20399,,,,,,,,,,,,,,,,
2.3082456588745117,0.80078125,46.55270767211914,15.06025505065918,0.0517578125,229.362548828125,153.3916778564453,360.9937438964844,0.0008913313706655575,0.009999999776482582,50,20449,,,,,,,,,,,,,,,,
2.2613611221313477,0.80078125,47.795440673828125,16.254806518554688,0.055419921875,216.43019104003906,156.50367736816406,351.4610900878906,0.0008906942061606428,0.009999999776482582,50,20499,,,,,,,,,,,,,,,,
,,,,,,,,,,50,20501,1.9787991046905518,0.8321309089660645,50.714439392089844,18.0880126953125,0.1408243179321289,217.46656799316406,167.73008728027344,362.06298828125,,,,,,,,
,,,,,,,,,,50,20501,,,,,,,,,2.2980880737304688,0.8031619191169739,47.4539794921875,15.558856964111328,0.05483325570821762,224.76507568359375,153.90122985839844,357.8070983886719
2.294454574584961,0.796875,46.8333625793457,15.192035675048828,0.050537109375,222.84400939941406,142.33868408203125,349.2901611328125,0.0008900554085553072,0.009999999776482582,51,20549,,,,,,,,,,,,,,,,
2.3015518188476562,0.80078125,47.387855529785156,16.97626495361328,0.05322265625,229.22242736816406,156.27479553222656,364.0898132324219,0.0008894149805231434,0.009999999776482582,51,20599,,,,,,,,,,,,,,,,
2.297250270843506,0.8125,48.85834884643555,14.834763526916504,0.0498046875,226.89749145507812,152.593505859375,360.332275390625,0.000888772924744569,0.009999999776482582,51,20649,,,,,,,,,,,,,,,,
2.2912962436676025,0.80078125,45.48636245727539,15.75964641571045,0.05517578125,231.88711547851562,160.83966064453125,366.5290832519531,0.000888129243906814,0.009999999776482582,51,20699,,,,,,,,,,,,,,,,
2.2894129753112793,0.79296875,46.23682403564453,15.029739379882812,0.057373046875,229.5040740966797,157.36607360839844,362.78912353515625,0.0008874839407039098,0.009999999776482582,51,20749,,,,,,,,,,,,,,,,
2.3033862113952637,0.80859375,48.25050735473633,15.150859832763672,0.0546875,228.2799835205078,156.7364044189453,363.33740234375,0.0008868370178366776,0.009999999776482582,51,20799,,,,,,,,,,,,,,,,
2.298740863800049,0.8125,46.55135726928711,14.288705825805664,0.050048828125,205.493896484375,136.24522399902344,328.1747741699219,0.0008861884780127183,0.009999999776482582,51,20849,,,,,,,,,,,,,,,,
2.2673215866088867,0.796875,47.58673095703125,14.843056678771973,0.052734375,226.4280548095703,151.94415283203125,358.2580261230469,0.0008855383239463999,0.009999999776482582,51,20899,,,,,,,,,,,,,,,,
,,,,,,,,,,51,20903,1.9979568719863892,0.8307193517684937,49.706817626953125,16.244279861450195,0.15267866849899292,202.155029296875,141.8511199951172,331.8929748535156,,,,,,,,
,,,,,,,,,,51,20903,,,,,,,,,2.2859838008880615,0.8038809895515442,47.26403045654297,15.459993362426758,0.05629020556807518,219.7543487548828,151.14064025878906,351.1788635253906
2.290773868560791,0.8046875,46.97612762451172,15.294371604919434,0.057861328125,220.3347625732422,145.2827911376953,348.4620361328125,0.0008848865583588461,0.009999999776482582,52,20949,,,,,,,,,,,,,,,,
2.2590014934539795,0.796875,46.80014419555664,16.28105354309082,0.072265625,220.39036560058594,152.95333862304688,352.6768493652344,0.0008842331839779264,0.009999999776482582,52,20999,,,,,,,,,,,,,,,,
2.290848731994629,0.80859375,47.854549407958984,14.854268074035645,0.056640625,225.2732696533203,151.43789672851562,357.1391296386719,0.0008835782035382427,0.009999999776482582,52,21049,,,,,,,,,,,,,,,,
2.288440704345703,0.80859375,46.544715881347656,14.609978675842285,0.051025390625,221.6109161376953,150.5122528076172,351.57635498046875,0.0008829216197811194,0.009999999776482582,52,21099,,,,,,,,,,,,,,,,
2.2405717372894287,0.8125,47.4940185546875,14.8452787399292,0.055908203125,218.05160522460938,156.04734802246094,351.8603515625,0.0008822634354545911,0.009999999776482582,52,21149,,,,,,,,,,,,,,,,
2.273120403289795,0.8046875,47.1148681640625,14.524462699890137,0.053466796875,210.78656005859375,141.5091552734375,336.7763977050781,0.0008816036533133916,0.009999999776482582,52,21199,,,,,,,,,,,,,,,,
2.2701869010925293,0.80078125,45.146400451660156,14.638843536376953,0.058349609375,208.5083465576172,139.86834716796875,331.7674560546875,0.0008809422761189417,0.009999999776482582,52,21249,,,,,,,,,,,,,,,,
2.284677028656006,0.8046875,46.29917907714844,14.52688217163086,0.05908203125,203.10134887695312,125.90958404541016,320.4825439453125,0.0008802793066393385,0.009999999776482582,52,21299,,,,,,,,,,,,,,,,
,,,,,,,,,,52,21305,1.987499475479126,0.8336992859840393,49.15928268432617,15.549982070922852,0.1568267047405243,197.0265655517578,137.78086853027344,323.84173583984375,,,,,,,,
,,,,,,,,,,52,21305,,,,,,,,,2.2705259323120117,0.8040558695793152,46.759090423583984,15.105677604675293,0.058337464928627014,211.938232421875,146.03656005859375,340.1307067871094
2.2655248641967773,0.81640625,47.590023040771484,14.512714385986328,0.05908203125,217.52503967285156,144.65786743164062,345.5758361816406,0.0008796147476493429,0.009999999776482582,53,21349,,,,,,,,,,,,,,,,
2.2807860374450684,0.80859375,48.01945114135742,15.479337692260742,0.050048828125,204.98443603515625,143.37228393554688,333.2883605957031,0.0008789486019303692,0.009999999776482582,53,21399,,,,,,,,,,,,,,,,
2.2820379734039307,0.8125,47.439388275146484,15.686312675476074,0.058349609375,209.25042724609375,141.39772033691406,336.1026611328125,0.000878280872270472,0.009999999776482582,53,21449,,,,,,,,,,,,,,,,
2.2626802921295166,0.7890625,44.29341506958008,15.558327674865723,0.0556640625,212.13014221191406,136.90228271484375,333.49859619140625,0.0008776115614643355,0.009999999776482582,53,21499,,,,,,,,,,,,,,,,
2.252215623855591,0.79296875,43.21965026855469,15.606236457824707,0.05908203125,197.47776794433594,134.0635223388672,316.38433837890625,0.0008769406723132615,0.009999999776482582,53,21549,,,,,,,,,,,,,,,,
2.216343641281128,0.80078125,44.5955696105957,14.454227447509766,0.083984375,180.29135131835938,120.90467071533203,293.4511413574219,0.0008762682076251579,0.009999999776482582,53,21599,,,,,,,,,,,,,,,,
2.2372536659240723,0.81640625,47.779945373535156,15.347870826721191,0.0634765625,199.08607482910156,148.54937744140625,329.6945495605469,0.0008755941702145267,0.009999999776482582,53,21649,,,,,,,,,,,,,,,,
2.224691152572632,0.80078125,46.118492126464844,14.879425048828125,0.06396484375,196.8780975341797,129.24644470214844,315.92425537109375,0.0008749185629024524,0.009999999776482582,53,21699,,,,,,,,,,,,,,,,
,,,,,,,,,,53,21707,1.9258697032928467,0.836783766746521,49.41982650756836,17.01405906677246,0.1847161203622818,191.7130889892578,143.8516082763672,322.5872497558594,,,,,,,,
,,,,,,,,,,53,21707,,,,,,,,,2.260637044906616,0.8055717349052429,46.598331451416016,15.22513198852539,0.0600598081946373,208.57330322265625,146.61883544921875,336.9593200683594
2.2515692710876465,0.796875,45.78853988647461,14.934806823730469,0.0546875,197.27999877929688,127.20819854736328,314.9916076660156,0.0008742413885165898,0.009999999776482582,54,21749,,,,,,,,,,,,,,,,
2.1998443603515625,0.8125,47.52595520019531,15.039057731628418,0.06884765625,190.12510681152344,140.3155059814453,316.2096862792969,0.0008735626498911524,0.009999999776482582,54,21799,,,,,,,,,,,,,,,,
2.2624850273132324,0.8125,46.01975631713867,15.15240478515625,0.052978515625,208.17845153808594,150.6745147705078,337.9771423339844,0.0008728823498669012,0.009999999776482582,54,21849,,,,,,,,,,,,,,,,
2.255000591278076,0.796875,45.38787841796875,14.99047565460205,0.05712890625,195.55026245117188,130.6576385498047,314.6162109375,0.0008722004912911319,0.009999999776482582,54,21899,,,,,,,,,,,,,,,,
2.233537435531616,0.8125,44.595481872558594,15.326593399047852,0.0625,211.3660888671875,148.72317504882812,338.8614501953125,0.0008715170770176628,0.009999999776482582,54,21949,,,,,,,,,,,,,,,,
2.251241445541382,0.8046875,47.50394821166992,15.077372550964355,0.0703125,200.41180419921875,132.65098571777344,322.6549377441406,0.0008708321099068242,0.009999999776482582,54,21999,,,,,,,,,,,,,,,,
2.2513227462768555,0.81640625,46.73518753051758,15.533916473388672,0.06298828125,206.2604217529297,145.78134155273438,334.5326232910156,0.0008701455928254447,0.009999999776482582,54,22049,,,,,,,,,,,,,,,,
2.1841659545898438,0.80859375,46.02821350097656,14.568876266479492,0.07861328125,180.39964294433594,124.03059387207031,296.61480712890625,0.0008694575286468407,0.009999999776482582,54,22099,,,,,,,,,,,,,,,,
,,,,,,,,,,54,22109,1.9152793884277344,0.836104154586792,49.380882263183594,16.619413375854492,0.19053873419761658,185.21145629882812,140.1586456298828,314.00799560546875,,,,,,,,
,,,,,,,,,,54,22109,,,,,,,,,2.2435123920440674,0.8054940104484558,46.41916275024414,15.111832618713379,0.06317351013422012,201.71742248535156,141.80734252929688,327.465087890625
2.2188000679016113,0.80078125,45.77334976196289,15.46694278717041,0.0791015625,199.53567504882812,143.05905151367188,325.451904296875,0.0008687679202508035,0.009999999776482582,55,22149,,,,,,,,,,,,,,,,
2.2551488876342773,0.80078125,46.723358154296875,16.063167572021484,0.0576171875,206.08457946777344,145.4257049560547,334.4107666015625,0.0008680767705235877,0.009999999776482582,55,22199,,,,,,,,,,,,,,,,
2.241077184677124,0.80859375,47.81364440917969,15.892373085021973,0.07177734375,224.9048614501953,174.12600708007812,368.6080627441406,0.0008673840823578987,0.009999999776482582,55,22249,,,,,,,,,,,,,,,,
2.2226719856262207,0.81640625,46.77183151245117,15.598514556884766,0.0732421875,207.1728515625,152.22161865234375,338.744384765625,0.0008666898586528807,0.009999999776482582,55,22299,,,,,,,,,,,,,,,,
2.2482106685638428,0.80078125,47.14305877685547,14.137094497680664,0.06201171875,206.0017852783203,146.73971557617188,334.446044921875,0.0008659941023141051,0.009999999776482582,55,22349,,,,,,,,,,,,,,,,
2.191495656967163,0.80859375,46.654273986816406,14.717345237731934,0.0751953125,187.15794372558594,130.90145874023438,307.5054016113281,0.0008652968162535574,0.009999999776482582,55,22399,,,,,,,,,,,,,,,,
2.2148687839508057,0.81640625,47.94195556640625,15.091324806213379,0.06884765625,197.69349670410156,131.38153076171875,319.75714111328125,0.000864598003389626,0.009999999776482582,55,22449,,,,,,,,,,,,,,,,
2.1914219856262207,0.7890625,44.72235870361328,15.545940399169922,0.0625,190.38784790039062,147.115234375,317.2923583984375,0.0008638976666470892,0.009999999776482582,55,22499,,,,,,,,,,,,,,,,
,,,,,,,,,,55,22511,1.9348680973052979,0.8336470127105713,49.67683792114258,15.912713050842285,0.18047495186328888,178.40402221679688,126.32553100585938,300.214111328125,,,,,,,,
,,,,,,,,,,55,22511,,,,,,,,,2.226745843887329,0.8064073920249939,46.740753173828125,15.235246658325195,0.0669771283864975,198.16238403320312,142.71630859375,324.7522277832031
2.228339910507202,0.81640625,48.14341354370117,14.607819557189941,0.061279296875,196.85296630859375,139.33944702148438,322.84771728515625,0.0008631958089571033,0.009999999776482582,56,22549,,,,,,,,,,,,,,,,
2.219892740249634,0.8125,47.29319381713867,14.464776039123535,0.061767578125,183.49952697753906,134.17715454101562,305.9879455566406,0.0008624924332571904,0.009999999776482582,56,22599,,,,,,,,,,,,,,,,
2.177790641784668,0.80859375,45.505409240722656,15.972071647644043,0.08203125,208.76953125,155.9602508544922,341.1317443847656,0.000861787542491226,0.009999999776482582,56,22649,,,,,,,,,,,,,,,,
2.232095718383789,0.796875,44.046852111816406,15.709138870239258,0.068359375,182.82386779785156,131.3905487060547,301.2857971191406,0.0008610811396094266,0.009999999776482582,56,22699,,,,,,,,,,,,,,,,
2.2147068977355957,0.80078125,44.4608154296875,14.291834831237793,0.0615234375,175.991455078125,119.59713745117188,288.2590637207031,0.0008603732275683375,0.009999999776482582,56,22749,,,,,,,,,,,,,,,,
2.2229676246643066,0.80078125,46.752750396728516,14.597267150878906,0.06396484375,197.53677368164062,143.1988525390625,324.0523376464844,0.0008596638093308207,0.009999999776482582,56,22799,,,,,,,,,,,,,,,,
2.1750144958496094,0.80859375,47.19327926635742,15.867844581604004,0.08349609375,179.8453369140625,123.36529541015625,297.5472717285156,0.0008589528878660412,0.009999999776482582,56,22849,,,,,,,,,,,,,,,,
2.156182050704956,0.7890625,45.463436126708984,15.224989891052246,0.0673828125,171.28688049316406,119.92627716064453,285.1824035644531,0.0008582404661494565,0.009999999776482582,56,22899,,,,,,,,,,,,,,,,
,,,,,,,,,,56,22913,1.939602017402649,0.8358427286148071,49.811248779296875,16.5955810546875,0.19415254890918732,180.1405792236328,135.35101318359375,306.9552001953125,,,,,,,,
,,,,,,,,,,56,22913,,,,,,,,,2.2127304077148438,0.8067766427993774,46.660118103027344,15.104216575622559,0.0687304437160492,193.147705078125,138.75389099121094,317.6123046875
2.21286940574646,0.80078125,45.38249588012695,15.171745300292969,0.08203125,203.89886474609375,176.32345581054688,345.91180419921875,0.0008575265471628029,0.009999999776482582,57,22949,,,,,,,,,,,,,,,,
2.193380355834961,0.80859375,47.44833755493164,14.735645294189453,0.07177734375,199.3013458251953,137.93222045898438,323.9639892578125,0.0008568111338940832,0.009999999776482582,57,22999,,,,,,,,,,,,,,,,
2.208608627319336,0.80859375,46.631507873535156,14.975176811218262,0.0654296875,195.26321411132812,137.1675262451172,318.840087890625,0.0008560942293375541,0.009999999776482582,57,23049,,,,,,,,,,,,,,,,
2.1955180168151855,0.8125,47.19212341308594,15.325804710388184,0.06396484375,191.14552307128906,139.8687744140625,316.8114013671875,0.0008553758364937145,0.009999999776482582,57,23099,,,,,,,,,,,,,,,,
2.2195913791656494,0.8203125,47.745269775390625,15.713452339172363,0.0703125,190.4804229736328,141.351806640625,317.64892578125,0.0008546559583692916,0.009999999776482582,57,23149,,,,,,,,,,,,,,,,
2.163519859313965,0.80078125,45.25248336791992,14.89733600616455,0.078125,190.04666137695312,150.5797882080078,318.9165954589844,0.0008539345979772295,0.009999999776482582,57,23199,,,,,,,,,,,,,,,,
2.2135424613952637,0.8203125,47.87312316894531,16.492067337036133,0.07080078125,201.23973083496094,157.53355407714844,337.01678466796875,0.000853211758336676,0.009999999776482582,57,23249,,,,,,,,,,,,,,,,
2.201707363128662,0.8125,47.276180267333984,15.009804725646973,0.07080078125,192.18307495117188,145.2820281982422,320.48846435546875,0.0008524874424729698,0.009999999776482582,57,23299,,,,,,,,,,,,,,,,
,,,,,,,,,,57,23315,1.9466891288757324,0.8357904553413391,49.73762893676758,16.55887222290039,0.17982473969459534,178.596435546875,137.1676025390625,306.2128601074219,,,,,,,,
,,,,,,,,,,57,23315,,,,,,,,,2.198246717453003,0.8065920472145081,46.616920471191406,15.296102523803711,0.07161276042461395,189.3406524658203,138.91110229492188,313.939453125
2.1743855476379395,0.8125,45.29818344116211,15.567961692810059,0.076171875,195.5785369873047,152.7893829345703,325.9440612792969,0.0008517616534176285,0.009999999776482582,58,23349,,,,,,,,,,,,,,,,
2.202167272567749,0.8046875,45.146453857421875,16.831144332885742,0.0732421875,187.59130859375,141.59481811523438,312.82867431640625,0.0008510343942083354,0.009999999776482582,58,23399,,,,,,,,,,,,,,,,
2.1744589805603027,0.81640625,48.562313079833984,15.570977210998535,0.08349609375,202.9672393798828,160.9877471923828,340.7088317871094,0.000850305667888927,0.009999999776482582,58,23449,,,,,,,,,,,,,,,,
2.1873812675476074,0.80078125,44.3581428527832,15.916180610656738,0.0859375,180.4435272216797,136.23069763183594,301.7618103027344,0.0008495754775093796,0.009999999776482582,58,23499,,,,,,,,,,,,,,,,
2.1851305961608887,0.8125,47.51506805419922,14.68908977508545,0.07373046875,177.65106201171875,124.4596176147461,295.626708984375,0.000848843826125798,0.009999999776482582,58,23549,,,,,,,,,,,,,,,,
2.161328077316284,0.8046875,44.56627655029297,15.311371803283691,0.07470703125,171.244384765625,129.86102294921875,289.2762451171875,0.0008481107168004013,0.009999999776482582,58,23599,,,,,,,,,,,,,,,,
2.175604820251465,0.81640625,48.003814697265625,15.255541801452637,0.06689453125,175.02401733398438,134.8763885498047,298.97711181640625,0.0008473761526015104,0.009999999776482582,58,23649,,,,,,,,,,,,,,,,
2.1569089889526367,0.8125,48.05965805053711,14.996044158935547,0.09033203125,196.26805114746094,172.8452911376953,339.1512145996094,0.0008466401366035361,0.009999999776482582,58,23699,,,,,,,,,,,,,,,,
,,,,,,,,,,58,23717,1.888717770576477,0.8310330510139465,49.675575256347656,17.567092895507812,0.2145807147026062,171.38211059570312,141.56298828125,301.6683349609375,,,,,,,,
,,,,,,,,,,58,23717,,,,,,,,,2.180140972137451,0.8062325119972229,46.483184814453125,15.497357368469238,0.07569938153028488,183.7152557373047,137.90655517578125,307.7823486328125
2.190948009490967,0.81640625,48.7208251953125,15.103994369506836,0.072265625,188.823486328125,146.0619659423828,319.0159606933594,0.0008459026718869647,0.009999999776482582,59,23749,,,,,,,,,,,,,,,,
2.199174642562866,0.8046875,46.47159957885742,14.955904006958008,0.06640625,186.32525634765625,139.78660583496094,311.0392150878906,0.0008451637615383462,0.009999999776482582,59,23799,,,,,,,,,,,,,,,,
2.1721553802490234,0.80859375,48.153228759765625,14.972281455993652,0.0703125,186.95751953125,138.73275756835938,312.8421936035156,0.0008444234086502814,0.009999999776482582,59,23849,,,,,,,,,,,,,,,,
2.1635985374450684,0.8203125,47.228515625,14.884891510009766,0.07080078125,179.266845703125,130.61085510253906,300.13433837890625,0.0008436816163214082,0.009999999776482582,59,23899,,,,,,,,,,,,,,,,
2.1841745376586914,0.80859375,47.061588287353516,15.723101615905762,0.07373046875,175.87530517578125,133.3953399658203,298.37841796875,0.0008429383876563891,0.009999999776482582,59,23949,,,,,,,,,,,,,,,,
2.1428260803222656,0.8046875,46.38405990600586,17.426496505737305,0.0791015625,195.89968872070312,161.59970092773438,332.6806335449219,0.0008421937257658985,0.009999999776482582,59,23999,,,,,,,,,,,,,,,,
2.167314052581787,0.8046875,44.72291946411133,15.441983222961426,0.0732421875,184.75283813476562,135.75814819335938,305.9537658691406,0.0008414476337666089,0.009999999776482582,59,24049,,,,,,,,,,,,,,,,
2.1485185623168945,0.8046875,46.038368225097656,15.042025566101074,0.0859375,177.71800231933594,151.0624237060547,307.69921875,0.0008407001147811789,0.009999999776482582,59,24099,,,,,,,,,,,,,,,,
,,,,,,,,,,59,24119,1.911856770515442,0.8320786356925964,49.28522491455078,16.527395248413086,0.20371314883232117,166.9850616455078,131.7618865966797,291.4507141113281,,,,,,,,
,,,,,,,,,,59,24119,,,,,,,,,2.1674482822418213,0.8061062097549438,46.27671813964844,15.305644989013672,0.07651744037866592,179.17855834960938,134.5289764404297,301.2553405761719
2.1949472427368164,0.79296875,45.339393615722656,15.25888442993164,0.0771484375,177.73782348632812,124.10673522949219,293.6301574707031,0.0008399511719382387,0.009999999776482582,60,24149,,,,,,,,,,,,,,,,
2.1666224002838135,0.8046875,46.337406158447266,16.6435604095459,0.08154296875,180.2395477294922,139.32054138183594,305.4452209472656,0.0008392008083723788,0.009999999776482582,60,24199,,,,,,,,,,,,,,,,
2.1052322387695312,0.796875,45.33892059326172,15.159708976745605,0.0966796875,152.42156982421875,110.79688262939453,261.63232421875,0.0008384490272241353,0.009999999776482582,60,24249,,,,,,,,,,,,,,,,
2.13010311126709,0.80078125,45.27701950073242,21.252553939819336,0.1064453125,178.0034942626953,171.16567993164062,320.3968505859375,0.0008376958316399775,0.009999999776482582,60,24299,,,,,,,,,,,,,,,,
2.1568939685821533,0.8125,47.55898666381836,16.917741775512695,0.0751953125,184.4174041748047,148.44581604003906,315.5458679199219,0.0008369412247722948,0.009999999776482582,60,24349,,,,,,,,,,,,,,,,
2.1855149269104004,0.80078125,45.213626861572266,15.993967056274414,0.064453125,166.97366333007812,120.76639556884766,281.4327087402344,0.0008361852097793829,0.009999999776482582,60,24399,,,,,,,,,,,,,,,,
2.202829599380493,0.80859375,47.430389404296875,15.132638931274414,0.06689453125,173.498779296875,125.9278564453125,292.33489990234375,0.0008354277898254315,0.009999999776482582,60,24449,,,,,,,,,,,,,,,,
2.1513891220092773,0.80859375,47.445213317871094,15.511836051940918,0.07568359375,173.43310546875,131.1245880126953,295.080810546875,0.0008346689680805104,0.009999999776482582,60,24499,,,,,,,,,,,,,,,,
,,,,,,,,,,60,24521,1.9462122917175293,0.8259096741676331,48.35291290283203,16.095096588134766,0.18012534081935883,164.03610229492188,126.5634536743164,284.724365234375,,,,,,,,
,,,,,,,,,,60,24521,,,,,,,,,2.158430337905884,0.8072333931922913,46.36587142944336,16.363842010498047,0.07943254709243774,178.60496520996094,140.4669189453125,304.2727355957031
2.1552624702453613,0.80078125,44.87030792236328,15.726934432983398,0.07861328125,169.47715759277344,125.37181854248047,285.7762451171875,0.0008339087477205562,0.009999999776482582,61,24549,,,,,,,,,,,,,,,,
