train_metrics/feature_std_step,train_metrics/ijepa_loss_trunk_step,train_metrics/ctx_loss_trunk_step,train_metrics/ijepa_loss_final_step,train_metrics/ctx_loss_final_step,train_metrics/loss_step,train_metrics/lr,train_metrics/wd,epoch,step,val_metrics/feature_std,val_metrics/ijepa_loss_trunk,val_metrics/ctx_loss_trunk,val_metrics/ijepa_loss_final,val_metrics/ctx_loss_final,val_metrics/loss,train_metrics/feature_std_epoch,train_metrics/ijepa_loss_trunk_epoch,train_metrics/ctx_loss_trunk_epoch,train_metrics/ijepa_loss_final_epoch,train_metrics/ctx_loss_final_epoch,train_metrics/loss_epoch
0.6323032975196838,0.8305519223213196,0.8583293557167053,0.8543853163719177,0.8701756000518799,1.7137455940246582,1.2583892385009676e-05,0.009999999776482582,0,49,,,,,,,,,,,,
0.6275535821914673,0.5262879133224487,0.5716961026191711,0.5154964327812195,0.5242134928703308,1.0600495338439941,2.5167784770019352e-05,0.009999999776482582,0,99,,,,,,,,,,,,
0.6217089295387268,0.40444400906562805,0.402666300535202,0.36012008786201477,0.3544594943523407,0.7771828174591064,3.775167715502903e-05,0.009999999776482582,0,149,,,,,,,,,,,,
0.6161962747573853,0.361637681722641,0.34805771708488464,0.28877201676368713,0.2898741662502289,0.6610418558120728,5.0335569540038705e-05,0.009999999776482582,0,199,,,,,,,,,,,,
0.6120156645774841,0.2884969711303711,0.3052407503128052,0.2178889364004135,0.21834927797317505,0.5151124000549316,6.291946192504838e-05,0.009999999776482582,0,249,,,,,,,,,,,,
0.6076070666313171,0.3266104757785797,0.26215144991874695,0.220328226685524,0.18871338665485382,0.5544531345367432,7.550335431005806e-05,0.009999999776482582,0,299,,,,,,,,,,,,
0.6011461615562439,0.2884960174560547,0.215758815407753,0.1766434758901596,0.14202246069908142,0.4711025059223175,8.808724669506773e-05,0.009999999776482582,0,349,,,,,,,,,,,,
0.5976155400276184,0.19684047996997833,0.20474378764629364,0.11637420952320099,0.11516308039426804,0.31854647397994995,0.00010067113908007741,0.009999999776482582,0,399,,,,,,,,,,,,
0.5914543271064758,0.2467530518770218,0.17273007333278656,0.1388903260231018,0.11083599925041199,0.3903694748878479,0.00011325503146508709,0.009999999776482582,0,449,,,,,,,,,,,,
0.594710111618042,0.2816430628299713,0.17422114312648773,0.1518660932779312,0.10863383114337921,0.4382234215736389,0.00012583892385009676,0.009999999776482582,0,499,,,,,,,,,,,,
0.5921187400817871,0.2574324309825897,0.153842493891716,0.12987245619297028,0.08633805811405182,0.39130789041519165,0.00013842282351106405,0.009999999776482582,0,549,,,,,,,,,,,,
,,,,,,,,0,595,0.5763313174247742,0.2553483247756958,0.1662997156381607,0.145870178937912,0.10908486694097519,0.4058082699775696,,,,,,
,,,,,,,,0,595,,,,,,,0.6089144349098206,0.3838421404361725,0.355652391910553,0.31164541840553284,0.29797571897506714,0.7063813209533691
0.5921428203582764,0.14888973534107208,0.1439630389213562,0.08102776110172272,0.07910606265068054,0.2373531460762024,0.00015100670862011611,0.009999999776482582,1,599,,,,,,,,,,,,
0.5902614593505859,0.2325950711965561,0.13204853236675262,0.11355578154325485,0.07787381112575531,0.35314828157424927,0.0001635906082810834,0.009999999776482582,1,649,,,,,,,,,,,,
0.5916430950164795,0.265853613615036,0.13366355001926422,0.1104087084531784,0.07557161152362823,0.383236825466156,0.00017617449339013547,0.009999999776482582,1,699,,,,,,,,,,,,
0.5923378467559814,0.1483021080493927,0.13700908422470093,0.0702771469950676,0.06879380345344543,0.22543933987617493,0.00018875839305110276,0.009999999776482582,1,749,,,,,,,,,,,,
0.5929226875305176,0.2475796341896057,0.13278307020664215,0.10217435657978058,0.07211536914110184,0.35658392310142517,0.00020134227816015482,0.009999999776482582,1,799,,,,,,,,,,,,
0.5967698097229004,0.26427656412124634,0.1354532390832901,0.10421562939882278,0.07398505508899689,0.3754734694957733,0.0002139261778211221,0.009999999776482582,1,849,,,,,,,,,,,,
0.5992486476898193,0.2746845483779907,0.13503071665763855,0.10405858606100082,0.07180916517972946,0.3856377899646759,0.00022651006293017417,0.009999999776482582,1,899,,,,,,,,,,,,
0.600498378276825,0.27319639921188354,0.13659021258354187,0.09085565060377121,0.06549631804227829,0.3707882761955261,0.00023909396259114146,0.009999999776482582,1,949,,,,,,,,,,,,
0.6005423665046692,0.26113051176071167,0.13744226098060608,0.08613070845603943,0.06336059421300888,0.3539546728134155,0.0002516778477001935,0.009999999776482582,1,999,,,,,,,,,,,,
0.6058347225189209,0.3088645935058594,0.1413509100675583,0.11124979704618454,0.07353508472442627,0.42727723717689514,0.0002642617328092456,0.009999999776482582,1,1049,,,,,,,,,,,,
0.6054452061653137,0.29979878664016724,0.1420721560716629,0.10689107328653336,0.071065753698349,0.41379445791244507,0.0002768456470221281,0.009999999776482582,1,1099,,,,,,,,,,,,
0.6073014140129089,0.16748195886611938,0.15085871517658234,0.07793954014778137,0.07532034069299698,0.25296080112457275,0.00028942953213118017,0.009999999776482582,1,1149,,,,,,,,,,,,
,,,,,,,,1,1191,0.4716511070728302,0.2870733141899109,0.16013070940971375,0.10927286744117737,0.08462227880954742,0.40450456738471985,,,,,,
,,,,,,,,1,1191,,,,,,,0.5989788770675659,0.25067564845085144,0.1407279074192047,0.1001027300953865,0.07457789778709412,0.35795530676841736
0.6084140539169312,0.32433223724365234,0.14785036444664001,0.10673801600933075,0.07022993266582489,0.4419742822647095,0.00030201341724023223,0.009999999776482582,2,1199,,,,,,,,,,,,
0.6098123788833618,0.3325628340244293,0.14557775855064392,0.11554723978042603,0.08155331015586853,0.4594666361808777,0.0003145973023492843,0.009999999776482582,2,1249,,,,,,,,,,,,
0.6128597855567932,0.33105260133743286,0.13975894451141357,0.09981793910264969,0.07008048892021179,0.44136252999305725,0.0003271812165621668,0.009999999776482582,2,1299,,,,,,,,,,,,
0.6140350699424744,0.3089347183704376,0.13862913846969604,0.10432291030883789,0.07264130562543869,0.4238211512565613,0.00033976510167121887,0.009999999776482582,2,1349,,,,,,,,,,,,
0.614323616027832,0.31339821219444275,0.13589222729206085,0.10579552501440048,0.07271094620227814,0.42962390184402466,0.00035234898678027093,0.009999999776482582,2,1399,,,,,,,,,,,,
0.6174111366271973,0.17251449823379517,0.15015925467014313,0.08419647067785263,0.0811142697930336,0.2682746648788452,0.000364932871889323,0.009999999776482582,2,1449,,,,,,,,,,,,
0.6180803775787354,0.3425138592720032,0.14144955575466156,0.11597650498151779,0.07986970990896225,0.4695563316345215,0.0003775167861022055,0.009999999776482582,2,1499,,,,,,,,,,,,
0.621522068977356,0.1699192374944687,0.14810681343078613,0.0799446552991867,0.07748313248157501,0.26114338636398315,0.0003901006712112576,0.009999999776482582,2,1549,,,,,,,,,,,,
0.6229277849197388,0.30887043476104736,0.14058303833007812,0.10248512029647827,0.07334193587303162,0.4220517873764038,0.00040268455632030964,0.009999999776482582,2,1599,,,,,,,,,,,,
0.6255530118942261,0.3379271924495697,0.14269934594631195,0.11348316073417664,0.07856953889131546,0.4624738097190857,0.00041526847053319216,0.009999999776482582,2,1649,,,,,,,,,,,,
0.6262251734733582,0.17015290260314941,0.14733542501926422,0.08676454424858093,0.08358617126941681,0.26846352219581604,0.0004278523556422442,0.009999999776482582,2,1699,,,,,,,,,,,,
0.6284400224685669,0.3379453122615814,0.1362050175666809,0.10610105097293854,0.07308430969715118,0.45451080799102783,0.0004404362407512963,0.009999999776482582,2,1749,,,,,,,,,,,,
,,,,,,,,2,1787,0.48968788981437683,0.33141273260116577,0.15270304679870605,0.12859688699245453,0.09352275729179382,0.47232091426849365,,,,,,
,,,,,,,,2,1787,,,,,,,0.619012176990509,0.2837516963481903,0.14262352883815765,0.10141633450984955,0.07611531019210815,0.39610520005226135
0.6283740997314453,0.16961884498596191,0.14676526188850403,0.08294490724802017,0.07997079938650131,0.26767951250076294,0.00045302012586034834,0.009999999776482582,3,1799,,,,,,,,,,,,
0.629666805267334,0.31092336773872375,0.13660213351249695,0.1100151464343071,0.07717006653547287,0.43518999218940735,0.00046560404007323086,0.009999999776482582,3,1849,,,,,,,,,,,,
0.632142186164856,0.3104760944843292,0.13822413980960846,0.10764013230800629,0.07902190834283829,0.4325993061065674,0.0004781879251822829,0.009999999776482582,3,1899,,,,,,,,,,,,
0.6332231760025024,0.2883840799331665,0.1339987963438034,0.10253791511058807,0.07433763891458511,0.4048110842704773,0.0004907718393951654,0.009999999776482582,3,1949,,,,,,,,,,,,
0.6334341764450073,0.1685403436422348,0.144093319773674,0.0917249545454979,0.08796240389347076,0.27573567628860474,0.000503355695400387,0.009999999776482582,3,1999,,,,,,,,,,,,
0.6337142586708069,0.35819509625434875,0.13564391434192657,0.12418978661298752,0.0861627459526062,0.4971719980239868,0.0005159396096132696,0.009999999776482582,3,2049,,,,,,,,,,,,
0.637140691280365,0.34403347969055176,0.13644014298915863,0.11435948312282562,0.08296268433332443,0.4730198085308075,0.0005285234656184912,0.009999999776482582,3,2099,,,,,,,,,,,,
0.6367574334144592,0.34418320655822754,0.13335037231445312,0.11963404715061188,0.08380218595266342,0.47829410433769226,0.0005411073798313737,0.009999999776482582,3,2149,,,,,,,,,,,,
0.636401891708374,0.34879744052886963,0.13562899827957153,0.12175634503364563,0.0846877247095108,0.485241562128067,0.0005536912940442562,0.009999999776482582,3,2199,,,,,,,,,,,,
0.6366056203842163,0.169192373752594,0.14473378658294678,0.10054802149534225,0.0955754965543747,0.2857609987258911,0.0005662751500494778,0.009999999776482582,3,2249,,,,,,,,,,,,
0.6355868577957153,0.3233505189418793,0.13173097372055054,0.11668245494365692,0.08261445164680481,0.4543226659297943,0.0005788590642623603,0.009999999776482582,3,2299,,,,,,,,,,,,
0.6350631713867188,0.358463853597641,0.13553059101104736,0.1372002512216568,0.09237673133611679,0.5108579397201538,0.0005914429784752429,0.009999999776482582,3,2349,,,,,,,,,,,,
,,,,,,,,3,2383,0.5470942258834839,0.3254130482673645,0.14410293102264404,0.13340948522090912,0.09821447730064392,0.4749771058559418,,,,,,
,,,,,,,,3,2383,,,,,,,0.6337761878967285,0.2939983308315277,0.1373181939125061,0.11320330202579498,0.0848139300942421,0.4220103919506073
0.6354560852050781,0.3164115250110626,0.13108153641223907,0.11848577111959457,0.0845123827457428,0.4528634548187256,0.0006040268344804645,0.009999999776482582,4,2399,,,,,,,,,,,,
0.6337567567825317,0.3376772403717041,0.1366572082042694,0.13236387073993683,0.09256422519683838,0.48914289474487305,0.000616610748693347,0.009999999776482582,4,2449,,,,,,,,,,,,
0.6326795816421509,0.3365304172039032,0.1303633600473404,0.12481987476348877,0.08700434118509293,0.47946426272392273,0.0006291946046985686,0.009999999776482582,4,2499,,,,,,,,,,,,
0.6332863569259644,0.3325197398662567,0.1319601684808731,0.13305436074733734,0.08944956958293915,0.48402488231658936,0.0006417785189114511,0.009999999776482582,4,2549,,,,,,,,,,,,
0.6330647468566895,0.16759684681892395,0.1426006555557251,0.09650085121393204,0.09101525694131851,0.2835657000541687,0.0006543624331243336,0.009999999776482582,4,2599,,,,,,,,,,,,
0.6333627104759216,0.3406549096107483,0.12880881130695343,0.13006848096847534,0.08695963025093079,0.488704115152359,0.0006669462891295552,0.009999999776482582,4,2649,,,,,,,,,,,,
0.6325900554656982,0.35823410749435425,0.1270551234483719,0.13681906461715698,0.08678633719682693,0.5128732919692993,0.0006795302033424377,0.009999999776482582,4,2699,,,,,,,,,,,,
0.6303901076316833,0.32298359274864197,0.127889484167099,0.12875990569591522,0.08826088905334473,0.46975603699684143,0.0006921141175553203,0.009999999776482582,4,2749,,,,,,,,,,,,
0.6299866437911987,0.3603319525718689,0.13130652904510498,0.13365082442760468,0.08993344008922577,0.5124194622039795,0.0007046979735605419,0.009999999776482582,4,2799,,,,,,,,,,,,
0.6308801174163818,0.3666380047798157,0.13144055008888245,0.1449698954820633,0.09165097028017044,0.5301988124847412,0.0007172818877734244,0.009999999776482582,4,2849,,,,,,,,,,,,
0.6286948919296265,0.1610288769006729,0.13778261840343475,0.09993491321802139,0.0950218215584755,0.28036415576934814,0.000729865743778646,0.009999999776482582,4,2899,,,,,,,,,,,,
0.6267910003662109,0.16943992674350739,0.1439274251461029,0.10478276759386063,0.09935904294252396,0.2944965660572052,0.0007424496579915285,0.009999999776482582,4,2949,,,,,,,,,,,,
,,,,,,,,4,2979,0.5700552463531494,0.315695196390152,0.13981114327907562,0.13713599741458893,0.09871658682823181,0.4727085530757904,,,,,,
,,,,,,,,4,2979,,,,,,,0.6315040588378906,0.2874276041984558,0.13268664479255676,0.11971261352300644,0.08894709497690201,0.4256095290184021
0.6263177990913391,0.3227660655975342,0.1252090483903885,0.12914006412029266,0.086238794028759,0.47305092215538025,0.000755033572204411,0.009999999776482582,5,2999,,,,,,,,,,,,
0.626079261302948,0.2828630208969116,0.12325674295425415,0.11944263428449631,0.08250860124826431,0.42288219928741455,0.0007676174282096326,0.009999999776482582,5,3049,,,,,,,,,,,,
0.6261721849441528,0.17183127999305725,0.14424920082092285,0.10530552268028259,0.09925702214241028,0.30148741602897644,0.0007802013424225152,0.009999999776482582,5,3099,,,,,,,,,,,,
0.6244050860404968,0.1692148596048355,0.1436745673418045,0.10683555901050568,0.10088338702917099,0.30050623416900635,0.0007927852566353977,0.009999999776482582,5,3149,,,,,,,,,,,,
0.6247413754463196,0.34917742013931274,0.12276455760002136,0.13575324416160583,0.08897272497415543,0.5061044096946716,0.0008053691126406193,0.009999999776482582,5,3199,,,,,,,,,,,,
0.6222577095031738,0.35295289754867554,0.12382279336452484,0.13927742838859558,0.09059692174196243,0.5136722922325134,0.0008179530268535018,0.009999999776482582,5,3249,,,,,,,,,,,,
0.6220908164978027,0.33792921900749207,0.12319597601890564,0.13321779668331146,0.08796376734972,0.49226298928260803,0.0008305369410663843,0.009999999776482582,5,3299,,,,,,,,,,,,
0.6204860210418701,0.16565917432308197,0.13995672762393951,0.10846274346113205,0.10214101523160934,0.29833167791366577,0.0008431207970716059,0.009999999776482582,5,3349,,,,,,,,,,,,
0.6202341914176941,0.16548536717891693,0.13891232013702393,0.1069149523973465,0.10019584745168686,0.2963111400604248,0.0008557047112844884,0.009999999776482582,5,3399,,,,,,,,,,,,
0.6198983192443848,0.16930989921092987,0.14381416141986847,0.11050748080015182,0.1036703810095787,0.3045658469200134,0.00086828856728971,0.009999999776482582,5,3449,,,,,,,,,,,,
0.6168851852416992,0.1705993264913559,0.1425379067659378,0.11349698901176453,0.10608279705047607,0.30895838141441345,0.0008808724815025926,0.009999999776482582,5,3499,,,,,,,,,,,,
0.6159899234771729,0.3304799497127533,0.11866135895252228,0.135036438703537,0.0870516449213028,0.4860876798629761,0.0008934563957154751,0.009999999776482582,5,3549,,,,,,,,,,,,
,,,,,,,,5,3575,0.5649980902671814,0.2951444089412689,0.14099222421646118,0.14704909920692444,0.11008767038583755,0.46730154752731323,,,,,,
,,,,,,,,5,3575,,,,,,,0.6218306422233582,0.28860482573509216,0.12838196754455566,0.1271468549966812,0.09140636771917343,0.437730610370636
0.6161108613014221,0.16139335930347443,0.13536576926708221,0.10729532688856125,0.10094605386257172,0.2962583899497986,0.0009060402517206967,0.009999999776482582,6,3599,,,,,,,,,,,,
0.6158452033996582,0.30884218215942383,0.12317513674497604,0.13374146819114685,0.09009524434804916,0.46746522188186646,0.0009186241659335792,0.009999999776482582,6,3649,,,,,,,,,,,,
0.6145317554473877,0.33988556265830994,0.123310387134552,0.14102138578891754,0.0905083417892456,0.505852460861206,0.0009312080801464617,0.009999999776482582,6,3699,,,,,,,,,,,,
0.6124294400215149,0.35133692622184753,0.11975765228271484,0.1457834094762802,0.09237867593765259,0.5218695402145386,0.0009437919361516833,0.009999999776482582,6,3749,,,,,,,,,,,,
0.6111829280853271,0.31576573848724365,0.12277644872665405,0.14155897498130798,0.0908142700791359,0.4822436273097992,0.0009563758503645658,0.009999999776482582,6,3799,,,,,,,,,,,,
0.6118909120559692,0.35013917088508606,0.12161338329315186,0.14789976179599762,0.09488637745380402,0.5232972502708435,0.0009689597063697875,0.009999999776482582,6,3849,,,,,,,,,,,,
0.6112465858459473,0.3441198766231537,0.12210743874311447,0.151323601603508,0.09662928432226181,0.5209627747535706,0.0009815436787903309,0.009999999776482582,6,3899,,,,,,,,,,,,
0.6111660003662109,0.3049010634422302,0.11767284572124481,0.1396474838256836,0.08940201997756958,0.46870726346969604,0.0009941274765878916,0.009999999776482582,6,3949,,,,,,,,,,,,
0.6095938086509705,0.3130131661891937,0.11843840032815933,0.1400902420282364,0.09252819418907166,0.4777161777019501,0.001006711390800774,0.009999999776482582,6,3999,,,,,,,,,,,,
0.6107386350631714,0.17061758041381836,0.14209239184856415,0.11934387683868408,0.11053779721260071,0.3194350004196167,0.0010192953050136566,0.009999999776482582,6,4049,,,,,,,,,,,,
0.608954906463623,0.28643015027046204,0.11956194043159485,0.13959047198295593,0.09242624789476395,0.4507525563240051,0.0010318792192265391,0.009999999776482582,6,4099,,,,,,,,,,,,
0.6095606684684753,0.31408488750457764,0.11901408433914185,0.14629289507865906,0.0934104323387146,0.4851606488227844,0.0010444631334394217,0.009999999776482582,6,4149,,,,,,,,,,,,
,,,,,,,,6,4171,0.5736255645751953,0.3110535442829132,0.13520900905132294,0.16510120034217834,0.11582273989915848,0.5054417848587036,,,,,,
,,,,,,,,6,4171,,,,,,,0.6121031641960144,0.2909834384918213,0.12421039491891861,0.13774779438972473,0.09559821337461472,0.45437559485435486
0.6092694401741028,0.17087207734584808,0.14127157628536224,0.12601758539676666,0.11632842570543289,0.331236332654953,0.0010570469312369823,0.009999999776482582,7,4199,,,,,,,,,,,,
0.6077215075492859,0.31956300139427185,0.11704610288143158,0.15797020494937897,0.0990501195192337,0.5063459873199463,0.0010696308454498649,0.009999999776482582,7,4249,,,,,,,,,,,,
0.607696533203125,0.32889777421951294,0.1176190972328186,0.1575203537940979,0.0979175791144371,0.5151563882827759,0.0010822147596627474,0.009999999776482582,7,4299,,,,,,,,,,,,
0.6072221994400024,0.3303864896297455,0.11724241822957993,0.15377575159072876,0.09677217900753021,0.5126975178718567,0.00109479867387563,0.009999999776482582,7,4349,,,,,,,,,,,,
0.6073509454727173,0.2787700593471527,0.11666813492774963,0.1445099413394928,0.094181589782238,0.4513933062553406,0.0011073825880885124,0.009999999776482582,7,4399,,,,,,,,,,,,
0.6070130467414856,0.3372776508331299,0.11885160207748413,0.1565045863389969,0.10065892338752747,0.5230503082275391,0.0011199663858860731,0.009999999776482582,7,4449,,,,,,,,,,,,
0.6073964834213257,0.3020792007446289,0.11296552419662476,0.14966794848442078,0.09591177850961685,0.47959744930267334,0.0011325503000989556,0.009999999776482582,7,4499,,,,,,,,,,,,
0.6072988510131836,0.30258339643478394,0.11776497960090637,0.15181677043437958,0.0967315211892128,0.482999712228775,0.0011451342143118382,0.009999999776482582,7,4549,,,,,,,,,,,,
0.6050267815589905,0.3311840295791626,0.11616308987140656,0.16252465546131134,0.10127665847539902,0.5227006673812866,0.0011577181285247207,0.009999999776482582,7,4599,,,,,,,,,,,,
0.6053997278213501,0.300015926361084,0.1149592325091362,0.1559847742319107,0.10046806186437607,0.48472434282302856,0.0011703020427376032,0.009999999776482582,7,4649,,,,,,,,,,,,
0.6062256097793579,0.16430002450942993,0.13619881868362427,0.12968067824840546,0.11949072033166885,0.3280726373195648,0.0011828859569504857,0.009999999776482582,7,4699,,,,,,,,,,,,
0.6058807373046875,0.3256635069847107,0.1145845279097557,0.1601196676492691,0.10112499445676804,0.5145444869995117,0.0011954697547480464,0.009999999776482582,7,4749,,,,,,,,,,,,
,,,,,,,,7,4767,0.5803123712539673,0.2951134145259857,0.13191060721874237,0.17109672725200653,0.12145931273698807,0.49999281764030457,,,,,,
,,,,,,,,7,4767,,,,,,,0.6070104241371155,0.2842639982700348,0.12149921804666519,0.14838893711566925,0.10207314789295197,0.46246281266212463
0.6019926071166992,0.16445833444595337,0.1361127346754074,0.13036935031414032,0.11922411620616913,0.3331282138824463,0.001208053668960929,0.009999999776482582,8,4799,,,,,,,,,,,,
0.6046332120895386,0.28169211745262146,0.1121818944811821,0.1554412990808487,0.09834890812635422,0.46871304512023926,0.0012206375831738114,0.009999999776482582,8,4849,,,,,,,,,,,,
0.6052222847938538,0.15960994362831116,0.1323242485523224,0.1281924843788147,0.11781002581119537,0.32532256841659546,0.001233221497386694,0.009999999776482582,8,4899,,,,,,,,,,,,
0.6026819348335266,0.329889178276062,0.11473071575164795,0.16808371245861053,0.1039000153541565,0.5307675004005432,0.0012458054115995765,0.009999999776482582,8,4949,,,,,,,,,,,,
0.6025024652481079,0.3283386826515198,0.11491366475820541,0.16307306289672852,0.10259006917476654,0.5240373015403748,0.0012583892093971372,0.009999999776482582,8,4999,,,,,,,,,,,,
0.6016429662704468,0.3082546591758728,0.11270444095134735,0.1624259650707245,0.1013256087899208,0.5027851462364197,0.0012709731236100197,0.009999999776482582,8,5049,,,,,,,,,,,,
0.6024411916732788,0.29812130331993103,0.10935895889997482,0.15600468218326569,0.0981997400522232,0.4852598011493683,0.0012835570378229022,0.009999999776482582,8,5099,,,,,,,,,,,,
0.6016255617141724,0.30734729766845703,0.11426277458667755,0.16373826563358307,0.10221220552921295,0.5035567879676819,0.0012961409520357847,0.009999999776482582,8,5149,,,,,,,,,,,,
0.6009231805801392,0.3393879234790802,0.10952028632164001,0.17425450682640076,0.10576709359884262,0.5459355115890503,0.0013087248662486672,0.009999999776482582,8,5199,,,,,,,,,,,,
0.5996869802474976,0.3391517102718353,0.11140377819538116,0.16899457573890686,0.10189829766750336,0.5401415824890137,0.0013213087804615498,0.009999999776482582,8,5249,,,,,,,,,,,,
0.5996387004852295,0.16575250029563904,0.13484716415405273,0.13452968001365662,0.12186694145202637,0.33878928422927856,0.0013338925782591105,0.009999999776482582,8,5299,,,,,,,,,,,,
0.599105954170227,0.3219631016254425,0.11106672883033752,0.1696631908416748,0.10529261082410812,0.5240801572799683,0.001346476492471993,0.009999999776482582,8,5349,,,,,,,,,,,,
,,,,,,,,8,5363,0.5729663968086243,0.3001953363418579,0.12787683308124542,0.17974388599395752,0.12270255386829376,0.5175262093544006,,,,,,
,,,,,,,,8,5363,,,,,,,0.6022657752037048,0.27745896577835083,0.11847835034132004,0.1554146707057953,0.10661180317401886,0.4666372239589691
0.5992238521575928,0.15957574546337128,0.13061848282814026,0.13314901292324066,0.12087265402078629,0.3346399664878845,0.0013590604066848755,0.009999999776482582,9,5399,,,,,,,,,,,,
0.5989440679550171,0.3101191818714142,0.11123282462358475,0.1650303304195404,0.10301359742879868,0.5108572244644165,0.001371644320897758,0.009999999776482582,9,5449,,,,,,,,,,,,
0.5966270565986633,0.16032995283603668,0.1315356194972992,0.13358895480632782,0.12111826986074448,0.3360278904438019,0.0013842282351106405,0.009999999776482582,9,5499,,,,,,,,,,,,
0.5973955392837524,0.16255196928977966,0.1337800770998001,0.13807867467403412,0.1263471245765686,0.3439851999282837,0.0013968120329082012,0.009999999776482582,9,5549,,,,,,,,,,,,
0.5970618724822998,0.3238278925418854,0.1109323501586914,0.1729390174150467,0.10527093708515167,0.5328007936477661,0.0014093959471210837,0.009999999776482582,9,5599,,,,,,,,,,,,
0.5947540998458862,0.3046523630619049,0.11353625357151031,0.17437449097633362,0.10602134466171265,0.5156198143959045,0.0014219798613339663,0.009999999776482582,9,5649,,,,,,,,,,,,
0.5941174030303955,0.31386253237724304,0.10708791017532349,0.1639603078365326,0.10219693928956985,0.5127036571502686,0.0014345637755468488,0.009999999776482582,9,5699,,,,,,,,,,,,
0.5940194129943848,0.15918374061584473,0.13041865825653076,0.13532520830631256,0.12266559153795242,0.33668965101242065,0.0014471476897597313,0.009999999776482582,9,5749,,,,,,,,,,,,
0.5921088457107544,0.15834668278694153,0.12967514991760254,0.1342785507440567,0.12161041051149368,0.33450615406036377,0.001459731487557292,0.009999999776482582,9,5799,,,,,,,,,,,,
0.5903330445289612,0.15619245171546936,0.1274951547384262,0.13234061002731323,0.11939063668251038,0.3296806812286377,0.0014723154017701745,0.009999999776482582,9,5849,,,,,,,,,,,,
0.5905062556266785,0.3382212817668915,0.11240602284669876,0.1799245923757553,0.10709128528833389,0.5547287464141846,0.001484899315983057,0.009999999776482582,9,5899,,,,,,,,,,,,
0.5894487500190735,0.30269330739974976,0.10899383574724197,0.16704586148262024,0.1066020131111145,0.5056717991828918,0.0014974832301959395,0.009999999776482582,9,5949,,,,,,,,,,,,
,,,,,,,,9,5959,0.5681397318840027,0.2758467197418213,0.12977881729602814,0.18006497621536255,0.1299312710762024,0.49919676780700684,,,,,,
,,,,,,,,9,5959,,,,,,,0.5945911407470703,0.2722936272621155,0.11592032015323639,0.1607329398393631,0.1097780242562294,0.4706428050994873
0.5880729556083679,0.1633467972278595,0.13295826315879822,0.14054575562477112,0.12689514458179474,0.35153234004974365,0.0014999995660156687,0.009999999776482582,10,5999,,,,,,,,,,,,
0.5861330032348633,0.3333059847354889,0.10722707957029343,0.17890304327011108,0.10539510101079941,0.5511897802352905,0.0014999977399155224,0.009999999776482582,10,6049,,,,,,,,,,,,
0.5844820737838745,0.337927907705307,0.1092270091176033,0.1755180060863495,0.10592909157276154,0.552891194820404,0.0014999944871783113,0.009999999776482582,10,6099,,,,,,,,,,,,
0.5848451256752014,0.15496689081192017,0.12729066610336304,0.13121651113033295,0.1193438470363617,0.33139973878860474,0.0014999898078102293,0.009999999776482582,10,6149,,,,,,,,,,,,
0.5837147235870361,0.15597543120384216,0.12662725150585175,0.13258306682109833,0.11949093639850616,0.3336801528930664,0.001499983701820186,0.009999999776482582,10,6199,,,,,,,,,,,,
0.5814452171325684,0.2998747229576111,0.1035020723938942,0.16493164002895355,0.09946200996637344,0.5020164251327515,0.0014999761692198084,0.009999999776482582,10,6249,,,,,,,,,,,,
0.5812515020370483,0.15501850843429565,0.12614528834819794,0.13635699450969696,0.1241862028837204,0.3372696042060852,0.0014999672100234384,0.009999999776482582,10,6299,,,,,,,,,,,,
0.5798690915107727,0.1583215892314911,0.12920258939266205,0.13866432011127472,0.1260158121585846,0.3437759280204773,0.0014999568242481359,0.009999999776482582,10,6349,,,,,,,,,,,,
0.5766116976737976,0.2993663549423218,0.10635837912559509,0.1679973304271698,0.10471338778734207,0.5060601830482483,0.0014999450119136755,0.009999999776482582,10,6399,,,,,,,,,,,,
0.5759221911430359,0.2902897596359253,0.10843979567289352,0.16690193116664886,0.10216408222913742,0.4958024024963379,0.0014999317730425498,0.009999999776482582,10,6449,,,,,,,,,,,,
0.5752612948417664,0.3153029680252075,0.10686055570840836,0.17235666513442993,0.10535117983818054,0.5265650749206543,0.0014999171076599668,0.009999999776482582,10,6499,,,,,,,,,,,,
0.574150562286377,0.3059948682785034,0.10478030890226364,0.16707150638103485,0.10200721770524979,0.5109773874282837,0.0014999010157938503,0.009999999776482582,10,6549,,,,,,,,,,,,
,,,,,,,,10,6555,0.542533814907074,0.2817612588405609,0.12337660044431686,0.18110503256320953,0.12668757140636444,0.5087114572525024,,,,,,
,,,,,,,,10,6555,,,,,,,0.5814602971076965,0.26557037234306335,0.1125943586230278,0.16031387448310852,0.10898464918136597,0.46650686860084534
0.5726028680801392,0.157887265086174,0.12932856380939484,0.1348467469215393,0.12231874465942383,0.34306347370147705,0.001499883497474841,0.009999999776482582,11,6599,,,,,,,,,,,,
0.5698674917221069,0.31133466958999634,0.10597550868988037,0.1760002076625824,0.10488639771938324,0.5295072793960571,0.0014998645527362952,0.009999999776482582,11,6649,,,,,,,,,,,,
0.5671647787094116,0.32608363032341003,0.10529050976037979,0.17653070390224457,0.10483230650424957,0.5446388721466064,0.0014998441816142854,0.009999999776482582,11,6699,,,,,,,,,,,,
0.563791036605835,0.16654443740844727,0.1356416493654251,0.14507229626178741,0.13155145943164825,0.3650553524494171,0.0014998223841476003,0.009999999776482582,11,6749,,,,,,,,,,,,
0.564810037612915,0.30793535709381104,0.1073625311255455,0.1650513857603073,0.10060063749551773,0.5145794153213501,0.0014997991603777447,0.009999999776482582,11,6799,,,,,,,,,,,,
0.5631521940231323,0.3079458177089691,0.1039028912782669,0.16860456764698029,0.10050686448812485,0.5174323320388794,0.001499774510348938,0.009999999776482582,11,6849,,,,,,,,,,,,
0.5603916645050049,0.31983277201652527,0.10919162631034851,0.18043243885040283,0.10475951433181763,0.5430554151535034,0.0014997484341081164,0.009999999776482582,11,6899,,,,,,,,,,,,
0.5575776100158691,0.28927531838417053,0.10496730357408524,0.16213062405586243,0.09823063760995865,0.492045521736145,0.0014997209317049317,0.009999999776482582,11,6949,,,,,,,,,,,,
0.5567599534988403,0.281948983669281,0.10184391587972641,0.1613520085811615,0.09790146350860596,0.48325008153915405,0.0014996920031917509,0.009999999776482582,11,6999,,,,,,,,,,,,
0.5545973777770996,0.15799696743488312,0.12926794588565826,0.137210875749588,0.1241721361875534,0.3458958566188812,0.0014996616486236565,0.009999999776482582,11,7049,,,,,,,,,,,,
0.5516282320022583,0.15528683364391327,0.12653574347496033,0.1354375183582306,0.1223534569144249,0.34050220251083374,0.0014996298680584465,0.009999999776482582,11,7099,,,,,,,,,,,,
0.550790011882782,0.3185886740684509,0.10203264653682709,0.16998812556266785,0.10081927478313446,0.529147207736969,0.0014995966615566339,0.009999999776482582,11,7149,,,,,,,,,,,,
,,,,,,,,11,7151,0.5164528489112854,0.2839881181716919,0.11830683797597885,0.17711327970027924,0.1181991770863533,0.5084027647972107,,,,,,
,,,,,,,,11,7151,,,,,,,0.5620051622390747,0.26787593960762024,0.11039941012859344,0.16065701842308044,0.1066412404179573,0.471940815448761
0.5474597811698914,0.28203779458999634,0.10436691343784332,0.16422781348228455,0.09871893376111984,0.4902675449848175,0.001499562029181447,0.009999999776482582,12,7199,,,,,,,,,,,,
0.5457761287689209,0.30770963430404663,0.10352135449647903,0.16240859031677246,0.0978928804397583,0.5137579441070557,0.0014995259709988293,0.009999999776482582,12,7249,,,,,,,,,,,,
0.5434941053390503,0.30657702684402466,0.10435967147350311,0.1721574068069458,0.10250795632600784,0.5235557556152344,0.0014994884870774385,0.009999999776482582,12,7299,,,,,,,,,,,,
0.5411670207977295,0.28643926978111267,0.10534621775150299,0.16661380231380463,0.09992965310811996,0.4975295066833496,0.0014994495774886478,0.009999999776482582,12,7349,,,,,,,,,,,,
0.5392879247665405,0.15917295217514038,0.13147032260894775,0.13919810950756073,0.1268901526927948,0.35434916615486145,0.0014994092423065448,0.009999999776482582,12,7399,,,,,,,,,,,,
0.5370968580245972,0.32334572076797485,0.10525164008140564,0.1798006147146225,0.10348128527402878,0.5483717918395996,0.0014993674816079308,0.009999999776482582,12,7449,,,,,,,,,,,,
0.533720076084137,0.3087783455848694,0.10489773005247116,0.16907715797424316,0.09803295135498047,0.5218238234519958,0.0014993242954723226,0.009999999776482582,12,7499,,,,,,,,,,,,
0.5328830480575562,0.15120306611061096,0.12382563203573227,0.13573884963989258,0.12280860543251038,0.3403793275356293,0.0014992796839819504,0.009999999776482582,12,7549,,,,,,,,,,,,
0.5309697389602661,0.3204585313796997,0.10172058641910553,0.1706928163766861,0.09892313927412033,0.5346241593360901,0.0014992336472217584,0.009999999776482582,12,7599,,,,,,,,,,,,
0.5285165905952454,0.1545550376176834,0.12688685953617096,0.13031212985515594,0.11796219646930695,0.3379178047180176,0.001499186185279405,0.009999999776482582,12,7649,,,,,,,,,,,,
0.5252055525779724,0.3030518889427185,0.1013140007853508,0.16745209693908691,0.09579597413539886,0.5132111310958862,0.0014991372982452625,0.009999999776482582,12,7699,,,,,,,,,,,,
,,,,,,,,12,7747,0.4830300807952881,0.278080552816391,0.12121491134166718,0.19193525612354279,0.12788355350494385,0.5239872336387634,,,,,,
,,,,,,,,12,7747,,,,,,,0.5368220806121826,0.26232439279556274,0.10983413457870483,0.15969467163085938,0.10470768064260483,0.4685032069683075
0.524135947227478,0.3077336847782135,0.10324296355247498,0.1676364541053772,0.09642843157052994,0.5219601392745972,0.001499086986212416,0.009999999776482582,13,7749,,,,,,,,,,,,
0.5221300721168518,0.28098565340042114,0.09948547184467316,0.15540900826454163,0.0887245386838913,0.480310320854187,0.001499035249276664,0.009999999776482582,13,7799,,,,,,,,,,,,
0.5188091993331909,0.15894842147827148,0.13094797730445862,0.13591910898685455,0.12315793335437775,0.3541589081287384,0.001498982087536519,0.009999999776482582,13,7849,,,,,,,,,,,,
0.514067530632019,0.30381983518600464,0.1009790301322937,0.16431649029254913,0.09074012190103531,0.5128707885742188,0.0014989275010932053,0.009999999776482582,13,7899,,,,,,,,,,,,
0.5145391225814819,0.2882474660873413,0.09883707761764526,0.15698793530464172,0.08945400267839432,0.48916998505592346,0.0014988714900506612,0.009999999776482582,13,7949,,,,,,,,,,,,
0.5108457803726196,0.30725228786468506,0.10342323780059814,0.1677986979484558,0.09307754039764404,0.5209012031555176,0.0014988140545155362,0.009999999776482582,13,7999,,,,,,,,,,,,
0.5080734491348267,0.29753294587135315,0.10113421827554703,0.1616152971982956,0.0907377302646637,0.5039183497428894,0.0014987551945971934,0.009999999776482582,13,8049,,,,,,,,,,,,
0.5064536333084106,0.2893745005130768,0.10596287995576859,0.16794051229953766,0.09409695863723755,0.5039956569671631,0.0014986949104077072,0.009999999776482582,13,8099,,,,,,,,,,,,
0.5043462514877319,0.31617528200149536,0.10343477129936218,0.16422933340072632,0.09087733179330826,0.5257440805435181,0.0014986332020618645,0.009999999776482582,13,8149,,,,,,,,,,,,
0.5012823343276978,0.2797480523586273,0.10142133384943008,0.1568518877029419,0.08801624923944473,0.480802059173584,0.0014985700696771636,0.009999999776482582,13,8199,,,,,,,,,,,,
0.49780696630477905,0.29333820939064026,0.10266120731830597,0.1630384773015976,0.09010190516710281,0.5013547539710999,0.0014985055133738146,0.009999999776482582,13,8249,,,,,,,,,,,,
0.4961414635181427,0.2830747067928314,0.10408493131399155,0.16064704954624176,0.0900675430893898,0.48902398347854614,0.0014984395332747385,0.009999999776482582,13,8299,,,,,,,,,,,,
,,,,,,,,13,8343,0.45429906249046326,0.26180705428123474,0.12108208984136581,0.17388886213302612,0.11759139597415924,0.49138641357421875,,,,,,
,,,,,,,,13,8343,,,,,,,0.5089058876037598,0.2607105076313019,0.10820531100034714,0.15481017529964447,0.0973639041185379,0.4634867012500763
0.49519073963165283,0.1521940529346466,0.1253390908241272,0.12782873213291168,0.11561013013124466,0.3402600884437561,0.0014983721295055675,0.009999999776482582,14,8349,,,,,,,,,,,,
0.49239325523376465,0.27828389406204224,0.09896352142095566,0.1567247211933136,0.08361677825450897,0.48065370321273804,0.0014983033021946446,0.009999999776482582,14,8399,,,,,,,,,,,,
0.49067220091819763,0.3005082905292511,0.10074440389871597,0.1642693728208542,0.08874182403087616,0.5121492147445679,0.0014982330514730236,0.009999999776482582,14,8449,,,,,,,,,,,,
0.4875844717025757,0.27650320529937744,0.10069417208433151,0.15152674913406372,0.0835118517279625,0.47408145666122437,0.001498161377474468,0.009999999776482582,14,8499,,,,,,,,,,,,
0.4852833151817322,0.27927449345588684,0.1016770452260971,0.1507309526205063,0.08245972543954849,0.4760396480560303,0.0014980882803354518,0.009999999776482582,14,8549,,,,,,,,,,,,
0.4822060763835907,0.30770736932754517,0.10591280460357666,0.16566775739192963,0.08995313942432404,0.5223416090011597,0.001498013760195159,0.009999999776482582,14,8599,,,,,,,,,,,,
0.47977781295776367,0.28462037444114685,0.10185615718364716,0.15376897156238556,0.08477432280778885,0.48504695296287537,0.0014979378171954827,0.009999999776482582,14,8649,,,,,,,,,,,,
0.477370947599411,0.30336353182792664,0.1002979651093483,0.15466734766960144,0.08303990215063095,0.5038653612136841,0.0014978604514810255,0.009999999776482582,14,8699,,,,,,,,,,,,
0.476097047328949,0.15067262947559357,0.12469316273927689,0.12125752866268158,0.10925604403018951,0.3304174542427063,0.0014977816631990988,0.009999999776482582,14,8749,,,,,,,,,,,,
0.47474467754364014,0.3002428114414215,0.09923924505710602,0.1561403125524521,0.08209601044654846,0.5017169713973999,0.0014977014524997225,0.009999999776482582,14,8799,,,,,,,,,,,,
0.4710528254508972,0.3158499300479889,0.10185437649488449,0.1603999137878418,0.08378656953573227,0.5226600766181946,0.0014976198195356255,0.009999999776482582,14,8849,,,,,,,,,,,,
0.46944594383239746,0.25317034125328064,0.09945101290941238,0.14442706108093262,0.08099734783172607,0.4427095055580139,0.0014975367644622446,0.009999999776482582,14,8899,,,,,,,,,,,,
,,,,,,,,14,8939,0.42536500096321106,0.30459338426589966,0.12495836615562439,0.18597282469272614,0.11689893901348114,0.5510305166244507,,,,,,
,,,,,,,,14,8939,,,,,,,0.48088422417640686,0.26216644048690796,0.10662788152694702,0.14989684522151947,0.09089595079421997,0.4614441692829132
0.4670569598674774,0.27612578868865967,0.10115142911672592,0.1458580046892166,0.08067523688077927,0.4704709053039551,0.0014974522874377245,0.009999999776482582,15,8949,,,,,,,,,,,,
0.4621536135673523,0.28118017315864563,0.10281617939472198,0.15869294106960297,0.0835200622677803,0.4895628094673157,0.0014973663886229166,0.009999999776482582,15,8999,,,,,,,,,,,,
0.461963951587677,0.2998473048210144,0.10092247277498245,0.15916511416435242,0.08274497091770172,0.5079904198646545,0.001497279068181381,0.009999999776482582,15,9049,,,,,,,,,,,,
0.4612489938735962,0.26955923438072205,0.09771647304296494,0.14732305705547333,0.07888749241828918,0.4639766812324524,0.0014971903262793829,0.009999999776482582,15,9099,,,,,,,,,,,,
0.4598523676395416,0.2718695402145386,0.10066765546798706,0.1462439000606537,0.08114657551050186,0.4665972590446472,0.0014971001630858963,0.009999999776482582,15,9149,,,,,,,,,,,,
0.455344557762146,0.1555950790643692,0.12957757711410522,0.1198590025305748,0.10837621986865997,0.33890843391418457,0.0014970085787725993,0.009999999776482582,15,9199,,,,,,,,,,,,
0.4525061249732971,0.2776985764503479,0.10354143381118774,0.14821140468120575,0.0789468064904213,0.4745734930038452,0.0014969155735138776,0.009999999776482582,15,9249,,,,,,,,,,,,
0.45367422699928284,0.302505761384964,0.1007135882973671,0.14906740188598633,0.07906722277402878,0.49951469898223877,0.0014968211474868213,0.009999999776482582,15,9299,,,,,,,,,,,,
0.45032885670661926,0.27890193462371826,0.102095827460289,0.1589525043964386,0.08668094873428345,0.48819491267204285,0.0014967253008712266,0.009999999776482582,15,9349,,,,,,,,,,,,
0.450372576713562,0.29839304089546204,0.09977380931377411,0.15085600316524506,0.07906945794820786,0.49694058299064636,0.0014966280338495942,0.009999999776482582,15,9399,,,,,,,,,,,,
0.4460129141807556,0.29711657762527466,0.10155170410871506,0.14830654859542847,0.08129814267158508,0.4941830635070801,0.0014965293466071292,0.009999999776482582,15,9449,,,,,,,,,,,,
0.4452744424343109,0.3091060221195221,0.09893271327018738,0.1494533121585846,0.07914604246616364,0.5060470104217529,0.0014964292393317422,0.009999999776482582,15,9499,,,,,,,,,,,,
,,,,,,,,15,9535,0.39525172114372253,0.28130099177360535,0.11266319453716278,0.16144034266471863,0.09654304385185242,0.49852967262268066,,,,,,
,,,,,,,,15,9535,,,,,,,0.45498842000961304,0.2595474421977997,0.10678665339946747,0.14296898245811462,0.08643020689487457,0.4540407955646515
0.4417893886566162,0.3135569393634796,0.10074662417173386,0.15582257509231567,0.08158637583255768,0.5210405588150024,0.001496327712214046,0.009999999776482582,16,9549,,,,,,,,,,,,
0.44169068336486816,0.27720141410827637,0.09951592981815338,0.13661502301692963,0.07513797283172607,0.46330171823501587,0.0014962247654473574,0.009999999776482582,16,9599,,,,,,,,,,,,
0.43735167384147644,0.30480000376701355,0.10437306016683578,0.14947570860385895,0.07868005335330963,0.5061407685279846,0.0014961203992276972,0.009999999776482582,16,9649,,,,,,,,,,,,
0.4356628954410553,0.1490253061056137,0.1249123066663742,0.11515743285417557,0.10379275679588318,0.32898250222206116,0.001496014613753788,0.009999999776482582,16,9699,,,,,,,,,,,,
0.4341084957122803,0.2994789183139801,0.09902472048997879,0.15008096396923065,0.07915327697992325,0.5000436305999756,0.0014959074092270551,0.009999999776482582,16,9749,,,,,,,,,,,,
0.43243682384490967,0.3009548485279083,0.10120037198066711,0.1470651775598526,0.07935140281915665,0.49917638301849365,0.0014957987858516262,0.009999999776482582,16,9799,,,,,,,,,,,,
0.4276253581047058,0.31620603799819946,0.10092995315790176,0.15838490426540375,0.07954517006874084,0.5257255434989929,0.0014956887438343299,0.009999999776482582,16,9849,,,,,,,,,,,,
0.42752671241760254,0.2971479296684265,0.10086780786514282,0.14969946444034576,0.07730504125356674,0.4973297119140625,0.0014955772833846965,0.009999999776482582,16,9899,,,,,,,,,,,,
0.42582815885543823,0.28468427062034607,0.10435143113136292,0.14514005184173584,0.07986997067928314,0.48202037811279297,0.0014954644047149568,0.009999999776482582,16,9949,,,,,,,,,,,,
0.42479655146598816,0.2802574634552002,0.10507210344076157,0.14362351596355438,0.07673510909080505,0.47539302706718445,0.0014953501080400427,0.009999999776482582,16,9999,,,,,,,,,,,,
0.4233798384666443,0.15351256728172302,0.12875047326087952,0.11553911864757538,0.10475413501262665,0.3352113366127014,0.0014952343935775855,0.009999999776482582,16,10049,,,,,,,,,,,,
0.42244330048561096,0.1566188782453537,0.1320880800485611,0.1140972450375557,0.10261537879705429,0.3372154235839844,0.0014951172615479162,0.009999999776482582,16,10099,,,,,,,,,,,,
,,,,,,,,16,10131,0.3702279329299927,0.26435190439224243,0.11947372555732727,0.15865513682365417,0.10249105095863342,0.4858969748020172,,,,,,
,,,,,,,,16,10131,,,,,,,0.43108341097831726,0.2537550628185272,0.1080762967467308,0.13729611039161682,0.08447953313589096,0.445608913898468
0.4174521863460541,0.25521120429039,0.09995870292186737,0.13443760573863983,0.07196491211652756,0.44122588634490967,0.001494998712174065,0.009999999776482582,17,10149,,,,,,,,,,,,
0.41886889934539795,0.2733612060546875,0.10247200727462769,0.1362646222114563,0.0737919807434082,0.462505042552948,0.0014948787456817605,0.009999999776482582,17,10199,,,,,,,,,,,,
0.4154360890388489,0.2544468939304352,0.10293357074260712,0.13109540939331055,0.07233623415231705,0.4381232261657715,0.0014947573622994305,0.009999999776482582,17,10249,,,,,,,,,,,,
0.41452568769454956,0.3098389804363251,0.09754576534032822,0.14492934942245483,0.07539968937635422,0.5066519975662231,0.0014946345622582002,0.009999999776482582,17,10299,,,,,,,,,,,,
0.4114527702331543,0.27995195984840393,0.10318534821271896,0.14333559572696686,0.07545610517263412,0.4768800139427185,0.0014945103457918922,0.009999999776482582,17,10349,,,,,,,,,,,,
0.4088047444820404,0.3013017177581787,0.10330171883106232,0.14597949385643005,0.07689997553825378,0.501341700553894,0.0014943847131370256,0.009999999776482582,17,10399,,,,,,,,,,,,
0.4091590940952301,0.1521666795015335,0.12898854911327362,0.10779178887605667,0.09829652309417725,0.32814401388168335,0.0014942576645328178,0.009999999776482582,17,10449,,,,,,,,,,,,
0.4056646227836609,0.28084927797317505,0.1034342497587204,0.14322234690189362,0.07784725725650787,0.4784560799598694,0.0014941292002211798,0.009999999776482582,17,10499,,,,,,,,,,,,
0.4029305875301361,0.14862579107284546,0.1257701814174652,0.10365322232246399,0.09384619444608688,0.3181639313697815,0.0014939993204467206,0.009999999776482582,17,10549,,,,,,,,,,,,
0.4037259519100189,0.2871488034725189,0.1031547337770462,0.14357830584049225,0.07580875605344772,0.4844161868095398,0.0014938680254567424,0.009999999776482582,17,10599,,,,,,,,,,,,
0.40044495463371277,0.29827266931533813,0.10145501792430878,0.13997985422611237,0.07571239769458771,0.4914027452468872,0.0014937353155012438,0.009999999776482582,17,10649,,,,,,,,,,,,
0.4003106355667114,0.2696405351161957,0.10059807449579239,0.12899097800254822,0.06988105177879333,0.44977524876594543,0.001493601190832916,0.009999999776482582,17,10699,,,,,,,,,,,,
,,,,,,,,17,10727,0.3507228195667267,0.2727701663970947,0.12337438017129898,0.15820053219795227,0.10417729616165161,0.499236136674881,,,,,,
,,,,,,,,17,10727,,,,,,,0.4090167284011841,0.25405314564704895,0.10854934900999069,0.131842702627182,0.08072487264871597,0.4426780045032501
0.3980149030685425,0.3094558119773865,0.1011212170124054,0.14578774571418762,0.07466631382703781,0.5109096169471741,0.001493465651707146,0.009999999776482582,18,10749,,,,,,,,,,,,
0.3970984220504761,0.15200895071029663,0.12900546193122864,0.10507116466760635,0.09598224610090256,0.3283262252807617,0.0014933286983820119,0.009999999776482582,18,10799,,,,,,,,,,,,
0.3935917615890503,0.3181781768798828,0.10276729613542557,0.14151480793952942,0.0759182944893837,0.5162767171859741,0.0014931903311182855,0.009999999776482582,18,10849,,,,,,,,,,,,
0.3932890295982361,0.15266141295433044,0.12806330621242523,0.1049017459154129,0.09484531730413437,0.3281508684158325,0.0014930505501794312,0.009999999776482582,18,10899,,,,,,,,,,,,
0.3929262161254883,0.2991977334022522,0.09984942525625229,0.1341470628976822,0.07042227685451508,0.48726415634155273,0.001492909355831605,0.009999999776482582,18,10949,,,,,,,,,,,,
0.39063575863838196,0.2917548418045044,0.0985206663608551,0.12682287395000458,0.06895951181650162,0.4716131091117859,0.0014927667483436535,0.009999999776482582,18,10999,,,,,,,,,,,,
0.388217568397522,0.2991645336151123,0.10850179195404053,0.14361993968486786,0.07493559271097183,0.5008729696273804,0.0014926227279871151,0.009999999776482582,18,11049,,,,,,,,,,,,
0.38796794414520264,0.25473082065582275,0.10063409060239792,0.12629447877407074,0.06601765006780624,0.4337983727455139,0.0014924772950362175,0.009999999776482582,18,11099,,,,,,,,,,,,
0.38778212666511536,0.2855073809623718,0.10082676261663437,0.1285650134086609,0.06886772066354752,0.4678089916706085,0.0014923304497678788,0.009999999776482582,18,11149,,,,,,,,,,,,
0.38456985354423523,0.2973208427429199,0.10157158225774765,0.13562625646591187,0.07108982652425766,0.4876232147216797,0.0014921821924617055,0.009999999776482582,18,11199,,,,,,,,,,,,
0.3817031979560852,0.29896506667137146,0.10235906392335892,0.1353386789560318,0.07291802763938904,0.4898081421852112,0.001492032523399994,0.009999999776482582,18,11249,,,,,,,,,,,,
0.3777424395084381,0.287951797246933,0.10119355469942093,0.13118088245391846,0.06983370333909988,0.4732913076877594,0.0014918814428677273,0.009999999776482582,18,11299,,,,,,,,,,,,
,,,,,,,,18,11323,0.3271680772304535,0.27508383989334106,0.1270447075366974,0.1506502330303192,0.10059263557195663,0.4978192150592804,,,,,,
,,,,,,,,18,11323,,,,,,,0.38932186365127563,0.2510671019554138,0.11021491140127182,0.12645269930362701,0.07831210643053055,0.4372197985649109
0.3799503445625305,0.1539064198732376,0.13031283020973206,0.09889271855354309,0.09009712189435959,0.32626911997795105,0.0014917289511525772,0.009999999776482582,19,11349,,,,,,,,,,,,
0.3785792887210846,0.28849825263023376,0.10204190760850906,0.13382290303707123,0.0691307783126831,0.47937870025634766,0.0014915750485449018,0.009999999776482582,19,11399,,,,,,,,,,,,
0.3770146369934082,0.28473496437072754,0.10623908042907715,0.13300782442092896,0.07298853993415833,0.477485328912735,0.001491419735337746,0.009999999776482582,19,11449,,,,,,,,,,,,
0.3761698007583618,0.2851580083370209,0.10547637939453125,0.13553020358085632,0.07163213193416595,0.47972437739372253,0.0014912630118268406,0.009999999776482582,19,11499,,,,,,,,,,,,
0.37523341178894043,0.28040018677711487,0.10257716476917267,0.12403484433889389,0.06625625491142273,0.46071285009384155,0.0014911048783106014,0.009999999776482582,19,11549,,,,,,,,,,,,
0.3742254376411438,0.15686120092868805,0.13292314112186432,0.10143831372261047,0.09314651787281036,0.33365607261657715,0.0014909453350901295,0.009999999776482582,19,11599,,,,,,,,,,,,
0.37264227867126465,0.29765352606773376,0.1012457013130188,0.13378113508224487,0.0693335011601448,0.488294392824173,0.00149078438246921,0.009999999776482582,19,11649,,,,,,,,,,,,
0.37104570865631104,0.15267835557460785,0.129379540681839,0.0967126414179802,0.0874505341053009,0.3216676712036133,0.0014906220207543115,0.009999999776482582,19,11699,,,,,,,,,,,,
0.3672659397125244,0.275831937789917,0.10485070943832397,0.12581445276737213,0.06545434147119522,0.4584147334098816,0.0014904582502545856,0.009999999776482582,19,11749,,,,,,,,,,,,
0.36582061648368835,0.28274378180503845,0.10421775281429291,0.12354329973459244,0.06821998953819275,0.46376633644104004,0.0014902930712818669,0.009999999776482582,19,11799,,,,,,,,,,,,
0.36790308356285095,0.15166422724723816,0.12943129241466522,0.09244690835475922,0.08429089933633804,0.3153518736362457,0.001490126484150671,0.009999999776482582,19,11849,,,,,,,,,,,,
0.3681619167327881,0.1537260115146637,0.13104702532291412,0.0953940898180008,0.08685944974422455,0.321755588054657,0.0014899584891781958,0.009999999776482582,19,11899,,,,,,,,,,,,
,,,,,,,,19,11919,0.31811171770095825,0.2841123342514038,0.1183319017291069,0.14199165999889374,0.08626589924097061,0.49430325627326965,,,,,,
,,,,,,,,19,11919,,,,,,,0.37244099378585815,0.2545533776283264,0.1106049045920372,0.12164677679538727,0.07406041026115417,0.4377552568912506
0.3628377914428711,0.2610439360141754,0.10714548826217651,0.12213752418756485,0.06630958616733551,0.4438907504081726,0.0014897890866843184,0.009999999776482582,20,11949,,,,,,,,,,,,
0.3654366135597229,0.3120989501476288,0.10082881152629852,0.12761376798152924,0.06594455242156982,0.4980834126472473,0.0014896182769915975,0.009999999776482582,20,11999,,,,,,,,,,,,
0.3617067337036133,0.2896336019039154,0.1048460528254509,0.1235368475317955,0.0663173720240593,0.473077654838562,0.0014894460604252704,0.009999999776482582,20,12049,,,,,,,,,,,,
0.35653358697891235,0.1633968949317932,0.13837569952011108,0.10002447664737701,0.09092144668102264,0.3436753749847412,0.0014892724373132531,0.009999999776482582,20,12099,,,,,,,,,,,,
0.35999223589897156,0.29908037185668945,0.10082511603832245,0.12543858587741852,0.06639574468135834,0.4830462336540222,0.001489097407986141,0.009999999776482582,20,12149,,,,,,,,,,,,
0.35843127965927124,0.28835296630859375,0.10445436090230942,0.11987338960170746,0.06443637609481812,0.46733808517456055,0.0014889209727772048,0.009999999776482582,20,12199,,,,,,,,,,,,
0.3573252856731415,0.16217301785945892,0.13751879334449768,0.10277077555656433,0.09361866116523743,0.3458418846130371,0.0014887431320223946,0.009999999776482582,20,12249,,,,,,,,,,,,
0.35343456268310547,0.2869051396846771,0.10960522294044495,0.12911970913410187,0.06663821637630463,0.4777100384235382,0.0014885638860603354,0.009999999776482582,20,12299,,,,,,,,,,,,
0.3553609549999237,0.2781135141849518,0.10490085929632187,0.1255115568637848,0.06824725866317749,0.4642269015312195,0.0014883832352323278,0.009999999776482582,20,12349,,,,,,,,,,,,
0.35330867767333984,0.2537696361541748,0.10088331252336502,0.1087949275970459,0.05928201973438263,0.4186224341392517,0.0014882011798823475,0.009999999776482582,20,12399,,,,,,,,,,,,
0.3514261841773987,0.29954689741134644,0.10866142064332962,0.12803015112876892,0.0659680962562561,0.488697350025177,0.0014880177203570454,0.009999999776482582,20,12449,,,,,,,,,,,,
0.3528648316860199,0.16078993678092957,0.1366656869649887,0.09551194310188293,0.0873936265707016,0.334722638130188,0.0014878328570057451,0.009999999776482582,20,12499,,,,,,,,,,,,
,,,,,,,,20,12515,0.2969554662704468,0.2731775641441345,0.13035118579864502,0.14318376779556274,0.09684079140424728,0.49587854743003845,,,,,,
,,,,,,,,20,12515,,,,,,,0.35736387968063354,0.25615376234054565,0.11146464943885803,0.11605481803417206,0.07071702927350998,0.43597203493118286
0.34938114881515503,0.312903493642807,0.1034647598862648,0.12579551339149475,0.06520343571901321,0.500544011592865,0.0014876465901804436,0.009999999776482582,21,12549,,,,,,,,,,,,
0.3491773009300232,0.2639099657535553,0.10650941729545593,0.11922188103199005,0.06485260277986526,0.44596460461616516,0.00148745892023581,0.009999999776482582,21,12599,,,,,,,,,,,,
0.34894511103630066,0.27540621161460876,0.10371559113264084,0.11899468302726746,0.06296808272600174,0.4555182456970215,0.0014872698475291853,0.009999999776482582,21,12649,,,,,,,,,,,,
0.34711211919784546,0.16247034072875977,0.13834193348884583,0.09374380111694336,0.08511170744895935,0.3381471335887909,0.0014870793724205817,0.009999999776482582,21,12699,,,,,,,,,,,,
0.34547165036201477,0.2985656261444092,0.102671779692173,0.11988953500986099,0.06368610262870789,0.47945305705070496,0.0014868874952726813,0.009999999776482582,21,12749,,,,,,,,,,,,
0.3457169532775879,0.2804199457168579,0.10686386376619339,0.1160454973578453,0.06056734174489975,0.4578568935394287,0.0014866942164508358,0.009999999776482582,21,12799,,,,,,,,,,,,
0.34236758947372437,0.27646660804748535,0.10351287573575974,0.11387152224779129,0.05886013060808182,0.4498748779296875,0.001486499536323066,0.009999999776482582,21,12849,,,,,,,,,,,,
0.34293487668037415,0.27510175108909607,0.10278497636318207,0.1111457571387291,0.05899989604949951,0.44556862115859985,0.0014863034552600612,0.009999999776482582,21,12899,,,,,,,,,,,,
0.3413710296154022,0.2751118540763855,0.10155531018972397,0.110263891518116,0.05940933898091316,0.44439613819122314,0.0014861059736351776,0.009999999776482582,21,12949,,,,,,,,,,,,
0.34008556604385376,0.16329209506511688,0.138535737991333,0.0922076404094696,0.08408485352993011,0.3371272683143616,0.0014859070918244385,0.009999999776482582,21,12999,,,,,,,,,,,,
0.33807629346847534,0.303157240152359,0.10543034970760345,0.11384455114603043,0.0603497289121151,0.4777877926826477,0.0014857068102065332,0.009999999776482582,21,13049,,,,,,,,,,,,
0.3362824320793152,0.29877007007598877,0.10498255491256714,0.11681058257818222,0.06121933460235596,0.4765213429927826,0.001485505129162817,0.009999999776482582,21,13099,,,,,,,,,,,,
,,,,,,,,21,13111,0.2847393751144409,0.27759894728660583,0.12872377038002014,0.1311127245426178,0.08468130230903625,0.4869600832462311,,,,,,
,,,,,,,,21,13111,,,,,,,0.3438682556152344,0.2633616626262665,0.1120135635137558,0.11215199530124664,0.0668078139424324,0.4410811960697174
0.33517205715179443,0.2834838926792145,0.10680146515369415,0.10809164494276047,0.05737168714404106,0.45450857281684875,0.0014853020490773086,0.009999999776482582,22,13149,,,,,,,,,,,,
0.3325626850128174,0.3069867491722107,0.1083013117313385,0.11968355625867844,0.061432551592588425,0.49173495173454285,0.0014850975703366914,0.009999999776482582,22,13199,,,,,,,,,,,,
0.3333616852760315,0.169672429561615,0.14379779994487762,0.0923423320055008,0.08417407423257828,0.349403977394104,0.0014848916933303123,0.009999999776482582,22,13249,,,,,,,,,,,,
0.3322409391403198,0.28867971897125244,0.1088293269276619,0.10971599072217941,0.056749723851680756,0.46186769008636475,0.00148468441845018,0.009999999776482582,22,13299,,,,,,,,,,,,
0.3329467475414276,0.30013418197631836,0.10374794155359268,0.11408300697803497,0.05745339021086693,0.4760110378265381,0.0014844757460909645,0.009999999776482582,22,13349,,,,,,,,,,,,
0.32963240146636963,0.2652902901172638,0.10702522844076157,0.10647769272327423,0.05748464912176132,0.43483006954193115,0.001484265676649998,0.009999999776482582,22,13399,,,,,,,,,,,,
0.332424521446228,0.3201601207256317,0.10879448056221008,0.11987553536891937,0.06301192194223404,0.5058947801589966,0.0014840542105272719,0.009999999776482582,22,13449,,,,,,,,,,,,
0.32726484537124634,0.290447473526001,0.10758771002292633,0.10588188469409943,0.056550610810518265,0.45924901962280273,0.0014838413481254372,0.009999999776482582,22,13499,,,,,,,,,,,,
0.3300023078918457,0.317934513092041,0.10700314491987228,0.11925334483385086,0.06129489094018936,0.501702070236206,0.001483627089849804,0.009999999776482582,22,13549,,,,,,,,,,,,
0.3271045684814453,0.17089740931987762,0.14565987884998322,0.09195613861083984,0.08374710381031036,0.35079288482666016,0.0014834114361083393,0.009999999776482582,22,13599,,,,,,,,,,,,
0.32655104994773865,0.2804601788520813,0.10527941584587097,0.10149803012609482,0.054807018488645554,0.4433246850967407,0.0014831943873116682,0.009999999776482582,22,13649,,,,,,,,,,,,
0.32485851645469666,0.3130468726158142,0.10471336543560028,0.117453932762146,0.05929460749030113,0.49337053298950195,0.0014829759438730716,0.009999999776482582,22,13699,,,,,,,,,,,,
,,,,,,,,22,13707,0.2746557295322418,0.28489115834236145,0.12436854094266891,0.11581531912088394,0.07247134298086166,0.47616177797317505,,,,,,
,,,,,,,,22,13707,,,,,,,0.3310820162296295,0.2635776996612549,0.11468404531478882,0.10653868317604065,0.06399468332529068,0.4386099576950073
0.3231370449066162,0.28733986616134644,0.11071078479290009,0.10591253638267517,0.05591321364045143,0.45990198850631714,0.0014827561062084858,0.009999999776482582,23,13749,,,,,,,,,,,,
0.3237122595310211,0.3074014484882355,0.10647129267454147,0.11262426525354385,0.056744664907455444,0.4853120744228363,0.0014825348747365026,0.009999999776482582,23,13799,,,,,,,,,,,,
0.3229256868362427,0.285132497549057,0.10777877271175385,0.1047595962882042,0.056875165551900864,0.4557536840438843,0.0014823122498783669,0.009999999776482582,23,13849,,,,,,,,,,,,
0.3229319751262665,0.31524690985679626,0.10786857455968857,0.11136724799871445,0.058410272002220154,0.49312567710876465,0.0014820882320579767,0.009999999776482582,23,13899,,,,,,,,,,,,
0.3192142844200134,0.3044626712799072,0.1077769324183464,0.109088234603405,0.05791294574737549,0.4798268675804138,0.0014818628217018832,0.009999999776482582,23,13949,,,,,,,,,,,,
0.3199480175971985,0.2808452546596527,0.10654077678918839,0.10375873744487762,0.0550241582095623,0.4492299556732178,0.0014816360192392885,0.009999999776482582,23,13999,,,,,,,,,,,,
0.3207770586013794,0.2920520603656769,0.1085079163312912,0.10909616202116013,0.059255246073007584,0.468253493309021,0.0014814078251020452,0.009999999776482582,23,14049,,,,,,,,,,,,
0.31614619493484497,0.30842500925064087,0.1089727059006691,0.10921420156955719,0.05569157004356384,0.48350492119789124,0.0014811782397246562,0.009999999776482582,23,14099,,,,,,,,,,,,
0.31741851568222046,0.16836343705654144,0.14398430287837982,0.0819191113114357,0.07452711462974548,0.33768710494041443,0.0014809472635442737,0.009999999776482582,23,14149,,,,,,,,,,,,
0.31459832191467285,0.28768613934516907,0.11033765226602554,0.10740004479885101,0.05772580951452255,0.4623115658760071,0.0014807148970006974,0.009999999776482582,23,14199,,,,,,,,,,,,
0.31336820125579834,0.28460732102394104,0.1088801920413971,0.1021513119339943,0.05517817661166191,0.45238196849823,0.0014804811405363743,0.009999999776482582,23,14249,,,,,,,,,,,,
0.3137708306312561,0.1717013716697693,0.14627903699874878,0.08289865404367447,0.0756637454032898,0.34337714314460754,0.0014802459945963988,0.009999999776482582,23,14299,,,,,,,,,,,,
,,,,,,,,23,14303,0.26362767815589905,0.2796368896961212,0.1297329068183899,0.11413726210594177,0.07234832644462585,0.47460660338401794,,,,,,
,,,,,,,,23,14303,,,,,,,0.3195323646068573,0.2615383267402649,0.11722826957702637,0.1014886349439621,0.062180615961551666,0.43479055166244507
0.3134474754333496,0.3013961613178253,0.10799656063318253,0.10768745094537735,0.05817929282784462,0.4783235192298889,0.0014800094596285108,0.009999999776482582,24,14349,,,,,,,,,,,,
0.31356921792030334,0.2802473306655884,0.1086353063583374,0.10216043144464493,0.054968178272247314,0.45057588815689087,0.001479771536083094,0.009999999776482582,24,14399,,,,,,,,,,,,
0.31325432658195496,0.27546393871307373,0.10357686132192612,0.0984368696808815,0.05137653276324272,0.4384647309780121,0.001479532224413178,0.009999999776482582,24,14449,,,,,,,,,,,,
0.3081647753715515,0.17297086119651794,0.14754557609558105,0.08010292798280716,0.07320224493741989,0.345052033662796,0.0014792915250744331,0.009999999776482582,24,14499,,,,,,,,,,,,
0.3115001916885376,0.27728959918022156,0.10583437979221344,0.0997588112950325,0.05439695343375206,0.44381147623062134,0.0014790494385251741,0.009999999776482582,24,14549,,,,,,,,,,,,
0.3100682497024536,0.2919197678565979,0.11022067815065384,0.10453645884990692,0.05418170243501663,0.46495723724365234,0.0014788059652263558,0.009999999776482582,24,14599,,,,,,,,,,,,
0.3076542019844055,0.2818007469177246,0.10560247302055359,0.1009790301322937,0.053593188524246216,0.44911131262779236,0.0014785611056415736,0.009999999776482582,24,14649,,,,,,,,,,,,
0.3071240782737732,0.17158393561840057,0.14538513123989105,0.08064386248588562,0.07318341732025146,0.3432980179786682,0.0014783148602370635,0.009999999776482582,24,14699,,,,,,,,,,,,
0.30611932277679443,0.30499303340911865,0.1096545085310936,0.10395170748233795,0.056118838489055634,0.4780169725418091,0.001478067229481699,0.009999999776482582,24,14749,,,,,,,,,,,,
0.30465471744537354,0.303996205329895,0.10850943624973297,0.10034298151731491,0.05382593348622322,0.47197893261909485,0.0014778182138469925,0.009999999776482582,24,14799,,,,,,,,,,,,
0.30339837074279785,0.2816516160964966,0.10979688912630081,0.0972166582942009,0.052133359014987946,0.4463392198085785,0.0014775678138070922,0.009999999776482582,24,14849,,,,,,,,,,,,
0.3032445013523102,0.2902659475803375,0.10909394174814224,0.09676013141870499,0.053133051842451096,0.4546206593513489,0.0014773160298387834,0.009999999776482582,24,14899,,,,,,,,,,,,
,,,,,,,,24,14899,0.2539752423763275,0.2772834002971649,0.129905104637146,0.11141105741262436,0.07091747969388962,0.47237062454223633,,,,,,
,,,,,,,,24,14899,,,,,,,0.30865544080734253,0.2605084776878357,0.11855357140302658,0.09649676084518433,0.05965730920433998,0.4312598705291748
0.3051753640174866,0.28819018602371216,0.10688214749097824,0.09831645339727402,0.052787646651268005,0.45569688081741333,0.001477062862421486,0.009999999776482582,25,14949,,,,,,,,,,,,
0.3022257685661316,0.2863958775997162,0.10794409364461899,0.0953541174530983,0.051142461597919464,0.4506875276565552,0.001476808312037254,0.009999999776482582,25,14999,,,,,,,,,,,,
0.30047667026519775,0.3169735372066498,0.11155065149068832,0.10550577938556671,0.05560570955276489,0.4949137568473816,0.0014765523791707752,0.009999999776482582,25,15049,,,,,,,,,,,,
0.3000037670135498,0.3152500092983246,0.10855192691087723,0.10062645375728607,0.05258271470665932,0.4857015013694763,0.0014762950643093691,0.009999999776482582,25,15099,,,,,,,,,,,,
0.3000143766403198,0.1728701889514923,0.14694112539291382,0.07849481701850891,0.07182974368333817,0.3461657166481018,0.0014760363679429877,0.009999999776482582,25,15149,,,,,,,,,,,,
0.2993272542953491,0.29799792170524597,0.10681390017271042,0.10021277517080307,0.05296103656291962,0.467446506023407,0.0014757762905642118,0.009999999776482582,25,15199,,,,,,,,,,,,
0.296500563621521,0.29286205768585205,0.10561137646436691,0.09496510028839111,0.04834109917283058,0.4545398950576782,0.0014755148326682538,0.009999999776482582,25,15249,,,,,,,,,,,,
0.2961053252220154,0.2873668372631073,0.11172174662351608,0.09727243334054947,0.05073338747024536,0.4550365209579468,0.0014752519947529533,0.009999999776482582,25,15299,,,,,,,,,,,,
0.2957121729850769,0.17479629814624786,0.14813730120658875,0.07664154469966888,0.07035230100154877,0.34611666202545166,0.0014749877773187778,0.009999999776482582,25,15349,,,,,,,,,,,,
0.2962454855442047,0.29200026392936707,0.10923933982849121,0.09283436834812164,0.05140838399529457,0.4544486403465271,0.0014747221808688222,0.009999999776482582,25,15399,,,,,,,,,,,,
0.294619083404541,0.3039451837539673,0.11056049168109894,0.09951482713222504,0.05091596022248268,0.47343313694000244,0.0014744552059088067,0.009999999776482582,25,15449,,,,,,,,,,,,
,,,,,,,,25,15495,0.24478571116924286,0.2863079011440277,0.13381816446781158,0.10730693489313126,0.06990260630846024,0.4818938076496124,,,,,,
,,,,,,,,25,15495,,,,,,,0.29835453629493713,0.2611159086227417,0.11899661272764206,0.09171119332313538,0.05691481754183769,0.4290555417537689
0.29482799768447876,0.2761266529560089,0.10891390591859818,0.09051578491926193,0.04912521690130234,0.43776005506515503,0.001474186852947076,0.009999999776482582,26,15499,,,,,,,,,,,,
0.29125285148620605,0.2788657248020172,0.10712475329637527,0.09218625724315643,0.04938247799873352,0.44148024916648865,0.0014739171224945993,0.009999999776482582,26,15549,,,,,,,,,,,,
0.2916894555091858,0.2762377858161926,0.10536209493875504,0.0838385671377182,0.045900698751211166,0.4281446039676666,0.001473646015064968,0.009999999776482582,26,15599,,,,,,,,,,,,
0.29294854402542114,0.2827906608581543,0.10704799741506577,0.09063020348548889,0.04955305531620979,0.44389134645462036,0.001473373531174396,0.009999999776482582,26,15649,,,,,,,,,,,,
0.2914964258670807,0.2955765724182129,0.10570570081472397,0.09123903512954712,0.04771184176206589,0.45585352182388306,0.001473099671341718,0.009999999776482582,26,15699,,,,,,,,,,,,
0.2914469242095947,0.28644806146621704,0.10686462372541428,0.09031905978918076,0.05033525452017784,0.4475070834159851,0.001472824436088388,0.009999999776482582,26,15749,,,,,,,,,,,,
0.28938835859298706,0.28853777050971985,0.10676120966672897,0.09223031252622604,0.04972488805651665,0.4511868357658386,0.00147254782593848,0.009999999776482582,26,15799,,,,,,,,,,,,
0.28820979595184326,0.30009111762046814,0.10673560947179794,0.09002756327390671,0.04736156761646271,0.45946240425109863,0.001472269841418685,0.009999999776482582,26,15849,,,,,,,,,,,,
0.28858262300491333,0.17163069546222687,0.14625823497772217,0.07056792825460434,0.06460174173116684,0.3370856046676636,0.0014719904830583113,0.009999999776482582,26,15899,,,,,,,,,,,,
0.2854048013687134,0.17716363072395325,0.15037694573402405,0.07272276282310486,0.06725962460041046,0.3478228449821472,0.0014717097513892831,0.009999999776482582,26,15949,,,,,,,,,,,,
0.2850688099861145,0.2981250584125519,0.11327121406793594,0.08962220698595047,0.048391684889793396,0.46049556136131287,0.0014714276469461392,0.009999999776482582,26,15999,,,,,,,,,,,,
0.28487011790275574,0.1774674504995346,0.1517007052898407,0.07729575783014297,0.07108785957098007,0.35501807928085327,0.0014711441702660332,0.009999999776482582,26,16049,,,,,,,,,,,,
,,,,,,,,26,16091,0.2381349503993988,0.2867301404476166,0.1291000247001648,0.09627614170312881,0.06208797171711922,0.4690408408641815,,,,,,
,,,,,,,,26,16091,,,,,,,0.289475679397583,0.26347845792770386,0.1192171722650528,0.0867343619465828,0.05379093065857887,0.4280667006969452
0.2854025065898895,0.3022332489490509,0.1083863154053688,0.08783994615077972,0.045058395713567734,0.46168074011802673,0.0014708593218887304,0.009999999776482582,27,16099,,,,,,,,,,,,
0.28409576416015625,0.2773536741733551,0.10825881361961365,0.08436360210180283,0.045234378427267075,0.4333474338054657,0.0014705731023566086,0.009999999776482582,27,16149,,,,,,,,,,,,
0.2843971848487854,0.17557702958583832,0.14841657876968384,0.0711621567606926,0.06541676819324493,0.3465280830860138,0.0014702855122146568,0.009999999776482582,27,16199,,,,,,,,,,,,
0.28441905975341797,0.1791752129793167,0.1528516262769699,0.07105030864477158,0.06518793106079102,0.35197731852531433,0.0014699965520104724,0.009999999776482582,27,16249,,,,,,,,,,,,
0.2820764482021332,0.2849525809288025,0.11083181947469711,0.08385857194662094,0.04501207917928696,0.4415383040904999,0.001469706222294263,0.009999999776482582,27,16299,,,,,,,,,,,,
0.28226715326309204,0.17608283460140228,0.14901846647262573,0.06939487159252167,0.06304614990949631,0.34444117546081543,0.0014694145236188428,0.009999999776482582,27,16349,,,,,,,,,,,,
0.2807685136795044,0.2857959568500519,0.1102963462471962,0.08521270006895065,0.04645601660013199,0.44415974617004395,0.0014691214565396337,0.009999999776482582,27,16399,,,,,,,,,,,,
0.2795047163963318,0.1754884421825409,0.14815019071102142,0.06974521279335022,0.06381461024284363,0.3441505432128906,0.001468827021614662,0.009999999776482582,27,16449,,,,,,,,,,,,
0.27782976627349854,0.2888932526111603,0.10726027190685272,0.08672316372394562,0.046709027141332626,0.44746875762939453,0.0014685312194045593,0.009999999776482582,27,16499,,,,,,,,,,,,
0.27726781368255615,0.1761079728603363,0.14976224303245544,0.06881196051836014,0.06269946694374084,0.344068706035614,0.0014682340504725603,0.009999999776482582,27,16549,,,,,,,,,,,,
0.2771318852901459,0.26104921102523804,0.10864967852830887,0.07419420033693314,0.04205314815044403,0.4055714011192322,0.0014679355153845023,0.009999999776482582,27,16599,,,,,,,,,,,,
0.27730369567871094,0.31504300236701965,0.10676460713148117,0.08907553553581238,0.04620432108640671,0.4755040407180786,0.0014676356147088235,0.009999999776482582,27,16649,,,,,,,,,,,,
,,,,,,,,27,16687,0.2319812774658203,0.2839627265930176,0.1358761340379715,0.09171199053525925,0.06051996722817421,0.46732619404792786,,,,,,
,,,,,,,,27,16687,,,,,,,0.2806767225265503,0.26381224393844604,0.11912759393453598,0.08124294877052307,0.05031736195087433,0.4241296947002411
0.2763235867023468,0.2859795391559601,0.10966257750988007,0.08397357910871506,0.04603978246450424,0.445209264755249,0.0014673343490165629,0.009999999776482582,28,16699,,,,,,,,,,,,
0.27443739771842957,0.28667545318603516,0.11071543395519257,0.08502700924873352,0.044359657913446426,0.44665542244911194,0.001467031718881358,0.009999999776482582,28,16749,,,,,,,,,,,,
0.27340734004974365,0.2840203642845154,0.10897671431303024,0.08119691908359528,0.04258871451020241,0.4384739100933075,0.0014667277248794444,0.009999999776482582,28,16799,,,,,,,,,,,,
0.2747957706451416,0.17151182889938354,0.14529168605804443,0.0639500692486763,0.05891839414834976,0.3341634273529053,0.0014664223675896555,0.009999999776482582,28,16849,,,,,,,,,,,,
0.27254313230514526,0.27829524874687195,0.10707589983940125,0.079849012196064,0.04241420328617096,0.43039780855178833,0.0014661156475934195,0.009999999776482582,28,16899,,,,,,,,,,,,
0.2722013294696808,0.27997416257858276,0.1074620708823204,0.07871848344802856,0.04228280857205391,0.4310693144798279,0.0014658075654747592,0.009999999776482582,28,16949,,,,,,,,,,,,
0.2695569396018982,0.30342331528663635,0.10684629529714584,0.08178500831127167,0.04092107713222504,0.45662921667099,0.0014654981218202923,0.009999999776482582,28,16999,,,,,,,,,,,,
0.27055037021636963,0.26351219415664673,0.10744348168373108,0.0775393396615982,0.04256799817085266,0.4135570824146271,0.0014651873172192276,0.009999999776482582,28,17049,,,,,,,,,,,,
0.2693832218647003,0.2802497446537018,0.10689867287874222,0.0782698392868042,0.04062327742576599,0.42982184886932373,0.0014648751522633662,0.009999999776482582,28,17099,,,,,,,,,,,,
0.2700095772743225,0.17663274705410004,0.1502857655286789,0.0660020187497139,0.06124504655599594,0.34487465023994446,0.0014645616275470986,0.009999999776482582,28,17149,,,,,,,,,,,,
0.2692096531391144,0.30177298188209534,0.10822256654500961,0.07993558049201965,0.0430135540664196,0.45480602979660034,0.001464246743667405,0.009999999776482582,28,17199,,,,,,,,,,,,
0.26862096786499023,0.2815076410770416,0.10673294216394424,0.07540477812290192,0.03989981487393379,0.42778491973876953,0.0014639305012238539,0.009999999776482582,28,17249,,,,,,,,,,,,
,,,,,,,,28,17283,0.22376880049705505,0.29147884249687195,0.13298042118549347,0.09361454099416733,0.05981983244419098,0.47828006744384766,,,,,,
,,,,,,,,28,17283,,,,,,,0.2713475525379181,0.26599934697151184,0.11880224198102951,0.07708748430013657,0.04735133796930313,0.42339470982551575
0.2671588361263275,0.28948482871055603,0.10917086899280548,0.0766250267624855,0.039236415177583694,0.4403134882450104,0.0014636129008186,0.009999999776482582,29,17299,,,,,,,,,,,,
0.2659298777580261,0.2658425569534302,0.107901930809021,0.07227105647325516,0.039622094482183456,0.4118756353855133,0.0014632939430563837,0.009999999776482582,29,17349,,,,,,,,,,,,
0.26448673009872437,0.29596903920173645,0.10980787873268127,0.07532548159360886,0.041272155940532684,0.4468345642089844,0.00146297362854453,0.009999999776482582,29,17399,,,,,,,,,,,,
0.2643353343009949,0.17897194623947144,0.15178216993808746,0.06338106095790863,0.058380238711833954,0.34743422269821167,0.0014626519578929478,0.009999999776482582,29,17449,,,,,,,,,,,,
0.2628955543041229,0.30634135007858276,0.10787748545408249,0.0772004947066307,0.03902188688516617,0.4569915533065796,0.0014623289317141277,0.009999999776482582,29,17499,,,,,,,,,,,,
0.26334425806999207,0.19736045598983765,0.17434298992156982,0.08426748961210251,0.080499067902565,0.40904897451400757,0.001462004550623141,0.009999999776482582,29,17549,,,,,,,,,,,,
0.26244476437568665,0.18175365030765533,0.15435396134853363,0.06583157926797867,0.061483267694711685,0.3555038273334503,0.0014616788152376399,0.009999999776482582,29,17599,,,,,,,,,,,,
0.26104551553726196,0.2771781086921692,0.10665781050920486,0.07255280762910843,0.038808293640613556,0.42246395349502563,0.0014613517261778547,0.009999999776482582,29,17649,,,,,,,,,,,,
0.2589048147201538,0.3013424873352051,0.10556714236736298,0.07307469844818115,0.037137359380722046,0.44576942920684814,0.0014610232840665928,0.009999999776482582,29,17699,,,,,,,,,,,,
0.25940072536468506,0.30044931173324585,0.10540049523115158,0.07634319365024567,0.03992609307169914,0.44945579767227173,0.0014606934895292384,0.009999999776482582,29,17749,,,,,,,,,,,,
0.25974810123443604,0.28855428099632263,0.10563713312149048,0.07174862176179886,0.036619387567043304,0.4314311742782593,0.0014603623431937514,0.009999999776482582,29,17799,,,,,,,,,,,,
0.2580297291278839,0.2961444854736328,0.10367093235254288,0.07280547171831131,0.03559190779924393,0.4385814070701599,0.001460029845690665,0.009999999776482582,29,17849,,,,,,,,,,,,
,,,,,,,,29,17879,0.2191869020462036,0.3063475489616394,0.1268346905708313,0.07929407805204391,0.050136543810367584,0.47412726283073425,,,,,,
,,,,,,,,29,17879,,,,,,,0.2621455192565918,0.2674238383769989,0.12105824053287506,0.07463941723108292,0.0466226227581501,0.4259035885334015
0.25651171803474426,0.17274993658065796,0.1447717547416687,0.059385668486356735,0.05496130883693695,0.3320021331310272,0.0014596959976530845,0.009999999776482582,30,17899,,,,,,,,,,,,
0.2560299336910248,0.17294198274612427,0.14517134428024292,0.05736367031931877,0.0527862049639225,0.3292844295501709,0.001459360799716688,0.009999999776482582,30,17949,,,,,,,,,,,,
0.25633272528648376,0.18087553977966309,0.1515897512435913,0.059697046875953674,0.05497356876730919,0.34385424852371216,0.0014590242525197236,0.009999999776482582,30,17999,,,,,,,,,,,,
0.25615331530570984,0.29913514852523804,0.10586241632699966,0.07075247913599014,0.03741181641817093,0.4415247440338135,0.001458686356703008,0.009999999776482582,30,18049,,,,,,,,,,,,
0.25357329845428467,0.28404608368873596,0.10522008687257767,0.06666280329227448,0.03406389057636261,0.4203508794307709,0.001458347112909926,0.009999999776482582,30,18099,,,,,,,,,,,,
0.2541581392288208,0.17712707817554474,0.14948144555091858,0.05818203464150429,0.05430987477302551,0.3372047543525696,0.0014580065217864298,0.009999999776482582,30,18149,,,,,,,,,,,,
0.25356507301330566,0.3051062822341919,0.10536069422960281,0.07123260200023651,0.03656229376792908,0.44730037450790405,0.0014576645839810358,0.009999999776482582,30,18199,,,,,,,,,,,,
0.2525165379047394,0.17905911803245544,0.1504155844449997,0.05826595053076744,0.05396237596869469,0.3395140469074249,0.0014573213001448256,0.009999999776482582,30,18249,,,,,,,,,,,,
0.25221675634384155,0.3009623885154724,0.10592501610517502,0.07175176590681076,0.035859446972608566,0.4436063766479492,0.001456976670931443,0.009999999776482582,30,18299,,,,,,,,,,,,
0.25300583243370056,0.1779164969921112,0.1490803211927414,0.05575579032301903,0.05137008801102638,0.33389750123023987,0.0014566306969970944,0.009999999776482582,30,18349,,,,,,,,,,,,
0.2524750828742981,0.1751691699028015,0.14614012837409973,0.056953947991132736,0.05312762036919594,0.3317570090293884,0.001456283379000546,0.009999999776482582,30,18399,,,,,,,,,,,,
0.25120967626571655,0.3106459677219391,0.10447090119123459,0.06833911687135696,0.03357530012726784,0.4480081796646118,0.0014559347176031233,0.009999999776482582,30,18449,,,,,,,,,,,,
,,,,,,,,30,18475,0.2084578424692154,0.28823861479759216,0.12605270743370056,0.06977550685405731,0.04360666871070862,0.44284385442733765,,,,,,
,,,,,,,,30,18475,,,,,,,0.2541451156139374,0.2608465850353241,0.11833370476961136,0.06516069918870926,0.04014400392770767,0.40524613857269287
0.25083333253860474,0.3003421723842621,0.1049930527806282,0.06752742826938629,0.03340669348835945,0.43706947565078735,0.0014555847134687101,0.009999999776482582,31,18499,,,,,,,,,,,,
0.249556303024292,0.3090398609638214,0.10660187155008316,0.06951811909675598,0.03445034846663475,0.4490841031074524,0.0014552333672637465,0.009999999776482582,31,18549,,,,,,,,,,,,
0.24897973239421844,0.18510942161083221,0.154483363032341,0.05786363407969475,0.053818538784980774,0.34712398052215576,0.0014548806796572283,0.009999999776482582,31,18599,,,,,,,,,,,,
0.24921861290931702,0.28276729583740234,0.1059049516916275,0.06354819238185883,0.033330950886011124,0.41593343019485474,0.0014545266513207055,0.009999999776482582,31,18649,,,,,,,,,,,,
0.2482668161392212,0.1840125471353531,0.1543622761964798,0.059241775423288345,0.05439963564276695,0.34763526916503906,0.0014541712829282804,0.009999999776482582,31,18699,,,,,,,,,,,,
0.24864646792411804,0.17866256833076477,0.15000008046627045,0.05277258902788162,0.04920661076903343,0.3310385048389435,0.001453814575156608,0.009999999776482582,31,18749,,,,,,,,,,,,
0.246906116604805,0.18461920320987701,0.1539352983236313,0.05771196633577347,0.05324913188815117,0.34592336416244507,0.0014534565286848922,0.009999999776482582,31,18799,,,,,,,,,,,,
0.2494570016860962,0.28125789761543274,0.1056344211101532,0.060742463916540146,0.03215918317437172,0.4108971357345581,0.001453097144194887,0.009999999776482582,31,18849,,,,,,,,,,,,
0.24656930565834045,0.3030284345149994,0.10668385028839111,0.062211859971284866,0.030878154560923576,0.4340212941169739,0.0014527364223708937,0.009999999776482582,31,18899,,,,,,,,,,,,
0.24703846871852875,0.32263708114624023,0.108233742415905,0.06804685294628143,0.03484635800123215,0.46222400665283203,0.00145237436389976,0.009999999776482582,31,18949,,,,,,,,,,,,
0.2458133101463318,0.30665940046310425,0.10714959353208542,0.06605762243270874,0.03453058376908302,0.44355711340904236,0.001452010969470879,0.009999999776482582,31,18999,,,,,,,,,,,,
0.2459380328655243,0.2952367961406708,0.10599027574062347,0.06208345293998718,0.031382638961076736,0.4260067045688629,0.0014516462397761868,0.009999999776482582,31,19049,,,,,,,,,,,,
,,,,,,,,31,19071,0.20547610521316528,0.29673758149147034,0.12749697268009186,0.06755715608596802,0.04267837107181549,0.44938239455223083,,,,,,
,,,,,,,,31,19071,,,,,,,0.2478046864271164,0.2670043706893921,0.11887294054031372,0.06157204881310463,0.037550512701272964,0.4067879617214203
0.24571557343006134,0.28460684418678284,0.10533116012811661,0.059061888605356216,0.030696801841259003,0.41168272495269775,0.001451280175510163,0.009999999776482582,32,19099,,,,,,,,,,,,
0.24410319328308105,0.18302322924137115,0.15338769555091858,0.05307663604617119,0.049211207777261734,0.33739930391311646,0.0014509127773698275,0.009999999776482582,32,19149,,,,,,,,,,,,
0.24375846982002258,0.285133957862854,0.10584579408168793,0.05950384587049484,0.02937653288245201,0.41224896907806396,0.0014505440460547408,0.009999999776482582,32,19199,,,,,,,,,,,,
0.24496197700500488,0.2992476522922516,0.1073228195309639,0.06210567429661751,0.031236521899700165,0.430633008480072,0.001450173982267001,0.009999999776482582,32,19249,,,,,,,,,,,,
0.241877019405365,0.18285223841667175,0.1538493037223816,0.05334455519914627,0.04988090321421623,0.3380618989467621,0.0014498025867112443,0.009999999776482582,32,19299,,,,,,,,,,,,
0.242524653673172,0.28961995244026184,0.1091322973370552,0.05688593164086342,0.029344160109758377,0.4157441258430481,0.0014494298600946417,0.009999999776482582,32,19349,,,,,,,,,,,,
0.24178673326969147,0.18011297285556793,0.15111801028251648,0.05046214908361435,0.04712793603539467,0.3296980857849121,0.0014490558031268995,0.009999999776482582,32,19399,,,,,,,,,,,,
0.24082395434379578,0.30094659328460693,0.10877743363380432,0.0616847462952137,0.03282761201262474,0.4334338307380676,0.0014486804165202568,0.009999999776482582,32,19449,,,,,,,,,,,,
0.24152031540870667,0.29406407475471497,0.11131122708320618,0.05949683114886284,0.03315027430653572,0.4257916808128357,0.0014483037009894845,0.009999999776482582,32,19499,,,,,,,,,,,,
0.2391611784696579,0.2963905930519104,0.11243733018636703,0.05795181915163994,0.030768336728215218,0.4259452223777771,0.0014479256572518834,0.009999999776482582,32,19549,,,,,,,,,,,,
0.23961186408996582,0.18793773651123047,0.1569465547800064,0.04978867992758751,0.04593103751540184,0.33916521072387695,0.0014475462860272846,0.009999999776482582,32,19599,,,,,,,,,,,,
0.2394152581691742,0.30512064695358276,0.10594118386507034,0.05816471204161644,0.02894999459385872,0.430730938911438,0.0014471655880380452,0.009999999776482582,32,19649,,,,,,,,,,,,
,,,,,,,,32,19667,0.2031029760837555,0.2951686382293701,0.13945338129997253,0.0657619908452034,0.045816607773303986,0.4535655379295349,,,,,,
,,,,,,,,32,19667,,,,,,,0.24197269976139069,0.2680777907371521,0.12031622976064682,0.05788303166627884,0.0357961431145668,0.40401703119277954
0.2387997955083847,0.19213387370109558,0.16046583652496338,0.05298198014497757,0.049700044095516205,0.35019880533218384,0.00144678356400905,0.009999999776482582,33,19699,,,,,,,,,,,,
0.23763048648834229,0.3152240514755249,0.11209582537412643,0.060461558401584625,0.03214903920888901,0.44780802726745605,0.0014464002146677077,0.009999999776482582,33,19749,,,,,,,,,,,,
0.23894697427749634,0.2885279953479767,0.10621620714664459,0.05239144340157509,0.028081189841032028,0.40806812047958374,0.0014460155407439513,0.009999999776482582,33,19799,,,,,,,,,,,,
0.23692020773887634,0.295092910528183,0.10698525607585907,0.053770240396261215,0.028444893658161163,0.4165782332420349,0.001445629542970235,0.009999999776482582,33,19849,,,,,,,,,,,,
0.2388262301683426,0.2851915955543518,0.10597376525402069,0.05442608520388603,0.02889607660472393,0.407052606344223,0.001445242222081535,0.009999999776482582,33,19899,,,,,,,,,,,,
0.2367224395275116,0.29872745275497437,0.1043044850230217,0.057143691927194595,0.030175216495990753,0.4231109917163849,0.0014448535788153458,0.009999999776482582,33,19949,,,,,,,,,,,,
0.23616325855255127,0.3244818150997162,0.11031197756528854,0.057038865983486176,0.02965104952454567,0.4515022039413452,0.0014444636139116804,0.009999999776482582,33,19999,,,,,,,,,,,,
0.23496416211128235,0.2949608564376831,0.10591769963502884,0.05214418098330498,0.026449546217918396,0.4132886528968811,0.0014440723281130676,0.009999999776482582,33,20049,,,,,,,,,,,,
0.2346246838569641,0.3112316131591797,0.10753645747900009,0.05672628805041313,0.029888886958360672,0.43667057156562805,0.001443679722164552,0.009999999776482582,33,20099,,,,,,,,,,,,
0.23523959517478943,0.31708547472953796,0.11163999140262604,0.05750535428524017,0.029474295675754547,0.44514796137809753,0.001443285796813692,0.009999999776482582,33,20149,,,,,,,,,,,,
0.2358078509569168,0.31540215015411377,0.11048934608697891,0.05590074136853218,0.028561362996697426,0.44082826375961304,0.0014428905528105574,0.009999999776482582,33,20199,,,,,,,,,,,,
0.23248156905174255,0.3134008049964905,0.1086343452334404,0.05425399914383888,0.027171466499567032,0.4355577230453491,0.0014424939909077298,0.009999999776482582,33,20249,,,,,,,,,,,,
,,,,,,,,33,20263,0.1980241984128952,0.3053685426712036,0.12442513555288315,0.05683355778455734,0.03538878634572029,0.44210901856422424,,,,,,
,,,,,,,,33,20263,,,,,,,0.23645682632923126,0.2711798846721649,0.12122341245412827,0.05431922897696495,0.03397095948457718,0.4030965268611908
0.2331150621175766,0.19063952565193176,0.15947608649730682,0.048113055527210236,0.0449996143579483,0.34099042415618896,0.0014420961118602996,0.009999999776482582,34,20299,,,,,,,,,,,,
0.23266544938087463,0.3107844293117523,0.10728936642408371,0.055736295878887177,0.027739636600017548,0.4340352416038513,0.0014416969164258652,0.009999999776482582,34,20349,,,,,,,,,,,,
0.23199066519737244,0.3113235831260681,0.10855142772197723,0.05332186445593834,0.028075357899069786,0.43295884132385254,0.001441296405364532,0.009999999776482582,34,20399,,,,,,,,,,,,
0.2316945642232895,0.2971631586551666,0.10946241766214371,0.048206161707639694,0.026720430701971054,0.41346076130867004,0.00144089457943891,0.009999999776482582,34,20449,,,,,,,,,,,,
0.23141300678253174,0.3132726550102234,0.10983738303184509,0.05592076852917671,0.028107160702347755,0.43816572427749634,0.0014404914394141129,0.009999999776482582,34,20499,,,,,,,,,,,,
0.23089082539081573,0.2887011170387268,0.10818492621183395,0.04874778911471367,0.027608221396803856,0.40534549951553345,0.0014400869860577564,0.009999999776482582,34,20549,,,,,,,,,,,,
0.23098371922969818,0.29511702060699463,0.10758960992097855,0.047957390546798706,0.02585502900183201,0.40979671478271484,0.0014396812201399579,0.009999999776482582,34,20599,,,,,,,,,,,,
0.23010100424289703,0.1827884316444397,0.15318183600902557,0.046079255640506744,0.043409205973148346,0.3271632194519043,0.0014392741424333322,0.009999999776482582,34,20649,,,,,,,,,,,,
0.23078173398971558,0.18733835220336914,0.1571573168039322,0.04872332513332367,0.04559287056326866,0.3374367654323578,0.0014388657537129938,0.009999999776482582,34,20699,,,,,,,,,,,,
0.22918300330638885,0.30795350670814514,0.10634134709835052,0.053690653294324875,0.027297813445329666,0.42846375703811646,0.0014384560547565524,0.009999999776482582,34,20749,,,,,,,,,,,,
0.22929298877716064,0.1944877654314041,0.16208083927631378,0.049650948494672775,0.04681066423654556,0.34858447313308716,0.0014380450463441128,0.009999999776482582,34,20799,,,,,,,,,,,,
0.23019838333129883,0.18633191287517548,0.15643808245658875,0.0446147583425045,0.041621629148721695,0.32997652888298035,0.0014376327292582728,0.009999999776482582,34,20849,,,,,,,,,,,,
,,,,,,,,34,20859,0.19323426485061646,0.32532501220703125,0.12885135412216187,0.059104256331920624,0.03842520713806152,0.46806761622428894,,,,,,
,,,,,,,,34,20859,,,,,,,0.23108632862567902,0.2756539583206177,0.12007098644971848,0.050901737064123154,0.03165382519364357,0.4024180471897125
0.2290015071630478,0.29849475622177124,0.10958307981491089,0.04891785606741905,0.025812480598688126,0.41511040925979614,0.0014372191042841223,0.009999999776482582,35,20899,,,,,,,,,,,,
0.2278134971857071,0.2913210690021515,0.107819564640522,0.04935232549905777,0.02560555562376976,0.4073859453201294,0.0014368041722092422,0.009999999776482582,35,20949,,,,,,,,,,,,
0.22829625010490417,0.1930520087480545,0.16181501746177673,0.045695140957832336,0.04303474351763725,0.3411720395088196,0.0014363879338237008,0.009999999776482582,35,20999,,,,,,,,,,,,
0.22569110989570618,0.2815300524234772,0.10823440551757812,0.04442128539085388,0.02433565817773342,0.3922363817691803,0.0014359703899200547,0.009999999776482582,35,21049,,,,,,,,,,,,
0.22543400526046753,0.30181655287742615,0.11055048555135727,0.04840961471199989,0.027176687493920326,0.41908973455429077,0.0014355515412933465,0.009999999776482582,35,21099,,,,,,,,,,,,
0.22616684436798096,0.29797008633613586,0.10944899171590805,0.046301763504743576,0.024896182119846344,0.41144442558288574,0.0014351313887411025,0.009999999776482582,35,21149,,,,,,,,,,,,
0.22434306144714355,0.3168013393878937,0.11166708171367645,0.05065518990159035,0.029193542897701263,0.4378868341445923,0.0014347099330633318,0.009999999776482582,35,21199,,,,,,,,,,,,
0.22478395700454712,0.3008279800415039,0.10820332914590836,0.04579755291342735,0.024651452898979187,0.4130529463291168,0.001434287175062526,0.009999999776482582,35,21249,,,,,,,,,,,,
0.2264767587184906,0.30990299582481384,0.10558893531560898,0.05184933915734291,0.027290398254990578,0.42819198966026306,0.0014338631155436541,0.009999999776482582,35,21299,,,,,,,,,,,,
0.22504356503486633,0.2872328460216522,0.10564043372869492,0.04554423689842224,0.024850431829690933,0.39802250266075134,0.0014334377553141657,0.009999999776482582,35,21349,,,,,,,,,,,,
0.2242070585489273,0.3094036281108856,0.10637404024600983,0.04870143160223961,0.024808892980217934,0.42369651794433594,0.0014330110951839856,0.009999999776482582,35,21399,,,,,,,,,,,,
0.2240600436925888,0.2963153123855591,0.10741972178220749,0.04761199653148651,0.027148347347974777,0.4112113416194916,0.0014325831359655147,0.009999999776482582,35,21449,,,,,,,,,,,,
,,,,,,,,35,21455,0.19183051586151123,0.30716243386268616,0.14029335975646973,0.056433871388435364,0.03943175822496414,0.45345890522003174,,,,,,
,,,,,,,,35,21455,,,,,,,0.22595900297164917,0.2777400016784668,0.12051299214363098,0.048133935779333115,0.030128108337521553,0.40119418501853943
0.22268742322921753,0.29928189516067505,0.10686860233545303,0.047856539487838745,0.024992866441607475,0.4130691885948181,0.0014321538784736263,0.009999999776482582,36,21499,,,,,,,,,,,,
0.2224370241165161,0.2957291007041931,0.10808336734771729,0.04607479274272919,0.024815265089273453,0.40825319290161133,0.0014317233235256667,0.009999999776482582,36,21549,,,,,,,,,,,,
0.22262105345726013,0.31189680099487305,0.10704126209020615,0.04813854768872261,0.026258470490574837,0.4266852140426636,0.0014312914719414526,0.009999999776482582,36,21599,,,,,,,,,,,,
0.22100023925304413,0.30433374643325806,0.11093825846910477,0.046509645879268646,0.024065643548965454,0.4183453321456909,0.0014308583245432691,0.009999999776482582,36,21649,,,,,,,,,,,,
0.2209441065788269,0.19302359223365784,0.1622564196586609,0.04447248950600624,0.04234767332673073,0.33979812264442444,0.0014304238821558689,0.009999999776482582,36,21699,,,,,,,,,,,,
0.22149845957756042,0.3079102337360382,0.10826416313648224,0.044976454228162766,0.024125879630446434,0.4190816879272461,0.0014299881456064708,0.009999999776482582,36,21749,,,,,,,,,,,,
0.22120964527130127,0.2853306531906128,0.11112439632415771,0.04503457248210907,0.024266306310892105,0.39806056022644043,0.0014295511157247573,0.009999999776482582,36,21799,,,,,,,,,,,,
0.22122885286808014,0.3063720762729645,0.10697299987077713,0.04926158860325813,0.025940854102373123,0.4220905900001526,0.001429112793342874,0.009999999776482582,36,21849,,,,,,,,,,,,
0.220178484916687,0.3218899965286255,0.10655432939529419,0.049039967358112335,0.025252753868699074,0.4368335008621216,0.0014286731792954271,0.009999999776482582,36,21899,,,,,,,,,,,,
0.22063493728637695,0.19022397696971893,0.16020077466964722,0.041575003415346146,0.03883873671293259,0.331318736076355,0.0014282322744194826,0.009999999776482582,36,21949,,,,,,,,,,,,
0.21945980191230774,0.30216050148010254,0.10861743986606598,0.042798858135938644,0.02332918532192707,0.41093266010284424,0.001427790079554564,0.009999999776482582,36,21999,,,,,,,,,,,,
0.21900007128715515,0.19064877927303314,0.15977856516838074,0.0420633964240551,0.03934929519891739,0.3322761058807373,0.0014273465955426513,0.009999999776482582,36,22049,,,,,,,,,,,,
,,,,,,,,36,22051,0.1855204999446869,0.34564924240112305,0.1407598853111267,0.05473654344677925,0.03845520690083504,0.4899931848049164,,,,,,
,,,,,,,,36,22051,,,,,,,0.220767080783844,0.2806856334209442,0.12013841420412064,0.04563700035214424,0.02844404987990856,0.4006136655807495
0.21940410137176514,0.3122904896736145,0.10875862091779709,0.04605143144726753,0.02479712851345539,0.4251197874546051,0.0014269018232281794,0.009999999776482582,37,22099,,,,,,,,,,,,
0.21850886940956116,0.19059880077838898,0.15900319814682007,0.04230319708585739,0.039652470499277115,0.3322298526763916,0.0014264557634580354,0.009999999776482582,37,22149,,,,,,,,,,,,
0.2172049582004547,0.3100528419017792,0.10756710171699524,0.04373292997479439,0.023341864347457886,0.419240266084671,0.001426008417081559,0.009999999776482582,37,22199,,,,,,,,,,,,
0.21601678431034088,0.3010852634906769,0.10850154608488083,0.04475681856274605,0.024843137711286545,0.41251441836357117,0.0014255597849505393,0.009999999776482582,37,22249,,,,,,,,,,,,
0.21526744961738586,0.29289868474006653,0.107854463160038,0.04214947670698166,0.0244534220546484,0.40120211243629456,0.0014251098679192123,0.009999999776482582,37,22299,,,,,,,,,,,,
0.21671944856643677,0.29809650778770447,0.10770146548748016,0.043386310338974,0.023762591183185577,0.40721485018730164,0.0014246586668442624,0.009999999776482582,37,22349,,,,,,,,,,,,
0.21568477153778076,0.19125734269618988,0.15927618741989136,0.0414745956659317,0.03918825834989548,0.3319641351699829,0.0014242061825848187,0.009999999776482582,37,22399,,,,,,,,,,,,
0.2163490206003189,0.3223533034324646,0.10869387537240982,0.04308607801795006,0.024021483957767487,0.4317970871925354,0.0014237524160024522,0.009999999776482582,37,22449,,,,,,,,,,,,
0.21367838978767395,0.3001888692378998,0.10723388940095901,0.04422728344798088,0.02441529557108879,0.4102407395839691,0.0014232973679611772,0.009999999776482582,37,22499,,,,,,,,,,,,
0.21387359499931335,0.3023635745048523,0.10972483456134796,0.04452025890350342,0.02505839243531227,0.4142754375934601,0.0014228410393274467,0.009999999776482582,37,22549,,,,,,,,,,,,
0.2129795104265213,0.3173443078994751,0.10829894989728928,0.0447176992893219,0.024252431467175484,0.4283376932144165,0.001422383430970153,0.009999999776482582,37,22599,,,,,,,,,,,,
,,,,,,,,37,22647,0.18315035104751587,0.29412025213241577,0.13920290768146515,0.04941067844629288,0.036038849502801895,0.4311518669128418,,,,,,
,,,,,,,,37,22647,,,,,,,0.2154989242553711,0.2798701524734497,0.12143351137638092,0.04379091039299965,0.027839336544275284,0.3982974886894226
0.21186357736587524,0.2959769368171692,0.10827310383319855,0.03926920145750046,0.022158315405249596,0.4004618525505066,0.0014219245437606246,0.009999999776482582,38,22649,,,,,,,,,,,,
0.21193964779376984,0.3138076066970825,0.10826168954372406,0.04615781456232071,0.02443489246070385,0.42631372809410095,0.0014214643785726258,0.009999999776482582,38,22699,,,,,,,,,,,,
0.21107611060142517,0.2967630922794342,0.10685107856988907,0.04185577481985092,0.022976160049438477,0.4035325050354004,0.001421002936282353,0.009999999776482582,38,22749,,,,,,,,,,,,
0.2113564908504486,0.19689680635929108,0.1636945754289627,0.041740916669368744,0.039495162665843964,0.34023261070251465,0.0014205402177684353,0.009999999776482582,38,22799,,,,,,,,,,,,
0.21107904613018036,0.31245777010917664,0.10715389251708984,0.04053766280412674,0.021571775898337364,0.41735827922821045,0.001420076223911932,0.009999999776482582,38,22849,,,,,,,,,,,,
0.21080443263053894,0.19494836032390594,0.16243354976177216,0.04195484146475792,0.039802346378564835,0.3380211591720581,0.0014196109555963297,0.009999999776482582,38,22899,,,,,,,,,,,,
0.21099109947681427,0.3046933710575104,0.1102774441242218,0.04249920696020126,0.024619894102215767,0.41464126110076904,0.0014191444137075424,0.009999999776482582,38,22949,,,,,,,,,,,,
0.21162599325180054,0.3034544587135315,0.10696512460708618,0.04308941587805748,0.0241563580930233,0.41210460662841797,0.0014186765991339096,0.009999999776482582,38,22999,,,,,,,,,,,,
0.20993369817733765,0.19492793083190918,0.1637778878211975,0.042958881705999374,0.04029785469174385,0.339924693107605,0.0014182075127661933,0.009999999776482582,38,23049,,,,,,,,,,,,
0.20829921960830688,0.31619709730148315,0.10990903526544571,0.043449949473142624,0.025156518444418907,0.42717984318733215,0.0014177371554975773,0.009999999776482582,38,23099,,,,,,,,,,,,
0.2110036015510559,0.3141534924507141,0.10813865810632706,0.043942637741565704,0.024724774062633514,0.4245278537273407,0.0014172655282236651,0.009999999776482582,38,23149,,,,,,,,,,,,
0.20848485827445984,0.2775523066520691,0.1063825935125351,0.03857649490237236,0.021720437332987785,0.38018032908439636,0.0014167926318424794,0.009999999776482582,38,23199,,,,,,,,,,,,
,,,,,,,,38,23243,0.18243250250816345,0.3076379895210266,0.14725707471370697,0.048670392483472824,0.03682645037770271,0.44835010170936584,,,,,,
,,,,,,,,38,23243,,,,,,,0.21067224442958832,0.28053057193756104,0.12172900885343552,0.04175398498773575,0.026807688176631927,0.3965531587600708
0.20701715350151062,0.3055655062198639,0.10869645327329636,0.038306787610054016,0.021508818492293358,0.40897494554519653,0.001416318467254458,0.009999999776482582,39,23249,,,,,,,,,,,,
0.2077561318874359,0.3292253911495209,0.10920889675617218,0.04576798528432846,0.025009572505950928,0.4421026110649109,0.0014158430353624547,0.009999999776482582,39,23299,,,,,,,,,,,,
0.20790421962738037,0.1901625245809555,0.16023202240467072,0.038583818823099136,0.0361790731549263,0.32695189118385315,0.0014153663370717355,0.009999999776482582,39,23349,,,,,,,,,,,,
0.20636433362960815,0.31431183218955994,0.10585395991802216,0.04385021701455116,0.02338508516550064,0.4227815866470337,0.0014148883732899781,0.009999999776482582,39,23399,,,,,,,,,,,,
0.20567119121551514,0.29666316509246826,0.10618525743484497,0.0380667969584465,0.021674292162060738,0.39865973591804504,0.00141440914492727,0.009999999776482582,39,23449,,,,,,,,,,,,
0.2066332995891571,0.31835782527923584,0.10748515278100967,0.04407988116145134,0.024972008541226387,0.42866629362106323,0.0014139286528961064,0.009999999776482582,39,23499,,,,,,,,,,,,
0.20851285755634308,0.3140876591205597,0.10724597424268723,0.03956017643213272,0.021697182208299637,0.4181194305419922,0.001413446898111388,0.009999999776482582,39,23549,,,,,,,,,,,,
0.20390084385871887,0.31449583172798157,0.10637194663286209,0.04157641902565956,0.022165929898619652,0.4203411936759949,0.0014129638814904214,0.009999999776482582,39,23599,,,,,,,,,,,,
0.2052392214536667,0.30639466643333435,0.10900217294692993,0.04000391438603401,0.022320134565234184,0.4120597243309021,0.0014124796039529143,0.009999999776482582,39,23649,,,,,,,,,,,,
0.20448552072048187,0.1969178318977356,0.16530539095401764,0.03860142081975937,0.03658441826701164,0.33646416664123535,0.0014119940664209765,0.009999999776482582,39,23699,,,,,,,,,,,,
0.20433586835861206,0.19233055412769318,0.16252954304218292,0.03826263174414635,0.03621482849121094,0.32996538281440735,0.001411507269819116,0.009999999776482582,39,23749,,,,,,,,,,,,
0.2023775577545166,0.3152240514755249,0.1071363240480423,0.044232048094272614,0.02491721324622631,0.4254828691482544,0.0014110192150742385,0.009999999776482582,39,23799,,,,,,,,,,,,
,,,,,,,,39,23839,0.1816597729921341,0.35147422552108765,0.13221514225006104,0.04659267142415047,0.03211077302694321,0.48022985458374023,,,,,,
,,,,,,,,39,23839,,,,,,,0.20581194758415222,0.28418031334877014,0.12018349766731262,0.040442172437906265,0.025782397016882896,0.39760541915893555
0.20373910665512085,0.3278540372848511,0.10842370986938477,0.04116229712963104,0.023408766835927963,0.4349325895309448,0.0014105299031156458,0.009999999776482582,40,23849,,,,,,,,,,,,
0.20391765236854553,0.30113309621810913,0.10814680904150009,0.03628718852996826,0.02035479061305523,0.40167108178138733,0.001410039334875033,0.009999999776482582,40,23899,,,,,,,,,,,,
0.2032516747713089,0.2991516888141632,0.10534502565860748,0.03788197413086891,0.020080706104636192,0.39974653720855713,0.0014095475112864875,0.009999999776482582,40,23949,,,,,,,,,,,,
0.20303204655647278,0.3146648108959198,0.10707419365644455,0.0429203100502491,0.024655098095536232,0.4234497547149658,0.0014090544332864868,0.009999999776482582,40,23999,,,,,,,,,,,,
0.20202051103115082,0.3280778229236603,0.10947739332914352,0.04546819254755974,0.025278160348534584,0.440923810005188,0.0014085601018138973,0.009999999776482582,40,24049,,,,,,,,,,,,
0.2010822594165802,0.33464938402175903,0.11135232448577881,0.04337097331881523,0.02314724400639534,0.4452701508998871,0.0014080645178099717,0.009999999776482582,40,24099,,,,,,,,,,,,
0.20186826586723328,0.3313611149787903,0.11156444996595383,0.043371349573135376,0.024388881400227547,0.44270914793014526,0.001407567682218348,0.009999999776482582,40,24149,,,,,,,,,,,,
0.201302170753479,0.3008326590061188,0.10918741673231125,0.03611992299556732,0.020239686593413353,0.40166613459587097,0.0014070695959850468,0.009999999776482582,40,24199,,,,,,,,,,,,
0.19994524121284485,0.31470954418182373,0.10749009996652603,0.03871186077594757,0.02176535502076149,0.418049156665802,0.0014065702600584709,0.009999999776482582,40,24249,,,,,,,,,,,,
0.1992952525615692,0.19543690979480743,0.16425780951976776,0.03799278289079666,0.036035630851984024,0.33357641100883484,0.0014060696753894018,0.009999999776482582,40,24299,,,,,,,,,,,,
0.20129543542861938,0.32896459102630615,0.11001407355070114,0.04023163765668869,0.021334480494260788,0.43487051129341125,0.0014055678429309992,0.009999999776482582,40,24349,,,,,,,,,,,,
0.19957199692726135,0.1947449892759323,0.16277366876602173,0.03511136770248413,0.03332384303212166,0.3279050886631012,0.0014050647636387984,0.009999999776482582,40,24399,,,,,,,,,,,,
,,,,,,,,40,24435,0.17643779516220093,0.32239723205566406,0.12897560000419617,0.04465872421860695,0.030843107029795647,0.4469653069972992,,,,,,
,,,,,,,,40,24435,,,,,,,0.20157970488071442,0.280257910490036,0.12295762449502945,0.03886312618851662,0.025586143136024475,0.39339306950569153
0.19816547632217407,0.2987259030342102,0.10481803864240646,0.037319116294384,0.020889414474368095,0.39889875054359436,0.0014045604384707094,0.009999999776482582,41,24449,,,,,,,,,,,,
0.19815126061439514,0.1998630315065384,0.1671898066997528,0.03729449212551117,0.03513556718826294,0.33832019567489624,0.0014040548683870132,0.009999999776482582,41,24499,,,,,,,,,,,,
0.19795209169387817,0.31067827343940735,0.1110403910279274,0.03992205858230591,0.022776005789637566,0.4175085425376892,0.0014035480543503627,0.009999999776482582,41,24549,,,,,,,,,,,,
0.1998152732849121,0.2976619303226471,0.10766458511352539,0.03803905472159386,0.02291739173233509,0.4009919762611389,0.0014030399973257786,0.009999999776482582,41,24599,,,,,,,,,,,,
0.19762268662452698,0.30867886543273926,0.10687761008739471,0.038742996752262115,0.021403135731816292,0.4115622341632843,0.0014025306982806485,0.009999999776482582,41,24649,,,,,,,,,,,,
0.19704823195934296,0.19593898952007294,0.1643630713224411,0.03906283900141716,0.03723185136914253,0.33579927682876587,0.001402020158184725,0.009999999776482582,41,24699,,,,,,,,,,,,
0.1987353414297104,0.29870036244392395,0.10671737790107727,0.036670345813035965,0.021981986239552498,0.3997204005718231,0.0014015083780101233,0.009999999776482582,41,24749,,,,,,,,,,,,
0.196909099817276,0.30669501423835754,0.10707196593284607,0.03586747497320175,0.021054424345493317,0.4066256582736969,0.0014009953587313208,0.009999999776482582,41,24799,,,,,,,,,,,,
0.1954164206981659,0.31270894408226013,0.111239492893219,0.037754468619823456,0.02142491191625595,0.41679561138153076,0.0014004811013251532,0.009999999776482582,41,24849,,,,,,,,,,,,
0.19666707515716553,0.30972886085510254,0.11068176478147507,0.0387200228869915,0.021866541355848312,0.4147230386734009,0.0013999656067708148,0.009999999776482582,41,24899,,,,,,,,,,,,
0.19639179110527039,0.3147801160812378,0.11263915151357651,0.03751974180340767,0.021557822823524475,0.41939833760261536,0.0013994488760498546,0.009999999776482582,41,24949,,,,,,,,,,,,
0.1954593062400818,0.2911715805530548,0.10959656536579132,0.03506552055478096,0.02062544785439968,0.39134809374809265,0.0013989309101461757,0.009999999776482582,41,24999,,,,,,,,,,,,
,,,,,,,,41,25031,0.17345480620861053,0.31643664836883545,0.1412929892539978,0.04580875113606453,0.034006644040346146,0.4498952329158783,,,,,,
,,,,,,,,41,25031,,,,,,,0.19763143360614777,0.28251129388809204,0.12305507808923721,0.03764855116605759,0.024847103282809258,0.3941108286380768
0.19655075669288635,0.30278822779655457,0.10677023977041245,0.03615627437829971,0.020948929712176323,0.40280407667160034,0.001398411710046033,0.009999999776482582,42,25049,,,,,,,,,,,,
0.19446870684623718,0.2995847165584564,0.10712289065122604,0.03668167442083359,0.020640233531594276,0.400147944688797,0.001397891276738032,0.009999999776482582,42,25099,,,,,,,,,,,,
0.19482190907001495,0.30446964502334595,0.10529694706201553,0.03754469007253647,0.020687885582447052,0.4050067663192749,0.0013973696112131256,0.009999999776482582,42,25149,,,,,,,,,,,,
0.1948966681957245,0.2970895767211914,0.10200996696949005,0.034756049513816833,0.020156003534793854,0.3929286003112793,0.0013968467144646133,0.009999999776482582,42,25199,,,,,,,,,,,,
0.19390769302845,0.32961583137512207,0.10818040370941162,0.04129020869731903,0.023103902116417885,0.4365482032299042,0.001396322587488139,0.009999999776482582,42,25249,,,,,,,,,,,,
0.19251546263694763,0.30067336559295654,0.10881397873163223,0.03635875880718231,0.021310796961188316,0.4020945131778717,0.001395797231281689,0.009999999776482582,42,25299,,,,,,,,,,,,
0.1955880969762802,0.3140166103839874,0.10558588057756424,0.03713976591825485,0.020652521401643753,0.414275586605072,0.0013952706468455898,0.009999999776482582,42,25349,,,,,,,,,,,,
0.19292113184928894,0.28186559677124023,0.10580747574567795,0.0348748154938221,0.020050713792443275,0.37966951727867126,0.0013947428351825074,0.009999999776482582,42,25399,,,,,,,,,,,,
0.1939789354801178,0.3133673369884491,0.10588053613901138,0.040332794189453125,0.02177007682621479,0.41752544045448303,0.0013942137972974438,0.009999999776482582,42,25449,,,,,,,,,,,,
0.1921093463897705,0.3039470314979553,0.10878811776638031,0.0335177518427372,0.019484324380755424,0.40160101652145386,0.0013936835341977361,0.009999999776482582,42,25499,,,,,,,,,,,,
0.19316884875297546,0.31151264905929565,0.12439777702093124,0.041941966861486435,0.02810695953667164,0.42970696091651917,0.0013931520468930547,0.009999999776482582,42,25549,,,,,,,,,,,,
0.1943693310022354,0.31538471579551697,0.10812319070100784,0.036877699196338654,0.021854253485798836,0.4172511398792267,0.0013926193363954001,0.009999999776482582,42,25599,,,,,,,,,,,,
,,,,,,,,42,25627,0.17235346138477325,0.31764164566993713,0.12964510917663574,0.0420517697930336,0.02982335351407528,0.4394277036190033,,,,,,
,,,,,,,,42,25627,,,,,,,0.19424206018447876,0.28644704818725586,0.12247500568628311,0.037704307585954666,0.02519279718399048,0.39798521995544434
0.18904322385787964,0.3223787844181061,0.10451868176460266,0.03597463667392731,0.021159140393137932,0.42119234800338745,0.001392085403719103,0.009999999776482582,43,25649,,,,,,,,,,,,
0.19099265336990356,0.31733644008636475,0.10610338300466537,0.0361967571079731,0.01977481320500374,0.41647228598594666,0.00139155024988082,0.009999999776482582,43,25699,,,,,,,,,,,,
0.19235053658485413,0.32294249534606934,0.10470032691955566,0.035791102796792984,0.020581144839525223,0.4213743209838867,0.0013910138758995339,0.009999999776482582,43,25749,,,,,,,,,,,,
0.19081857800483704,0.3134402632713318,0.10576070845127106,0.037278711795806885,0.021826913580298424,0.4145127832889557,0.0013904762827965506,0.009999999776482582,43,25799,,,,,,,,,,,,
0.1908533275127411,0.3016860783100128,0.10359484702348709,0.03544667363166809,0.019932201132178307,0.3988962769508362,0.0013899374715954968,0.009999999776482582,43,25849,,,,,,,,,,,,
0.19139227271080017,0.31991562247276306,0.1013055294752121,0.03702457621693611,0.02049810066819191,0.4178420305252075,0.001389397443322319,0.009999999776482582,43,25899,,,,,,,,,,,,
0.18862783908843994,0.19484780728816986,0.1625618189573288,0.031760428100824356,0.030181340873241425,0.32297980785369873,0.001388856199005281,0.009999999776482582,43,25949,,,,,,,,,,,,
0.19162440299987793,0.2913680970668793,0.09968598932027817,0.03171445056796074,0.017008144408464432,0.38142961263656616,0.0013883137396749623,0.009999999776482582,43,25999,,,,,,,,,,,,
0.19065135717391968,0.3151474893093109,0.10217980295419693,0.03248699754476547,0.017641380429267883,0.4075450897216797,0.0013877700663642554,0.009999999776482582,43,26049,,,,,,,,,,,,
0.19148899614810944,0.29613304138183594,0.10329129546880722,0.03234677389264107,0.019023487344384193,0.38963720202445984,0.001387225180108365,0.009999999776482582,43,26099,,,,,,,,,,,,
0.18975277245044708,0.20452523231506348,0.1695127934217453,0.03478148952126503,0.03287879005074501,0.34050253033638,0.0013866790819448047,0.009999999776482582,43,26149,,,,,,,,,,,,
0.1890040934085846,0.19616031646728516,0.16370795667171478,0.034325264394283295,0.03245248273015022,0.3285658061504364,0.0013861317729133957,0.009999999776482582,43,26199,,,,,,,,,,,,
,,,,,,,,43,26223,0.1673881709575653,0.31717461347579956,0.1317877322435379,0.04138236865401268,0.029742751270532608,0.43932217359542847,,,,,,
,,,,,,,,43,26223,,,,,,,0.18994025886058807,0.2830619812011719,0.11756200343370438,0.034742701798677444,0.022555232048034668,0.38786375522613525
0.18809393048286438,0.31707483530044556,0.10710519552230835,0.03584242984652519,0.020580044016242027,0.4167598783969879,0.0013855832540562657,0.009999999776482582,44,26249,,,,,,,,,,,,
0.19019341468811035,0.301215797662735,0.10364815592765808,0.03322720155119896,0.01850130781531334,0.3955177068710327,0.001385033526417845,0.009999999776482582,44,26299,,,,,,,,,,,,
0.18683521449565887,0.2978767454624176,0.10328838974237442,0.03267412260174751,0.018921872600913048,0.3916560113430023,0.0013844825910448659,0.009999999776482582,44,26349,,,,,,,,,,,,
0.1874716430902481,0.20030494034290314,0.16643714904785156,0.03173498809337616,0.02987959422171116,0.3301982879638672,0.0013839304489863607,0.009999999776482582,44,26399,,,,,,,,,,,,
0.18460747599601746,0.3005734980106354,0.10164932906627655,0.03112601302564144,0.018052130937576294,0.3915502429008484,0.0013833771012936582,0.009999999776482582,44,26449,,,,,,,,,,,,
0.18813389539718628,0.304316908121109,0.10625850409269333,0.0341312438249588,0.01976318284869194,0.4014590084552765,0.0013828225490203846,0.009999999776482582,44,26499,,,,,,,,,,,,
0.18329434096813202,0.3282873034477234,0.10780417919158936,0.035516273230314255,0.020271381363272667,0.4278413653373718,0.0013822667932224585,0.009999999776482582,44,26549,,,,,,,,,,,,
0.1839858740568161,0.3189268708229065,0.10726255178451538,0.033857669681310654,0.01968577690422535,0.41625869274139404,0.00138170983495809,0.009999999776482582,44,26599,,,,,,,,,,,,
0.18825289607048035,0.32703113555908203,0.10495820641517639,0.037115294486284256,0.020333973690867424,0.4267925024032593,0.0013811516752877792,0.009999999776482582,44,26649,,,,,,,,,,,,
0.18477140367031097,0.20373430848121643,0.16965322196483612,0.031478431075811386,0.029771927744150162,0.3349253237247467,0.0013805923152743144,0.009999999776482582,44,26699,,,,,,,,,,,,
0.18913543224334717,0.19273948669433594,0.16028384864330292,0.03200168162584305,0.03035828471183777,0.3200622498989105,0.0013800317559827682,0.009999999776482582,44,26749,,,,,,,,,,,,
0.1889389157295227,0.309062123298645,0.10379883646965027,0.035313982516527176,0.01991448365151882,0.4062327742576599,0.0013794699984804979,0.009999999776482582,44,26799,,,,,,,,,,,,
,,,,,,,,44,26819,0.16344015300273895,0.36405783891677856,0.1340780109167099,0.04174111410975456,0.030117487534880638,0.48789671063423157,,,,,,
,,,,,,,,44,26819,,,,,,,0.18750378489494324,0.2792639136314392,0.12023554742336273,0.03374188020825386,0.022409353405237198,0.3843280076980591
0.18550056219100952,0.3007684350013733,0.10420475155115128,0.03324219211935997,0.01895076595246792,0.39558839797973633,0.0013789070438371416,0.009999999776482582,45,26849,,,,,,,,,,,,
0.18663734197616577,0.3041706681251526,0.10673550516366959,0.03498174250125885,0.021245306357741356,0.4031428396701813,0.0013783428931246169,0.009999999776482582,45,26899,,,,,,,,,,,,
0.18420761823654175,0.2996859848499298,0.10148012638092041,0.03170738369226456,0.0178397074341774,0.39105328917503357,0.0013777775474171192,0.009999999776482582,45,26949,,,,,,,,,,,,
0.18743082880973816,0.1962233930826187,0.1627935767173767,0.03287297487258911,0.030898461118340492,0.32594239711761475,0.0013772110077911188,0.009999999776482582,45,26999,,,,,,,,,,,,
0.1864018738269806,0.3317224979400635,0.10747027397155762,0.038531094789505005,0.021017977967858315,0.4344977140426636,0.00137664327532536,0.009999999776482582,45,27049,,,,,,,,,,,,
0.18690326809883118,0.30432191491127014,0.10576552152633667,0.029824787750840187,0.017646679654717445,0.39585280418395996,0.0013760743511008575,0.009999999776482582,45,27099,,,,,,,,,,,,
0.1872081309556961,0.31112024188041687,0.10238516330718994,0.03502520173788071,0.019845208153128624,0.40726062655448914,0.001375504236200896,0.009999999776482582,45,27149,,,,,,,,,,,,
0.18538632988929749,0.29739484190940857,0.10536634922027588,0.03156137093901634,0.018755532801151276,0.3910171389579773,0.0013749329317110273,0.009999999776482582,45,27199,,,,,,,,,,,,
0.18392884731292725,0.3211507201194763,0.10523594170808792,0.03391898050904274,0.01898651197552681,0.4171809256076813,0.0013743604387190676,0.009999999776482582,45,27249,,,,,,,,,,,,
0.1838701367378235,0.2869788408279419,0.10615288466215134,0.02987983077764511,0.016689714044332504,0.37827998399734497,0.0013737867583150968,0.009999999776482582,45,27299,,,,,,,,,,,,
0.18467773497104645,0.32388895750045776,0.10714513808488846,0.03513721749186516,0.01949244737625122,0.42234495282173157,0.0013732118915914552,0.009999999776482582,45,27349,,,,,,,,,,,,
0.18543168902397156,0.3051375150680542,0.10426432639360428,0.03253338858485222,0.01827523298561573,0.39894068241119385,0.0013726358396427426,0.009999999776482582,45,27399,,,,,,,,,,,,
,,,,,,,,45,27415,0.16118375957012177,0.366504430770874,0.13331234455108643,0.039495281875133514,0.028185049071907997,0.48674845695495605,,,,,,
,,,,,,,,45,27415,,,,,,,0.18540433049201965,0.2808113992214203,0.12072785943746567,0.03295052796602249,0.0219468604773283,0.38509923219680786
0.18153485655784607,0.3075047433376312,0.10805962979793549,0.0315270759165287,0.018175717443227768,0.402149498462677,0.0013720586035658152,0.009999999776482582,46,27449,,,,,,,,,,,,
0.18388870358467102,0.31512442231178284,0.10398151725530624,0.03604481741786003,0.020315155386924744,0.41331756114959717,0.0013714801844597836,0.009999999776482582,46,27499,,,,,,,,,,,,
0.18241490423679352,0.1953686773777008,0.16150914132595062,0.029770774766802788,0.02820488065481186,0.3199964761734009,0.0013709005834260117,0.009999999776482582,46,27549,,,,,,,,,,,,
0.1828191578388214,0.30493009090423584,0.10580220818519592,0.03399267420172691,0.019183330237865448,0.40141552686691284,0.0013703198015681136,0.009999999776482582,46,27599,,,,,,,,,,,,
0.18053783476352692,0.3074165880680084,0.10657238960266113,0.03010873682796955,0.017897803336381912,0.3997604250907898,0.0013697378399919512,0.009999999776482582,46,27649,,,,,,,,,,,,
0.18430429697036743,0.19836924970149994,0.16523636877536774,0.034601908177137375,0.032810330390930176,0.33199450373649597,0.0013691546998056338,0.009999999776482582,46,27699,,,,,,,,,,,,
0.1802791953086853,0.202793687582016,0.16779841482639313,0.031159667298197746,0.029283123090863228,0.3324941098690033,0.001368570382119514,0.009999999776482582,46,27749,,,,,,,,,,,,
0.18281376361846924,0.31613194942474365,0.10327844321727753,0.03076058439910412,0.016834266483783722,0.40694889426231384,0.0013679848880461868,0.009999999776482582,46,27799,,,,,,,,,,,,
0.18254077434539795,0.3008217215538025,0.10066074132919312,0.033086907118558884,0.019236885011196136,0.3938574492931366,0.0013673982187004873,0.009999999776482582,46,27849,,,,,,,,,,,,
0.1791292279958725,0.20435471832752228,0.17039735615253448,0.02981887198984623,0.028148099780082703,0.33344632387161255,0.001366810375199488,0.009999999776482582,46,27899,,,,,,,,,,,,
0.18155375123023987,0.20079520344734192,0.1674060821533203,0.032359328120946884,0.030834097415208817,0.3322746157646179,0.0013662213586624974,0.009999999776482582,46,27949,,,,,,,,,,,,
0.17961883544921875,0.3332006335258484,0.10677757114171982,0.03603224828839302,0.020948193967342377,0.4330957531929016,0.0013656311702110577,0.009999999776482582,46,27999,,,,,,,,,,,,
,,,,,,,,46,28011,0.16028641164302826,0.3319922387599945,0.14430105686187744,0.03872041404247284,0.029701488092541695,0.4577138125896454,,,,,,
,,,,,,,,46,28011,,,,,,,0.18279172480106354,0.2822949290275574,0.12031497806310654,0.03230445086956024,0.021500345319509506,0.385507196187973
0.18034672737121582,0.32060110569000244,0.10587034374475479,0.031909726560115814,0.017784815281629562,0.4143384099006653,0.001365039810968942,0.009999999776482582,47,28049,,,,,,,,,,,,
0.18179751932621002,0.3186974823474884,0.10486961156129837,0.032090477645397186,0.01845107227563858,0.41244828701019287,0.0013644472820621538,0.009999999776482582,47,28099,,,,,,,,,,,,
0.17963968217372894,0.31618210673332214,0.10409777611494064,0.03145886957645416,0.016762714833021164,0.40807121992111206,0.001363853584618922,0.009999999776482582,47,28149,,,,,,,,,,,,
0.18142485618591309,0.1984117031097412,0.16557182371616364,0.02763582579791546,0.02611580118536949,0.32189133763313293,0.001363258719769702,0.009999999776482582,47,28199,,,,,,,,,,,,
0.18005429208278656,0.32516252994537354,0.10722289979457855,0.03281518071889877,0.018508948385715485,0.42084363102912903,0.0013626626886471718,0.009999999776482582,47,28249,,,,,,,,,,,,
0.1819767951965332,0.2011035978794098,0.16715635359287262,0.03121284209191799,0.02950010634958744,0.3306446671485901,0.0013620654923862294,0.009999999776482582,47,28299,,,,,,,,,,,,
0.18015232682228088,0.20297390222549438,0.16784356534481049,0.02999516762793064,0.028354495763778687,0.33106809854507446,0.001361467132123992,0.009999999776482582,47,28349,,,,,,,,,,,,
0.18103888630867004,0.30594950914382935,0.10282823443412781,0.03383532911539078,0.019732985645532608,0.401065468788147,0.0013608676089997926,0.009999999776482582,47,28399,,,,,,,,,,,,
0.17884430289268494,0.19636020064353943,0.16389639675617218,0.028055088594555855,0.026377003639936447,0.3195519745349884,0.0013602669241551796,0.009999999776482582,47,28449,,,,,,,,,,,,
0.1820996105670929,0.3220207989215851,0.10456325858831406,0.03601938486099243,0.02013712003827095,0.42039036750793457,0.0013596650787339115,0.009999999776482582,47,28499,,,,,,,,,,,,
0.1821681410074234,0.20184332132339478,0.16695992648601532,0.030199764296412468,0.0285930335521698,0.32981956005096436,0.0013590620738819581,0.009999999776482582,47,28549,,,,,,,,,,,,
0.1802801787853241,0.304237961769104,0.10365379601716995,0.03212272375822067,0.01921364851295948,0.3977943956851959,0.001358457910747497,0.009999999776482582,47,28599,,,,,,,,,,,,
,,,,,,,,47,28607,0.15916375815868378,0.33574455976486206,0.14040717482566833,0.039100684225559235,0.02941606380045414,0.45975688099861145,,,,,,
,,,,,,,,47,28607,,,,,,,0.18056471645832062,0.2824667990207672,0.12050733715295792,0.03183821588754654,0.021247301250696182,0.38518235087394714
