train_metrics/feature_std_step,train_metrics/ijepa_loss_trunk_step,train_metrics/ctx_loss_trunk_step,train_metrics/ijepa_loss_final_step,train_metrics/ctx_loss_final_step,train_metrics/loss_step,train_metrics/lr,train_metrics/wd,epoch,step,val_metrics/feature_std,val_metrics/ijepa_loss_trunk,val_metrics/ctx_loss_trunk,val_metrics/ijepa_loss_final,val_metrics/ctx_loss_final,val_metrics/loss,train_metrics/feature_std_epoch,train_metrics/ijepa_loss_trunk_epoch,train_metrics/ctx_loss_trunk_epoch,train_metrics/ijepa_loss_final_epoch,train_metrics/ctx_loss_final_epoch,train_metrics/loss_epoch
0.1370932161808014,0.33303534984588623,0.0924605056643486,0.027759123593568802,0.016291912645101547,0.41517066955566406,0.0010891186586620152,0.009999999776482582,77,45899,,,,,,,,,,,,
0.13696172833442688,0.34851840138435364,0.09455277025699615,0.031213287264108658,0.021347083151340485,0.4376816153526306,0.0010881958915600883,0.009999999776482582,77,45949,,,,,,,,,,,,
0.13806703686714172,0.19925609230995178,0.1676027923822403,0.0302306916564703,0.028399039059877396,0.3274877071380615,0.001087272481929942,0.009999999776482582,77,45999,,,,,,,,,,,,
0.1383904218673706,0.20008891820907593,0.16983705759048462,0.027635017409920692,0.0260197464376688,0.3256523311138153,0.0010863484315298338,0.009999999776482582,77,46049,,,,,,,,,,,,
0.13725492358207703,0.32320311665534973,0.08812680840492249,0.02845238521695137,0.019870702177286148,0.40565428137779236,0.0010854237421192411,0.009999999776482582,77,46099,,,,,,,,,,,,
0.14002558588981628,0.20335814356803894,0.1715899407863617,0.02921973541378975,0.027289001271128654,0.33201733231544495,0.0010844984154588587,0.009999999776482582,77,46149,,,,,,,,,,,,
0.13827809691429138,0.3361946642398834,0.09024319052696228,0.03050275519490242,0.019615620374679565,0.4216268062591553,0.0010835724533105931,0.009999999776482582,77,46199,,,,,,,,,,,,
0.13934096693992615,0.3255658745765686,0.09820842742919922,0.02832438237965107,0.018705442547798157,0.4123471975326538,0.001082645857437563,0.009999999776482582,77,46249,,,,,,,,,,,,
0.13999885320663452,0.3115971088409424,0.08697321265935898,0.02902642823755741,0.018508046865463257,0.39336416125297546,0.0010817186296040923,0.009999999776482582,77,46299,,,,,,,,,,,,
0.1378195434808731,0.2053918093442917,0.17326614260673523,0.02654983289539814,0.024685267359018326,0.3309173583984375,0.0010807907715757086,0.009999999776482582,77,46349,,,,,,,,,,,,
0.1398961842060089,0.3211098313331604,0.09006533026695251,0.0256918054074049,0.01589621976017952,0.3997824192047119,0.00107986228511914,0.009999999776482582,77,46399,,,,,,,,,,,,
0.13961917161941528,0.34173664450645447,0.08903848379850388,0.02718385122716427,0.01671554148197174,0.421797513961792,0.0010789331720023095,0.009999999776482582,77,46449,,,,,,,,,,,,
0.1390341967344284,0.3050852119922638,0.09163841605186462,0.026113148778676987,0.01650291308760643,0.38526901602745056,0.001078003433994336,0.009999999776482582,77,46499,,,,,,,,,,,,
0.13913801312446594,0.3194608688354492,0.09234705567359924,0.02816869504749775,0.017871536314487457,0.4027388393878937,0.0010770730728655255,0.009999999776482582,77,46549,,,,,,,,,,,,
0.13918988406658173,0.3380737602710724,0.08957689255475998,0.02933475933969021,0.01847013086080551,0.4214320182800293,0.0010761420903873723,0.009999999776482582,77,46599,,,,,,,,,,,,
0.1372215747833252,0.3281964659690857,0.08637144416570663,0.02249329350888729,0.013604100793600082,0.40067753195762634,0.001075210488332553,0.009999999776482582,77,46649,,,,,,,,,,,,
0.13823693990707397,0.19508711993694305,0.16231760382652283,0.025127004832029343,0.023284584283828735,0.3130152225494385,0.001074278268474925,0.009999999776482582,77,46699,,,,,,,,,,,,
0.13970701396465302,0.20584017038345337,0.17293564975261688,0.02566276304423809,0.024027492851018906,0.32998451590538025,0.0010733454325895198,0.009999999776482582,77,46749,,,,,,,,,,,,
0.1391962319612503,0.3272961676120758,0.08748286217451096,0.02875686250627041,0.01727967895567417,0.40843430161476135,0.0010724119824525443,0.009999999776482582,77,46799,,,,,,,,,,,,
0.13880997896194458,0.3357990086078644,0.08747598528862,0.027428532019257545,0.01772455684840679,0.41582781076431274,0.0010714779198413738,0.009999999776482582,77,46849,,,,,,,,,,,,
0.13951988518238068,0.3170233368873596,0.0875687301158905,0.028259454295039177,0.01649337448179722,0.3973138630390167,0.0010705432465345497,0.009999999776482582,77,46899,,,,,,,,,,,,
0.13876871764659882,0.3076723515987396,0.08252374827861786,0.02384321019053459,0.014101259410381317,0.3798280656337738,0.001069607964311777,0.009999999776482582,77,46949,,,,,,,,,,,,
0.13827237486839294,0.2016759216785431,0.16769589483737946,0.023606693372130394,0.022015800699591637,0.32013845443725586,0.0010686720749539188,0.009999999776482582,77,46999,,,,,,,,,,,,
0.1390848159790039,0.3116815984249115,0.07996464520692825,0.024534130468964577,0.014201940968632698,0.3832990229129791,0.001067735580242996,0.009999999776482582,77,47049,,,,,,,,,,,,
,,,,,,,,77,47084,0.12557879090309143,0.37001392245292664,0.12839025259017944,0.0314934067428112,0.024204866960644722,0.47780483961105347,,,,,,
,,,,,,,,77,47084,,,,,,,0.13857713341712952,0.289333701133728,0.10897397249937057,0.026120828464627266,0.01839039847254753,0.3791365623474121
0.1395920068025589,0.30141687393188477,0.08233910799026489,0.024328384548425674,0.014715326018631458,0.3742724657058716,0.001066798481962181,0.009999999776482582,78,47099,,,,,,,,,,,,
0.13853588700294495,0.1974686086177826,0.16576723754405975,0.02328106015920639,0.021226337179541588,0.3142464756965637,0.0010658607818957951,0.009999999776482582,78,47149,,,,,,,,,,,,
0.1397014856338501,0.30857834219932556,0.08550769090652466,0.022894850000739098,0.0127323679625988,0.3805932104587555,0.0010649224818293072,0.009999999776482582,78,47199,,,,,,,,,,,,
0.13918089866638184,0.3151931166648865,0.08695398271083832,0.026272442191839218,0.01600140891969204,0.39294326305389404,0.0010639835835493262,0.009999999776482582,78,47249,,,,,,,,,,,,
0.1381319761276245,0.19676324725151062,0.16562993824481964,0.023444922640919685,0.021900879219174385,0.3139735758304596,0.0010630440888436021,0.009999999776482582,78,47299,,,,,,,,,,,,
0.13762764632701874,0.31121382117271423,0.08586517721414566,0.024596111848950386,0.01481818500906229,0.38615161180496216,0.0010621039995010197,0.009999999776482582,78,47349,,,,,,,,,,,,
0.13838323950767517,0.31135931611061096,0.0830002948641777,0.02337111160159111,0.0142378443852067,0.3833495080471039,0.0010611633173115962,0.009999999776482582,78,47399,,,,,,,,,,,,
0.13866743445396423,0.2033289521932602,0.1709877848625183,0.02353651076555252,0.02184334583580494,0.32328101992607117,0.0010602220440664775,0.009999999776482582,78,47449,,,,,,,,,,,,
0.13810700178146362,0.31224167346954346,0.0879831314086914,0.025492314249277115,0.015925686806440353,0.3896884024143219,0.0010592801815579346,0.009999999776482582,78,47499,,,,,,,,,,,,
0.1383538544178009,0.336816668510437,0.0851244404911995,0.02637377753853798,0.016073189675807953,0.4137892723083496,0.0010583377315793617,0.009999999776482582,78,47549,,,,,,,,,,,,
0.13692504167556763,0.32550451159477234,0.08639217168092728,0.025199836120009422,0.016404669731855392,0.4021027684211731,0.0010573946959252702,0.009999999776482582,78,47599,,,,,,,,,,,,
0.13789647817611694,0.3197972774505615,0.0879056304693222,0.025555847212672234,0.015410127118229866,0.39701101183891296,0.0010564510763912875,0.009999999776482582,78,47649,,,,,,,,,,,,
0.1378641128540039,0.3206476867198944,0.0843195840716362,0.023422183468937874,0.01351400837302208,0.3929866552352905,0.0010555068747741525,0.009999999776482582,78,47699,,,,,,,,,,,,
0.13955208659172058,0.18713265657424927,0.15748311579227448,0.02274482697248459,0.020959889516234398,0.2990989685058594,0.0010545620928717127,0.009999999776482582,78,47749,,,,,,,,,,,,
0.13736282289028168,0.31042540073394775,0.0846053808927536,0.023051436990499496,0.012997155077755451,0.38227811455726624,0.00105361673248292,0.009999999776482582,78,47799,,,,,,,,,,,,
0.1379408836364746,0.3095487952232361,0.08184327930212021,0.024822695180773735,0.014853719621896744,0.3827199935913086,0.0010526707954078285,0.009999999776482582,78,47849,,,,,,,,,,,,
0.1387101113796234,0.2941522002220154,0.08435554802417755,0.021334076300263405,0.012238344177603722,0.36378321051597595,0.0010517242834475896,0.009999999776482582,78,47899,,,,,,,,,,,,
0.13938793540000916,0.1926897168159485,0.16292794048786163,0.022814106196165085,0.02108834870159626,0.30751195549964905,0.00105077719840445,0.009999999776482582,78,47949,,,,,,,,,,,,
0.13756392896175385,0.307367742061615,0.08237147331237793,0.021977361291646957,0.012791809625923634,0.3769267499446869,0.0010498295420817468,0.009999999776482582,78,47999,,,,,,,,,,,,
0.13843318819999695,0.30442607402801514,0.08906985819339752,0.023243816569447517,0.01301595289260149,0.3787127733230591,0.0010488813162839062,0.009999999776482582,78,48049,,,,,,,,,,,,
0.13770699501037598,0.30658137798309326,0.08825363218784332,0.02190423756837845,0.012647567316889763,0.37893620133399963,0.001047932522816437,0.009999999776482582,78,48099,,,,,,,,,,,,
0.13826903700828552,0.33330702781677246,0.08809618651866913,0.02364744246006012,0.013883603736758232,0.40794438123703003,0.0010469831634859303,0.009999999776482582,78,48149,,,,,,,,,,,,
0.13678237795829773,0.30689820647239685,0.08453819900751114,0.023645229637622833,0.01403830200433731,0.3798317015171051,0.0010460332401000545,0.009999999776482582,78,48199,,,,,,,,,,,,
0.13606694340705872,0.3269746005535126,0.08649121224880219,0.02448032796382904,0.014178000390529633,0.4017895460128784,0.0010450827544675508,0.009999999776482582,78,48249,,,,,,,,,,,,
,,,,,,,,78,48277,0.12398447096347809,0.32348817586898804,0.11847595125436783,0.029779192060232162,0.02221028320491314,0.42361053824424744,,,,,,
,,,,,,,,78,48277,,,,,,,0.1380687654018402,0.2882770597934723,0.1063065156340599,0.023701723664999008,0.016025755554437637,0.3731445372104645
0.1377856582403183,0.19838714599609375,0.16655568778514862,0.023395327851176262,0.02172449417412281,0.3159225583076477,0.0010441317083982324,0.009999999776482582,79,48299,,,,,,,,,,,,
0.13577896356582642,0.3263894021511078,0.08465272188186646,0.024289634078741074,0.015437508933246136,0.4007241427898407,0.001043180103702979,0.009999999776482582,79,48349,,,,,,,,,,,,
0.13647224009037018,0.3058551251888275,0.08121151477098465,0.02305508963763714,0.013864352367818356,0.3764481544494629,0.0010422279421937342,0.009999999776482582,79,48399,,,,,,,,,,,,
0.13643522560596466,0.19060824811458588,0.16131030023097992,0.02144031599164009,0.01981446146965027,0.30261093378067017,0.0010412752256835015,0.009999999776482582,79,48449,,,,,,,,,,,,
0.13743573427200317,0.30085769295692444,0.08947018533945084,0.023262150585651398,0.013805477879941463,0.37575769424438477,0.0010403219559863412,0.009999999776482582,79,48499,,,,,,,,,,,,
0.1370275318622589,0.32150447368621826,0.08430318534374237,0.023481817916035652,0.014212967827916145,0.39424437284469604,0.0010393681349173674,0.009999999776482582,79,48549,,,,,,,,,,,,
0.1370064616203308,0.3268144130706787,0.0786813423037529,0.022146152332425117,0.01285592932254076,0.3947291970252991,0.0010384137642927432,0.009999999776482582,79,48599,,,,,,,,,,,,
0.13658970594406128,0.3095950186252594,0.08324617892503738,0.022523101419210434,0.013519135303795338,0.38050076365470886,0.0010374588459296792,0.009999999776482582,79,48649,,,,,,,,,,,,
0.13742747902870178,0.32368943095207214,0.08266764134168625,0.023900289088487625,0.013650094158947468,0.3957485854625702,0.001036503381646428,0.009999999776482582,79,48699,,,,,,,,,,,,
0.13613629341125488,0.31051400303840637,0.08385234326124191,0.021472541615366936,0.012698719277977943,0.3802620768547058,0.0010355473732622821,0.009999999776482582,79,48749,,,,,,,,,,,,
0.13618260622024536,0.3264235258102417,0.08572383970022202,0.02379492111504078,0.013543489389121532,0.39985209703445435,0.0010345908225975703,0.009999999776482582,79,48799,,,,,,,,,,,,
0.13769426941871643,0.31747207045555115,0.08504199236631393,0.023503432050347328,0.013445376418530941,0.39021918177604675,0.0010336337314736533,0.009999999776482582,79,48849,,,,,,,,,,,,
0.13649076223373413,0.31532302498817444,0.08594053983688354,0.02425212599337101,0.01407027617096901,0.38958054780960083,0.001032676101712921,0.009999999776482582,79,48899,,,,,,,,,,,,
0.13574425876140594,0.3113781809806824,0.08299991488456726,0.023918626829981804,0.013205915689468384,0.38339972496032715,0.00103171793513879,0.009999999776482582,79,48949,,,,,,,,,,,,
0.13628266751766205,0.3154270350933075,0.0803007185459137,0.02209128998219967,0.012784980237483978,0.38406118750572205,0.0010307592335756972,0.009999999776482582,79,48999,,,,,,,,,,,,
0.1388976275920868,0.31411123275756836,0.08588307350873947,0.023599576205015182,0.013336154632270336,0.3873204290866852,0.0010297999988490992,0.009999999776482582,79,49049,,,,,,,,,,,,
0.13850077986717224,0.3286634385585785,0.08507132530212402,0.02426633983850479,0.013661544770002365,0.4022962152957916,0.0010288402327854683,0.009999999776482582,79,49099,,,,,,,,,,,,
0.13575029373168945,0.18897725641727448,0.15921659767627716,0.020843617618083954,0.019341807812452316,0.2991000711917877,0.0010278799372122878,0.009999999776482582,79,49149,,,,,,,,,,,,
0.1383276730775833,0.30914321541786194,0.08166482299566269,0.025464629754424095,0.016043445095419884,0.38346195220947266,0.0010269191139580492,0.009999999776482582,79,49199,,,,,,,,,,,,
0.13625037670135498,0.33899733424186707,0.08684994280338287,0.024747056886553764,0.013449937105178833,0.41389432549476624,0.001025957764852249,0.009999999776482582,79,49249,,,,,,,,,,,,
0.13666953146457672,0.19880247116088867,0.16750599443912506,0.021399715915322304,0.019871050491929054,0.3138906955718994,0.001024995891725385,0.009999999776482582,79,49299,,,,,,,,,,,,
0.13572464883327484,0.3346509039402008,0.08510777354240417,0.025644415989518166,0.014030387625098228,0.4098643958568573,0.0010240334964089523,0.009999999776482582,79,49349,,,,,,,,,,,,
0.13638339936733246,0.19682642817497253,0.1650659590959549,0.02131313644349575,0.019567908719182014,0.3104564845561981,0.0010230705807354413,0.009999999776482582,79,49399,,,,,,,,,,,,
0.1362222284078598,0.30952009558677673,0.08341840654611588,0.021786171942949295,0.011411451734602451,0.3787212073802948,0.0010221071465383322,0.009999999776482582,79,49449,,,,,,,,,,,,
,,,,,,,,79,49470,0.1236441507935524,0.38421881198883057,0.12034380435943604,0.02973019704222679,0.02261023037135601,0.4854260981082916,,,,,,
,,,,,,,,79,49470,,,,,,,0.13697020709514618,0.2874877452850342,0.1047247126698494,0.023100310936570168,0.015240090899169445,0.3705706298351288
0.1354246735572815,0.3144487142562866,0.08343945443630219,0.021403208374977112,0.011179515160620213,0.38316142559051514,0.0010211431956520928,0.009999999776482582,80,49499,,,,,,,,,,,,
0.137050598859787,0.3403271436691284,0.08616966754198074,0.026227951049804688,0.015620453283190727,0.4174501597881317,0.0010201787299121748,0.009999999776482582,80,49549,,,,,,,,,,,,
0.13649830222129822,0.34095755219459534,0.08627191185951233,0.02418028935790062,0.014086808077991009,0.41531720757484436,0.001019213751155011,0.009999999776482582,80,49599,,,,,,,,,,,,
0.13434980809688568,0.3125242590904236,0.08248378336429596,0.022810073569417,0.013007733970880508,0.3830800950527191,0.0010182482612180095,0.009999999776482582,80,49649,,,,,,,,,,,,
0.13605178892612457,0.33509114384651184,0.08487393707036972,0.02536323294043541,0.016355354338884354,0.41106900572776794,0.0010172822619395525,0.009999999776482582,80,49699,,,,,,,,,,,,
0.13476932048797607,0.32163453102111816,0.08275864273309708,0.021677616983652115,0.012309227138757706,0.3908461034297943,0.0010163157551589927,0.009999999776482582,80,49749,,,,,,,,,,,,
0.1372367888689041,0.3086739778518677,0.08263284713029861,0.022762183099985123,0.012574449181556702,0.37903979420661926,0.0010153487427166483,0.009999999776482582,80,49799,,,,,,,,,,,,
0.13662759959697723,0.32794055342674255,0.0839809775352478,0.023325471207499504,0.012910247780382633,0.39971163868904114,0.0010143812264538001,0.009999999776482582,80,49849,,,,,,,,,,,,
0.13710255920886993,0.1961105614900589,0.16627715528011322,0.021956829354166985,0.02055579051375389,0.31148386001586914,0.0010134132082126887,0.009999999776482582,80,49899,,,,,,,,,,,,
0.13591328263282776,0.3135000765323639,0.08350677788257599,0.023475347086787224,0.013712383806705475,0.3855850100517273,0.001012444689836511,0.009999999776482582,80,49949,,,,,,,,,,,,
0.13537360727787018,0.19694988429546356,0.16610296070575714,0.02112494222819805,0.01965334266424179,0.3109529912471771,0.0010114756731694154,0.009999999776482582,80,49999,,,,,,,,,,,,
0.1354246586561203,0.3384249210357666,0.08483754843473434,0.02387494221329689,0.013064809143543243,0.411251038312912,0.001010506160056499,0.009999999776482582,80,50049,,,,,,,,,,,,
0.13345864415168762,0.3169418275356293,0.08485100418329239,0.024846406653523445,0.01523657701909542,0.39183202385902405,0.0010095361523438048,0.009999999776482582,80,50099,,,,,,,,,,,,
0.13665592670440674,0.2972610890865326,0.0759156346321106,0.02184535562992096,0.012220282107591629,0.3631744086742401,0.0010085656518783173,0.009999999776482582,80,50149,,,,,,,,,,,,
0.13461679220199585,0.32183361053466797,0.08756695687770844,0.02285405993461609,0.013288860209286213,0.39511558413505554,0.0010075946605079592,0.009999999776482582,80,50199,,,,,,,,,,,,
0.137059286236763,0.3293830454349518,0.08349087834358215,0.025660237297415733,0.01442047581076622,0.4039989709854126,0.0010066231800815884,0.009999999776482582,80,50249,,,,,,,,,,,,
0.1346251368522644,0.31370773911476135,0.0848737433552742,0.02285701036453247,0.013097887858748436,0.3855505585670471,0.0010056512124489926,0.009999999776482582,80,50299,,,,,,,,,,,,
0.1338147222995758,0.3228130638599396,0.08642509579658508,0.02334732748568058,0.014030351303517818,0.39638814330101013,0.0010046787594608889,0.009999999776482582,80,50349,,,,,,,,,,,,
0.1347033828496933,0.3081645965576172,0.07912877202033997,0.023032354190945625,0.013595085591077805,0.3775588572025299,0.0010037058229689178,0.009999999776482582,80,50399,,,,,,,,,,,,
0.13399739563465118,0.3194708228111267,0.08247710019350052,0.02620990015566349,0.015257437713444233,0.3945479989051819,0.00100273240482564,0.009999999776482582,80,50449,,,,,,,,,,,,
0.1340983361005783,0.3105233311653137,0.0809783786535263,0.023280669003725052,0.012821419164538383,0.3807038962841034,0.0010017585068845343,0.009999999776482582,80,50499,,,,,,,,,,,,
0.13654287159442902,0.29120779037475586,0.0828850045800209,0.021921072155237198,0.012016643770039082,0.3605796992778778,0.0010007841309999923,0.009999999776482582,80,50549,,,,,,,,,,,,
0.1344148963689804,0.3091641068458557,0.0792522206902504,0.02232072688639164,0.012216981500387192,0.37721943855285645,0.0009998092790273157,0.009999999776482582,80,50599,,,,,,,,,,,,
0.13544493913650513,0.19734123349189758,0.1674332469701767,0.02276858128607273,0.02122645266354084,0.31443968415260315,0.0009988339528227133,0.009999999776482582,80,50649,,,,,,,,,,,,
,,,,,,,,80,50663,0.12186186015605927,0.3601175844669342,0.1253882348537445,0.028607631102204323,0.02192055992782116,0.462379515171051,,,,,,
,,,,,,,,80,50663,,,,,,,0.13558511435985565,0.28646159172058105,0.10463427007198334,0.022951187565922737,0.014925009571015835,0.3691926896572113
0.13501489162445068,0.3080930709838867,0.07897423952817917,0.021185655146837234,0.011572148650884628,0.374551922082901,0.0009978581542432962,0.009999999776482582,81,50699,,,,,,,,,,,,
0.13506034016609192,0.3043827414512634,0.07946235686540604,0.02080441825091839,0.011164705269038677,0.37050068378448486,0.0009968818851470759,0.009999999776482582,81,50749,,,,,,,,,,,,
0.13441380858421326,0.32814258337020874,0.0838858038187027,0.023819174617528915,0.0135045712813735,0.40065693855285645,0.0009959051473929577,0.009999999776482582,81,50799,,,,,,,,,,,,
0.13427996635437012,0.3150196075439453,0.08832087367773056,0.025409504771232605,0.015249115414917469,0.3922140896320343,0.0009949279428407422,0.009999999776482582,81,50849,,,,,,,,,,,,
0.1349683403968811,0.19307957589626312,0.16301274299621582,0.021085260435938835,0.019458357244729996,0.30540040135383606,0.0009939502733511164,0.009999999776482582,81,50899,,,,,,,,,,,,
0.1352253258228302,0.3160988688468933,0.0807395949959755,0.023160049691796303,0.01261685136705637,0.3859371542930603,0.000992972140785654,0.009999999776482582,81,50949,,,,,,,,,,,,
0.1334996372461319,0.3099404275417328,0.08287778496742249,0.02258455939590931,0.012354663573205471,0.3801412284374237,0.0009919935470068101,0.009999999776482582,81,50999,,,,,,,,,,,,
0.13412094116210938,0.30523648858070374,0.07977421581745148,0.02252662368118763,0.011962097138166428,0.3736312687397003,0.0009910144938779172,0.009999999776482582,81,51049,,,,,,,,,,,,
0.13290062546730042,0.32076823711395264,0.07993553578853607,0.024450073018670082,0.013736208900809288,0.3920542001724243,0.000990034983263184,0.009999999776482582,81,51099,,,,,,,,,,,,
0.1341559886932373,0.33237624168395996,0.07899206876754761,0.02240697108209133,0.01313677430152893,0.4008476436138153,0.0009890550170276883,0.009999999776482582,81,51149,,,,,,,,,,,,
0.13485755026340485,0.32665133476257324,0.08010861277580261,0.02363191358745098,0.012071172706782818,0.3963731527328491,0.0009880745970373775,0.009999999776482582,81,51199,,,,,,,,,,,,
0.13303010165691376,0.3197895288467407,0.08181697130203247,0.02688746526837349,0.01446748897433281,0.3948192298412323,0.0009870937251590618,0.009999999776482582,81,51249,,,,,,,,,,,,
0.1349818855524063,0.198197141289711,0.1689775586128235,0.020821532234549522,0.019415510818362236,0.3132152259349823,0.0009861124032604115,0.009999999776482582,81,51299,,,,,,,,,,,,
0.1347617208957672,0.3232506513595581,0.08129403740167618,0.02433800883591175,0.013227521441876888,0.3948494493961334,0.000985130633209955,0.009999999776482582,81,51349,,,,,,,,,,,,
0.133733868598938,0.19527070224285126,0.164364755153656,0.020755374804139137,0.01927822083234787,0.3078475594520569,0.000984148416877073,0.009999999776482582,81,51399,,,,,,,,,,,,
0.13235025107860565,0.2008247971534729,0.17016300559043884,0.020932508632540703,0.01940823718905449,0.31654295325279236,0.0009831657561319967,0.009999999776482582,81,51449,,,,,,,,,,,,
0.13372322916984558,0.3073587417602539,0.08321326225996017,0.02131853997707367,0.010144348256289959,0.3753560781478882,0.0009821826528458027,0.009999999776482582,81,51499,,,,,,,,,,,,
0.13430379331111908,0.32265686988830566,0.08199389278888702,0.024012329056859016,0.01286123413592577,0.3940967619419098,0.0009811991088904113,0.009999999776482582,81,51549,,,,,,,,,,,,
0.13146129250526428,0.3147956132888794,0.08329414576292038,0.023502422496676445,0.012511463835835457,0.38620084524154663,0.0009802151261385805,0.009999999776482582,81,51599,,,,,,,,,,,,
0.1339540034532547,0.3232700824737549,0.0836700052022934,0.02488849312067032,0.013251145370304585,0.39661917090415955,0.000979230706463905,0.009999999776482582,81,51649,,,,,,,,,,,,
0.13433299958705902,0.30331945419311523,0.08120115846395493,0.025251055136322975,0.012700444087386131,0.37552130222320557,0.0009782458517408107,0.009999999776482582,81,51699,,,,,,,,,,,,
0.13209831714630127,0.19235588610172272,0.16392908990383148,0.02157663181424141,0.019782233983278275,0.30578815937042236,0.0009772605638445528,0.009999999776482582,81,51749,,,,,,,,,,,,
0.13456621766090393,0.3204666078090668,0.08255401998758316,0.02688644826412201,0.014513829723000526,0.39588698744773865,0.00097627484465121,0.009999999776482582,81,51799,,,,,,,,,,,,
0.13274100422859192,0.1987476944923401,0.16844891011714935,0.02345993183553219,0.02165875770151615,0.3172614574432373,0.0009752886960376832,0.009999999776482582,81,51849,,,,,,,,,,,,
,,,,,,,,81,51856,0.12163747102022171,0.3636651933193207,0.12969860434532166,0.030384842306375504,0.022714508697390556,0.4702564477920532,,,,,,
,,,,,,,,81,51856,,,,,,,0.13409608602523804,0.28608325123786926,0.10253812372684479,0.023330241441726685,0.014790097251534462,0.36807727813720703
0.13249355554580688,0.1954151839017868,0.16512341797351837,0.02043718844652176,0.019209248945116997,0.3080187141895294,0.0009743021198816909,0.009999999776482582,82,51899,,,,,,,,,,,,
0.13261374831199646,0.31283044815063477,0.08492331951856613,0.02462030202150345,0.013279243372380733,0.38655203580856323,0.0009733151180617647,0.009999999776482582,82,51949,,,,,,,,,,,,
0.13304990530014038,0.3087218999862671,0.0838623046875,0.02302754856646061,0.01229855976998806,0.37982988357543945,0.000972327692457248,0.009999999776482582,82,51999,,,,,,,,,,,,
0.1338714361190796,0.3140470087528229,0.07724994421005249,0.023926084861159325,0.012068645097315311,0.38263237476348877,0.0009713398449482909,0.009999999776482582,82,52049,,,,,,,,,,,,
0.1330576092004776,0.3232218027114868,0.082739919424057,0.02362849935889244,0.012198192067444324,0.3943193852901459,0.0009703515774158457,0.009999999776482582,82,52099,,,,,,,,,,,,
0.1331351399421692,0.31487855315208435,0.07794985920190811,0.021742066368460655,0.011075984686613083,0.3811335563659668,0.0009693628917416658,0.009999999776482582,82,52149,,,,,,,,,,,,
0.13436296582221985,0.31378450989723206,0.08054003864526749,0.025069143623113632,0.012141811661422253,0.3851945996284485,0.0009683737898082999,0.009999999776482582,82,52199,,,,,,,,,,,,
0.13304403424263,0.3064911365509033,0.07856611162424088,0.025345221161842346,0.013927193358540535,0.3780830204486847,0.0009673842734990902,0.009999999776482582,82,52249,,,,,,,,,,,,
0.1337823122739792,0.32986682653427124,0.07792693376541138,0.02604791894555092,0.014001185074448586,0.40187880396842957,0.0009663943446981671,0.009999999776482582,82,52299,,,,,,,,,,,,
0.1335989534854889,0.3112143278121948,0.08361811935901642,0.024000952020287514,0.013704545795917511,0.38387659192085266,0.0009654040052904466,0.009999999776482582,82,52349,,,,,,,,,,,,
0.13477012515068054,0.3256415128707886,0.08107049763202667,0.02467980794608593,0.013250586576759815,0.39748185873031616,0.0009644132571616265,0.009999999776482582,82,52399,,,,,,,,,,,,
0.13251110911369324,0.3164495527744293,0.0794876292347908,0.02307095192372799,0.012902786023914814,0.3857157230377197,0.0009634221021981832,0.009999999776482582,82,52449,,,,,,,,,,,,
0.13346551358699799,0.3251628279685974,0.0841977447271347,0.025541184470057487,0.013145241886377335,0.3993754982948303,0.0009624305422873675,0.009999999776482582,82,52499,,,,,,,,,,,,
0.13236762583255768,0.3079148828983307,0.08168080449104309,0.02333233132958412,0.012423071078956127,0.37829917669296265,0.0009614385793172009,0.009999999776482582,82,52549,,,,,,,,,,,,
0.1323259174823761,0.30638188123703003,0.08200429379940033,0.02380000613629818,0.012476002797484398,0.377422034740448,0.0009604462151764735,0.009999999776482582,82,52599,,,,,,,,,,,,
0.13379532098770142,0.3161980211734772,0.08082696795463562,0.025110971182584763,0.013064006343483925,0.38825446367263794,0.000959453451754738,0.009999999776482582,82,52649,,,,,,,,,,,,
0.13268688321113586,0.31636178493499756,0.07618968188762665,0.025143766775727272,0.014311844483017921,0.3867563307285309,0.0009584602909423079,0.009999999776482582,82,52699,,,,,,,,,,,,
0.13341982662677765,0.3109123706817627,0.08364284783601761,0.022914821282029152,0.012447983026504517,0.38187259435653687,0.000957466734630253,0.009999999776482582,82,52749,,,,,,,,,,,,
0.13309457898139954,0.19865036010742188,0.16957125067710876,0.02362820692360401,0.021974150091409683,0.318051278591156,0.0009564727847103971,0.009999999776482582,82,52799,,,,,,,,,,,,
0.131501242518425,0.2011861801147461,0.1715792715549469,0.023055506870150566,0.021199893206357956,0.3206312656402588,0.0009554784430753129,0.009999999776482582,82,52849,,,,,,,,,,,,
0.1337103545665741,0.19374439120292664,0.16355589032173157,0.023734619840979576,0.022369427606463432,0.31044167280197144,0.0009544837116183182,0.009999999776482582,82,52899,,,,,,,,,,,,
0.13215407729148865,0.3167426288127899,0.08061397820711136,0.027920633554458618,0.014787462539970875,0.392363965511322,0.0009534885922334746,0.009999999776482582,82,52949,,,,,,,,,,,,
0.1342276632785797,0.30000239610671997,0.07659796625375748,0.024221327155828476,0.012283243238925934,0.36866432428359985,0.000952493086815581,0.009999999776482582,82,52999,,,,,,,,,,,,
0.13292184472084045,0.3290233314037323,0.08184529840946198,0.02542126551270485,0.013059329241514206,0.4018968939781189,0.0009514971972601721,0.009999999776482582,82,53049,,,,,,,,,,,,
,,,,,,,,82,53049,0.12208794057369232,0.3543252944946289,0.11332491785287857,0.02987070195376873,0.019764171913266182,0.45074060559272766,,,,,,
,,,,,,,,82,53049,,,,,,,0.13319611549377441,0.28371065855026245,0.10089564323425293,0.02381143532693386,0.014734388329088688,0.36533740162849426
0.1330651342868805,0.3169703781604767,0.07997789978981018,0.026357587426900864,0.014049796387553215,0.3903418183326721,0.0009505009254635137,0.009999999776482582,83,53099,,,,,,,,,,,,
0.13364267349243164,0.3090013265609741,0.08267953991889954,0.02552160434424877,0.012688894756138325,0.38220712542533875,0.0009495042733226,0.009999999776482582,83,53149,,,,,,,,,,,,
0.13203155994415283,0.19128960371017456,0.1617003083229065,0.022457340732216835,0.020925002172589302,0.30505961179733276,0.0009485072427351484,0.009999999776482582,83,53199,,,,,,,,,,,,
0.13329313695430756,0.3141070306301117,0.07945313304662704,0.025506911799311638,0.012293237261474133,0.3854871094226837,0.0009475098355995974,0.009999999776482582,83,53249,,,,,,,,,,,,
0.13268065452575684,0.2971832752227783,0.07539335638284683,0.024457460269331932,0.013091851025819778,0.36588335037231445,0.0009465120538151029,0.009999999776482582,83,53299,,,,,,,,,,,,
0.13365429639816284,0.3306047320365906,0.08179044723510742,0.028828781098127365,0.015603959560394287,0.4081307053565979,0.0009455138992815338,0.009999999776482582,83,53349,,,,,,,,,,,,
0.13332974910736084,0.1853685826063156,0.15846487879753113,0.020177049562335014,0.018728306517004967,0.2941422164440155,0.0009445153738994684,0.009999999776482582,83,53399,,,,,,,,,,,,
0.13339680433273315,0.3125809133052826,0.07861386239528656,0.02663113735616207,0.013672810047864914,0.3853553831577301,0.0009435164795701919,0.009999999776482582,83,53449,,,,,,,,,,,,
0.13370533287525177,0.32549363374710083,0.07449300587177277,0.02494906075298786,0.013020258396863937,0.39419931173324585,0.000942517218195691,0.009999999776482582,83,53499,,,,,,,,,,,,
0.1323794424533844,0.29889339208602905,0.07699599117040634,0.023397432640194893,0.011925854720175266,0.3667517304420471,0.0009415175916786526,0.009999999776482582,83,53549,,,,,,,,,,,,
0.1294151395559311,0.30765148997306824,0.08385537564754486,0.025244366377592087,0.013986676000058651,0.38181689381599426,0.0009405176019224576,0.009999999776482582,83,53599,,,,,,,,,,,,
0.13308095932006836,0.2987576425075531,0.07512515783309937,0.02252325229346752,0.010979900136590004,0.3643334209918976,0.000939517250831179,0.009999999776482582,83,53649,,,,,,,,,,,,
0.13266849517822266,0.2999911904335022,0.08029023557901382,0.02357099950313568,0.01232629269361496,0.36987045407295227,0.0009385165403095786,0.009999999776482582,83,53699,,,,,,,,,,,,
0.13251295685768127,0.1936345100402832,0.16579285264015198,0.02255890890955925,0.020506825298070908,0.30934324860572815,0.0009375154722631012,0.009999999776482582,83,53749,,,,,,,,,,,,
0.13333763182163239,0.18685831129550934,0.15954425930976868,0.02310921810567379,0.0214096587151289,0.30044448375701904,0.0009365140485978732,0.009999999776482582,83,53799,,,,,,,,,,,,
0.13169273734092712,0.30532190203666687,0.08115030080080032,0.02514900080859661,0.011919887736439705,0.37700599431991577,0.0009355122712206978,0.009999999776482582,83,53849,,,,,,,,,,,,
0.13318534195423126,0.31500518321990967,0.07825032621622086,0.027171621099114418,0.013538786210119724,0.38807135820388794,0.0009345101420390528,0.009999999776482582,83,53899,,,,,,,,,,,,
0.13332584500312805,0.18790461122989655,0.15892888605594635,0.02296680584549904,0.02148287370800972,0.30107730627059937,0.0009335076629610838,0.009999999776482582,83,53949,,,,,,,,,,,,
0.13121025264263153,0.32282137870788574,0.07770396023988724,0.025073789060115814,0.012142977677285671,0.3928186297416687,0.000932504835895604,0.009999999776482582,83,53999,,,,,,,,,,,,
0.13286811113357544,0.18439817428588867,0.15742801129817963,0.023696426302194595,0.021853797137737274,0.2977355122566223,0.0009315016627520897,0.009999999776482582,83,54049,,,,,,,,,,,,
0.13093218207359314,0.3143383264541626,0.07795247435569763,0.02779930830001831,0.014606654644012451,0.38841721415519714,0.0009304981454406747,0.009999999776482582,83,54099,,,,,,,,,,,,
0.13273772597312927,0.1946123093366623,0.16796237230300903,0.024385623633861542,0.022615406662225723,0.3142867982387543,0.0009294942858721492,0.009999999776482582,83,54149,,,,,,,,,,,,
0.13208071887493134,0.3181374669075012,0.08155589550733566,0.025567136704921722,0.012421220541000366,0.39069315791130066,0.0009284900859579545,0.009999999776482582,83,54199,,,,,,,,,,,,
,,,,,,,,83,54242,0.12228740006685257,0.32498976588249207,0.11457402259111404,0.03118683397769928,0.021266711875796318,0.424096941947937,,,,,,
,,,,,,,,83,54242,,,,,,,0.13240946829319,0.2791733741760254,0.10023479908704758,0.02432093396782875,0.0148323280736804,0.3610284626483917
0.13168056309223175,0.31173545122146606,0.07765623927116394,0.025062309578061104,0.012536022812128067,0.38189390301704407,0.0009274855476101805,0.009999999776482582,84,54249,,,,,,,,,,,,
0.132342129945755,0.30083155632019043,0.08135417103767395,0.02596612274646759,0.013610748574137688,0.3742801249027252,0.0009264806727415611,0.009999999776482582,84,54299,,,,,,,,,,,,
0.1307356208562851,0.3172537088394165,0.08038357645273209,0.02504727989435196,0.01273803599178791,0.3888618052005768,0.0009254754632654709,0.009999999776482582,84,54349,,,,,,,,,,,,
0.13186657428741455,0.29376211762428284,0.07540562748908997,0.02328503504395485,0.012741739861667156,0.3611208498477936,0.0009244699210959224,0.009999999776482582,84,54399,,,,,,,,,,,,
0.13157817721366882,0.3116608262062073,0.07933998107910156,0.02674499712884426,0.014433812350034714,0.3852927088737488,0.0009234640481475603,0.009999999776482582,84,54449,,,,,,,,,,,,
0.13078732788562775,0.3065548539161682,0.07244375348091125,0.021674996241927147,0.010375840589404106,0.36963963508605957,0.0009224578463356602,0.009999999776482582,84,54499,,,,,,,,,,,,
0.13102833926677704,0.30291515588760376,0.07924612611532211,0.025196166709065437,0.01280476525425911,0.374136745929718,0.0009214513175761233,0.009999999776482582,84,54549,,,,,,,,,,,,
0.13138297200202942,0.18876460194587708,0.16255846619606018,0.022519994527101517,0.02096899226307869,0.30304834246635437,0.0009204444637854738,0.009999999776482582,84,54599,,,,,,,,,,,,
0.1309356838464737,0.29988813400268555,0.07919078320264816,0.024663418531417847,0.01211318839341402,0.37020355463027954,0.0009194372868808544,0.009999999776482582,84,54649,,,,,,,,,,,,
0.13152366876602173,0.29506924748420715,0.07683730125427246,0.0233211237937212,0.011211154982447624,0.3624145984649658,0.000918429788780023,0.009999999776482582,84,54699,,,,,,,,,,,,
0.13096249103546143,0.29427212476730347,0.07384540885686874,0.0235116146504879,0.012827345170080662,0.3611201047897339,0.0009174219714013495,0.009999999776482582,84,54749,,,,,,,,,,,,
0.13209640979766846,0.3196331262588501,0.08006264269351959,0.027695760130882263,0.014782574959099293,0.39475148916244507,0.0009164138366638115,0.009999999776482582,84,54799,,,,,,,,,,,,
0.13176527619361877,0.3117430508136749,0.07691355794668198,0.026080189272761345,0.012705609202384949,0.3826328217983246,0.0009154053864869905,0.009999999776482582,84,54849,,,,,,,,,,,,
0.13204169273376465,0.313790887594223,0.07795612514019012,0.02593933790922165,0.012534650042653084,0.3849756121635437,0.0009143966227910698,0.009999999776482582,84,54899,,,,,,,,,,,,
0.13045522570610046,0.3130130469799042,0.07614582777023315,0.026505716145038605,0.012493188492953777,0.3838382661342621,0.000913387547496828,0.009999999776482582,84,54949,,,,,,,,,,,,
0.13227640092372894,0.297201931476593,0.07723262161016464,0.02427455596625805,0.012098710052669048,0.3661421537399292,0.0009123781625256386,0.009999999776482582,84,54999,,,,,,,,,,,,
0.13124482333660126,0.319161057472229,0.07910769432783127,0.025063857436180115,0.011706898920238018,0.3896322250366211,0.0009113684697994633,0.009999999776482582,84,55049,,,,,,,,,,,,
0.13232818245887756,0.1890132576227188,0.16374827921390533,0.023203257471323013,0.021471960470080376,0.30482664704322815,0.0009103584712408509,0.009999999776482582,84,55099,,,,,,,,,,,,
0.13289238512516022,0.17841671407222748,0.15154080092906952,0.021184077486395836,0.01953112706542015,0.28513675928115845,0.0009093481687729325,0.009999999776482582,84,55149,,,,,,,,,,,,
0.13188990950584412,0.30453693866729736,0.07866133749485016,0.024490348994731903,0.012845785357058048,0.3747808337211609,0.0009083375643194171,0.009999999776482582,84,55199,,,,,,,,,,,,
0.13046833872795105,0.30016985535621643,0.08130943030118942,0.025714509189128876,0.012547586113214493,0.3728128671646118,0.0009073266598045894,0.009999999776482582,84,55249,,,,,,,,,,,,
0.13134142756462097,0.2937708795070648,0.07468090951442719,0.024645810946822166,0.011670145206153393,0.36159223318099976,0.0009063154571533049,0.009999999776482582,84,55299,,,,,,,,,,,,
0.1321631669998169,0.18261763453483582,0.1563137024641037,0.023183627054095268,0.02165236510336399,0.2947843074798584,0.0009053039582909874,0.009999999776482582,84,55349,,,,,,,,,,,,
0.1301068365573883,0.31191232800483704,0.07614240050315857,0.0252094604074955,0.012496705166995525,0.3814413249492645,0.0009042921651436238,0.009999999776482582,84,55399,,,,,,,,,,,,
,,,,,,,,84,55435,0.12503792345523834,0.3570433557033539,0.12412817776203156,0.03352358564734459,0.02393966168165207,0.46460095047950745,,,,,,
,,,,,,,,84,55435,,,,,,,0.13172326982021332,0.275147944688797,0.09794759005308151,0.024745628237724304,0.014829178340733051,0.35628196597099304
0.13074447214603424,0.18853862583637238,0.16147632896900177,0.023286601528525352,0.02160250023007393,0.303364634513855,0.0009032800796377629,0.009999999776482582,85,55449,,,,,,,,,,,,
0.13150858879089355,0.20696507394313812,0.18467116355895996,0.027648085728287697,0.02669168822467327,0.34029459953308105,0.0009022677037005083,0.009999999776482582,85,55499,,,,,,,,,,,,
0.13088074326515198,0.18941660225391388,0.16209104657173157,0.023117177188396454,0.021659573540091515,0.30440908670425415,0.0009012550392595178,0.009999999776482582,85,55549,,,,,,,,,,,,
0.13061529397964478,0.2857055962085724,0.07191489636898041,0.02340393140912056,0.01162317581474781,0.3508785665035248,0.0009002420882429984,0.009999999776482582,85,55599,,,,,,,,,,,,
0.13159064948558807,0.28837695717811584,0.07187775522470474,0.023892611265182495,0.012173154391348362,0.3542950451374054,0.0008992288525797027,0.009999999776482582,85,55649,,,,,,,,,,,,
0.13047412037849426,0.3040791153907776,0.07387229800224304,0.026295389980077744,0.01288674771785736,0.3737540543079376,0.000898215334198925,0.009999999776482582,85,55699,,,,,,,,,,,,
0.13077671825885773,0.2972528040409088,0.07586620002985,0.026458267122507095,0.013881616294384003,0.3685849905014038,0.0008972015350304977,0.009999999776482582,85,55749,,,,,,,,,,,,
0.13242223858833313,0.32162711024284363,0.0748201385140419,0.0261065810918808,0.012544437311589718,0.3914159834384918,0.0008961874570047893,0.009999999776482582,85,55799,,,,,,,,,,,,
0.1305263638496399,0.28868401050567627,0.07029999047517776,0.023476922884583473,0.011099794879555702,0.35286080837249756,0.0008951731020526973,0.009999999776482582,85,55849,,,,,,,,,,,,
0.13153745234012604,0.2927100956439972,0.07341507822275162,0.02244620956480503,0.010701404884457588,0.3572145700454712,0.0008941584721056478,0.009999999776482582,85,55899,,,,,,,,,,,,
0.131794735789299,0.293294757604599,0.07158441841602325,0.025106145069003105,0.01207338273525238,0.3602297902107239,0.0008931435690955905,0.009999999776482582,85,55949,,,,,,,,,,,,
0.1320141851902008,0.2957570254802704,0.07251680642366409,0.026452895253896713,0.012617076747119427,0.3647768497467041,0.0008921283949549947,0.009999999776482582,85,55999,,,,,,,,,,,,
0.13260215520858765,0.29071909189224243,0.071258045732975,0.023919954895973206,0.011666474863886833,0.3561013340950012,0.000891112951616845,0.009999999776482582,85,56049,,,,,,,,,,,,
0.13165217638015747,0.3146209418773651,0.07125672698020935,0.02833331748843193,0.013053200207650661,0.38510921597480774,0.0008900972410146404,0.009999999776482582,85,56099,,,,,,,,,,,,
0.13108719885349274,0.2870454490184784,0.070415198802948,0.02438044361770153,0.011897902935743332,0.3525824546813965,0.0008890812650823876,0.009999999776482582,85,56149,,,,,,,,,,,,
0.13078995048999786,0.2935645580291748,0.07707991451025009,0.02489992417395115,0.012947103008627892,0.3634779751300812,0.0008880650257545991,0.009999999776482582,85,56199,,,,,,,,,,,,
0.13011164963245392,0.2901141345500946,0.07546635717153549,0.025299862027168274,0.011406450532376766,0.3588503897190094,0.0008870485249662885,0.009999999776482582,85,56249,,,,,,,,,,,,
0.13194352388381958,0.30502307415008545,0.07466036826372147,0.02460601180791855,0.011623198166489601,0.37277087569236755,0.0008860317646529672,0.009999999776482582,85,56299,,,,,,,,,,,,
0.13143743574619293,0.2701396644115448,0.07173663377761841,0.023219192400574684,0.011388351209461689,0.33492136001586914,0.0008850147467506414,0.009999999776482582,85,56349,,,,,,,,,,,,
0.13063713908195496,0.1811068058013916,0.15641456842422485,0.02272823266685009,0.02070160210132599,0.29239311814308167,0.0008839974731958071,0.009999999776482582,85,56399,,,,,,,,,,,,
0.1311100274324417,0.29217272996902466,0.0714334174990654,0.026554590091109276,0.013122224248945713,0.36100515723228455,0.000882979945925447,0.009999999776482582,85,56449,,,,,,,,,,,,
0.12955227494239807,0.2910116910934448,0.07334882020950317,0.024980075657367706,0.011949402280151844,0.3586408793926239,0.0008819621668770281,0.009999999776482582,85,56499,,,,,,,,,,,,
0.1301783174276352,0.3032752573490143,0.07303952425718307,0.025594204664230347,0.011455750092864037,0.37111711502075195,0.000880944137988495,0.009999999776482582,85,56549,,,,,,,,,,,,
0.1293685883283615,0.18350006639957428,0.15493030846118927,0.02341695874929428,0.02148808166384697,0.2951262295246124,0.0008799258611982697,0.009999999776482582,85,56599,,,,,,,,,,,,
,,,,,,,,85,56628,0.12304006516933441,0.3192538917064667,0.10175146907567978,0.03097333014011383,0.019958987832069397,0.41108250617980957,,,,,,
,,,,,,,,85,56628,,,,,,,0.131099134683609,0.271058589220047,0.09701172262430191,0.025323033332824707,0.015148499049246311,0.35246115922927856
0.13124975562095642,0.3133971691131592,0.07646377384662628,0.028135931119322777,0.013595680706202984,0.3865628242492676,0.0008789073384452448,0.009999999776482582,86,56649,,,,,,,,,,,,
0.12894466519355774,0.17803339660167694,0.15352323651313782,0.022257467731833458,0.020498409867286682,0.2873016893863678,0.0008778885716687824,0.009999999776482582,86,56699,,,,,,,,,,,,
0.12945982813835144,0.30958378314971924,0.07590674608945847,0.027077682316303253,0.013318573124706745,0.38127413392066956,0.000876869562808709,0.009999999776482582,86,56749,,,,,,,,,,,,
0.13081903755664825,0.2889261841773987,0.07288191467523575,0.025817524641752243,0.011947737075388432,0.3571585416793823,0.0008758503138053112,0.009999999776482582,86,56799,,,,,,,,,,,,
0.13049864768981934,0.18303997814655304,0.15692199766635895,0.023640787228941917,0.021908709779381752,0.2960961163043976,0.0008748308265993336,0.009999999776482582,86,56849,,,,,,,,,,,,
0.13130250573158264,0.29248735308647156,0.07649369537830353,0.026105618104338646,0.013291037641465664,0.36348533630371094,0.0008738111031319744,0.009999999776482582,86,56899,,,,,,,,,,,,
0.12889182567596436,0.1817367821931839,0.15729109942913055,0.021616678684949875,0.019764043390750885,0.2918810248374939,0.0008727911453448814,0.009999999776482582,86,56949,,,,,,,,,,,,
0.13069823384284973,0.18039533495903015,0.15560682117938995,0.02403787150979042,0.02211397886276245,0.2932935953140259,0.0008717709551801491,0.009999999776482582,86,56999,,,,,,,,,,,,
0.12938988208770752,0.3011178970336914,0.07909921556711197,0.02603158727288246,0.011559123173356056,0.3724786639213562,0.0008707505345803134,0.009999999776482582,86,57049,,,,,,,,,,,,
0.1300007402896881,0.29138898849487305,0.07036687433719635,0.0271055418998003,0.012665154412388802,0.3600105345249176,0.0008697298854883497,0.009999999776482582,86,57099,,,,,,,,,,,,
0.1305246651172638,0.30849847197532654,0.0696948915719986,0.026196524500846863,0.011947562918066978,0.37551620602607727,0.0008687090098476684,0.009999999776482582,86,57149,,,,,,,,,,,,
0.13035312294960022,0.28784576058387756,0.07544693350791931,0.025613903999328613,0.012721605598926544,0.3575439155101776,0.0008676879096021115,0.009999999776482582,86,57199,,,,,,,,,,,,
0.13069424033164978,0.1784864366054535,0.1534998118877411,0.0255067627876997,0.02356981672346592,0.2925280034542084,0.0008666665866959484,0.009999999776482582,86,57249,,,,,,,,,,,,
0.12965747714042664,0.31001579761505127,0.07364843785762787,0.02802284248173237,0.013844095170497894,0.38178491592407227,0.000865645043073872,0.009999999776482582,86,57299,,,,,,,,,,,,
0.129288911819458,0.1773490011692047,0.15318605303764343,0.02490038424730301,0.022949492558836937,0.2903171479701996,0.0008646232806809963,0.009999999776482582,86,57349,,,,,,,,,,,,
0.13012774288654327,0.1747855246067047,0.15115682780742645,0.024873733520507812,0.02225237525999546,0.2863638699054718,0.0008636013014628515,0.009999999776482582,86,57399,,,,,,,,,,,,
0.13081595301628113,0.2989596426486969,0.07154925167560577,0.026907235383987427,0.012538636103272438,0.36791080236434937,0.0008625791073653804,0.009999999776482582,86,57449,,,,,,,,,,,,
0.130289226770401,0.17751319706439972,0.15252426266670227,0.023636197671294212,0.021498659625649452,0.28816086053848267,0.0008615567003349354,0.009999999776482582,86,57499,,,,,,,,,,,,
0.1315820813179016,0.30189409852027893,0.07338107377290726,0.028063809499144554,0.013403866440057755,0.3733503818511963,0.0008605340823182744,0.009999999776482582,86,57549,,,,,,,,,,,,
0.12977908551692963,0.28359171748161316,0.07261742651462555,0.026215393096208572,0.012238794006407261,0.35223519802093506,0.0008595112552625564,0.009999999776482582,86,57599,,,,,,,,,,,,
0.13045822083950043,0.28921768069267273,0.0733916386961937,0.026140104979276657,0.013227351009845734,0.358667254447937,0.0008584882211153387,0.009999999776482582,86,57649,,,,,,,,,,,,
0.13003528118133545,0.2866557240486145,0.07570178061723709,0.02714240364730358,0.013260352425277233,0.35827919840812683,0.0008574649818245733,0.009999999776482582,86,57699,,,,,,,,,,,,
0.1303665190935135,0.29582637548446655,0.07033684849739075,0.025472130626440048,0.012196025811135769,0.36256492137908936,0.0008564415393386026,0.009999999776482582,86,57749,,,,,,,,,,,,
0.12982609868049622,0.18391826748847961,0.15828147530555725,0.025924205780029297,0.023940861225128174,0.3009536564350128,0.0008554178956061559,0.009999999776482582,86,57799,,,,,,,,,,,,
,,,,,,,,86,57821,0.12479563057422638,0.34526339173316956,0.11264318972826004,0.03474180027842522,0.02369721420109272,0.4481752812862396,,,,,,
,,,,,,,,86,57821,,,,,,,0.13037538528442383,0.263095498085022,0.09551651775836945,0.025607850402593613,0.01524343155324459,0.3440830707550049
0.13032305240631104,0.18340036273002625,0.15795548260211945,0.026469768956303596,0.02435513772070408,0.3010254502296448,0.0008543940525763452,0.009999999776482582,87,57849,,,,,,,,,,,,
0.13016004860401154,0.17898111045360565,0.15400592982769012,0.023877041414380074,0.02222500368952751,0.29097360372543335,0.0008533700121986626,0.009999999776482582,87,57899,,,,,,,,,,,,
0.12996041774749756,0.2692209780216217,0.07195822149515152,0.025486497208476067,0.011754048056900501,0.3365636169910431,0.0008523457764229763,0.009999999776482582,87,57949,,,,,,,,,,,,
0.13031715154647827,0.2955634891986847,0.07970476150512695,0.028215641155838966,0.013154763728380203,0.37020888924598694,0.0008513213471995255,0.009999999776482582,87,57999,,,,,,,,,,,,
0.12887424230575562,0.1778343766927719,0.15292949974536896,0.023600509390234947,0.022034918889403343,0.28891709446907043,0.0008502967264789181,0.009999999776482582,87,58049,,,,,,,,,,,,
0.13016191124916077,0.28314873576164246,0.069784015417099,0.027132321149110794,0.012958348728716373,0.35165223479270935,0.0008492719162121274,0.009999999776482582,87,58099,,,,,,,,,,,,
0.12939590215682983,0.17689622938632965,0.153220996260643,0.02425359934568405,0.022431643679738045,0.28897613286972046,0.0008482469183504866,0.009999999776482582,87,58149,,,,,,,,,,,,
0.12885689735412598,0.2874699831008911,0.07201110571622849,0.026032650843262672,0.012695272453129292,0.3558558225631714,0.0008472217348456866,0.009999999776482582,87,58199,,,,,,,,,,,,
0.13042493164539337,0.26752811670303345,0.07006014138460159,0.025195972993969917,0.01194332167506218,0.33372581005096436,0.0008461963676497722,0.009999999776482582,87,58249,,,,,,,,,,,,
0.1284809708595276,0.29711687564849854,0.06947730481624603,0.028713848441839218,0.015164777636528015,0.36815178394317627,0.0008451708187151368,0.009999999776482582,87,58299,,,,,,,,,,,,
0.1289849579334259,0.28362739086151123,0.06989554315805435,0.026565302163362503,0.0134838055819273,0.35188236832618713,0.000844145089994521,0.009999999776482582,87,58349,,,,,,,,,,,,
0.1293734312057495,0.29846280813217163,0.07140647619962692,0.028543969616293907,0.013385196216404438,0.36940261721611023,0.0008431191834410064,0.009999999776482582,87,58399,,,,,,,,,,,,
0.1288696527481079,0.29687610268592834,0.07177097350358963,0.0258882287889719,0.01322869025170803,0.3652641475200653,0.0008420931010080151,0.009999999776482582,87,58449,,,,,,,,,,,,
0.12995481491088867,0.2834831178188324,0.07381609082221985,0.025770360603928566,0.01228789146989584,0.35230547189712524,0.0008410668446493028,0.009999999776482582,87,58499,,,,,,,,,,,,
0.12936338782310486,0.17220447957515717,0.1492275446653366,0.02436039410531521,0.022075822576880455,0.28221654891967773,0.0008400404163189565,0.009999999776482582,87,58549,,,,,,,,,,,,
0.12902739644050598,0.27947667241096497,0.07018958032131195,0.025839127600193024,0.01211134996265173,0.3464662730693817,0.0008390138179713903,0.009999999776482582,87,58599,,,,,,,,,,,,
0.12951251864433289,0.17245224118232727,0.14920230209827423,0.024645378813147545,0.022888345643877983,0.28314292430877686,0.0008379870515613434,0.009999999776482582,87,58649,,,,,,,,,,,,
0.12872931361198425,0.2823690176010132,0.0697847530245781,0.02624676749110222,0.012731675058603287,0.34987401962280273,0.0008369601190438734,0.009999999776482582,87,58699,,,,,,,,,,,,
0.1300176978111267,0.2847822606563568,0.07065145671367645,0.025894852355122566,0.01280990056693554,0.3524078130722046,0.0008359330223743548,0.009999999776482582,87,58749,,,,,,,,,,,,
0.12895408272743225,0.17044997215270996,0.14684893190860748,0.024836119264364243,0.022945914417505264,0.28018349409103394,0.0008349057635084757,0.009999999776482582,87,58799,,,,,,,,,,,,
0.13052722811698914,0.296720951795578,0.06537570804357529,0.026488691568374634,0.011846682988107204,0.3618208169937134,0.0008338783444022313,0.009999999776482582,87,58849,,,,,,,,,,,,
0.12851262092590332,0.1729711890220642,0.14864805340766907,0.02445356920361519,0.022608203813433647,0.28305289149284363,0.0008328507670119227,0.009999999776482582,87,58899,,,,,,,,,,,,
0.12951025366783142,0.29412439465522766,0.0691101998090744,0.027339983731508255,0.013070844113826752,0.3625549077987671,0.0008318230332941525,0.009999999776482582,87,58949,,,,,,,,,,,,
0.12896057963371277,0.2832082509994507,0.07401254028081894,0.027311937883496284,0.012586694210767746,0.3538197875022888,0.0008307951452058212,0.009999999776482582,87,58999,,,,,,,,,,,,
,,,,,,,,87,59014,0.1232299655675888,0.30788567662239075,0.11771954596042633,0.03293564170598984,0.023289218544960022,0.4113256633281708,,,,,,
,,,,,,,,87,59014,,,,,,,0.12964822351932526,0.2622623145580292,0.09123241156339645,0.02622084878385067,0.015289618633687496,0.341744065284729
0.13102509081363678,0.2876848876476288,0.07189730554819107,0.028844079002738,0.013331004418432713,0.35914313793182373,0.0008297671047041225,0.009999999776482582,88,59049,,,,,,,,,,,,
0.1295718550682068,0.2967231571674347,0.0697157010436058,0.027270503342151642,0.013540149666368961,0.36562156677246094,0.0008287389137465404,0.009999999776482582,88,59099,,,,,,,,,,,,
0.12971365451812744,0.30329757928848267,0.06925875693559647,0.026756025850772858,0.012639198452234268,0.37100258469581604,0.0008277105742908464,0.009999999776482582,88,59149,,,,,,,,,,,,
0.12933823466300964,0.17181183397769928,0.1471862941980362,0.025799255818128586,0.023227130994200706,0.2828178107738495,0.0008266820882950938,0.009999999776482582,88,59199,,,,,,,,,,,,
0.1282825767993927,0.28247979283332825,0.07008863240480423,0.02678528055548668,0.013256920501589775,0.3509378433227539,0.0008256534577176148,0.009999999776482582,88,59249,,,,,,,,,,,,
0.13043853640556335,0.17108820378780365,0.14696985483169556,0.02512049674987793,0.023322563618421555,0.2813549041748047,0.0008246246845170175,0.009999999776482582,88,59299,,,,,,,,,,,,
0.12914647161960602,0.1717502474784851,0.14907555282115936,0.02550359256565571,0.023792527616024017,0.28368788957595825,0.0008235957706521816,0.009999999776482582,88,59349,,,,,,,,,,,,
0.12797032296657562,0.1720760464668274,0.14916354417800903,0.02539215423166752,0.02340436726808548,0.2837521433830261,0.0008225667180822539,0.009999999776482582,88,59399,,,,,,,,,,,,
0.1292395293712616,0.26351645588874817,0.07078363001346588,0.02642165869474411,0.012710412964224815,0.3316851258277893,0.0008215375287666459,0.009999999776482582,88,59449,,,,,,,,,,,,
0.1303006112575531,0.17412063479423523,0.1521625816822052,0.025066999718546867,0.023049326613545418,0.28679358959198,0.0008205082046650295,0.009999999776482582,88,59499,,,,,,,,,,,,
0.12915490567684174,0.2625320255756378,0.07120315730571747,0.025095259770751,0.012297269888222218,0.32937750220298767,0.0008194787477373329,0.009999999776482582,88,59549,,,,,,,,,,,,
0.12943527102470398,0.17538923025131226,0.15071271359920502,0.02533717267215252,0.023371664807200432,0.2877686023712158,0.0008184491599437376,0.009999999776482582,88,59599,,,,,,,,,,,,
0.12858474254608154,0.2884991466999054,0.06735663115978241,0.029635904356837273,0.013877565972507,0.35875216126441956,0.0008174194432446739,0.009999999776482582,88,59649,,,,,,,,,,,,
0.12755809724330902,0.17026011645793915,0.14811471104621887,0.02485976368188858,0.02297993376851082,0.28066718578338623,0.0008163895996008176,0.009999999776482582,88,59699,,,,,,,,,,,,
0.12860213220119476,0.27072539925575256,0.06763483583927155,0.025754861533641815,0.011614767834544182,0.3361050486564636,0.0008153596309730868,0.009999999776482582,88,59749,,,,,,,,,,,,
0.12832149863243103,0.28860658407211304,0.06710803508758545,0.025632338598370552,0.011703584343194962,0.3536447286605835,0.0008143295393226365,0.009999999776482582,88,59799,,,,,,,,,,,,
0.12920506298542023,0.2695987820625305,0.06445629149675369,0.022617457434535027,0.010397401638329029,0.3296430706977844,0.0008132993266108575,0.009999999776482582,88,59849,,,,,,,,,,,,
0.12830573320388794,0.18210655450820923,0.15843822062015533,0.025762729346752167,0.02414635382592678,0.29916155338287354,0.0008122689947993692,0.009999999776482582,88,59899,,,,,,,,,,,,
0.12812107801437378,0.2623163163661957,0.06977466493844986,0.02576788328588009,0.01282754261046648,0.32938531041145325,0.0008112385458500193,0.009999999776482582,88,59949,,,,,,,,,,,,
0.12955701351165771,0.2956458330154419,0.06830385327339172,0.02569711208343506,0.012106651440262794,0.36154818534851074,0.0008102079817248776,0.009999999776482582,88,59999,,,,,,,,,,,,
0.1283293515443802,0.29770776629447937,0.0706239640712738,0.02678641863167286,0.012257053516805172,0.36593466997146606,0.0008091773043862341,0.009999999776482582,88,60049,,,,,,,,,,,,
0.12932224571704865,0.292032390832901,0.06757592409849167,0.027591731399297714,0.012636854313313961,0.3597305119037628,0.000808146515796594,0.009999999776482582,88,60099,,,,,,,,,,,,
0.12751340866088867,0.2919256091117859,0.06660353392362595,0.029117483645677567,0.014273002743721008,0.36148136854171753,0.0008071156179186734,0.009999999776482582,88,60149,,,,,,,,,,,,
0.12907394766807556,0.29783108830451965,0.06890080124139786,0.02891462855041027,0.013550462201237679,0.36797136068344116,0.000806084612715398,0.009999999776482582,88,60199,,,,,,,,,,,,
,,,,,,,,88,60207,0.1245669573545456,0.29869890213012695,0.11473699659109116,0.03322508931159973,0.0226573683321476,0.40062111616134644,,,,,,
,,,,,,,,88,60207,,,,,,,0.12897686660289764,0.25936970114707947,0.08870244771242142,0.026462145149707794,0.015236266888678074,0.3378009796142578
0.12879763543605804,0.2782464027404785,0.06868984550237656,0.025564365088939667,0.012174618430435658,0.34424299001693726,0.0008050535021498969,0.009999999776482582,89,60249,,,,,,,,,,,,
0.12948566675186157,0.1747852861881256,0.1512184739112854,0.02642058953642845,0.024464529007673264,0.28904736042022705,0.0008040222881855001,0.009999999776482582,89,60299,,,,,,,,,,,,
0.12940827012062073,0.27946022152900696,0.07018159329891205,0.02613794058561325,0.011673406697809696,0.3465256690979004,0.0008029909727857344,0.009999999776482582,89,60349,,,,,,,,,,,,
0.1275711953639984,0.17026808857917786,0.14920803904533386,0.025986330583691597,0.02399585396051407,0.28285637497901917,0.00080195955791432,0.009999999776482582,89,60399,,,,,,,,,,,,
0.12717916071414948,0.2804930806159973,0.07173876464366913,0.02791673317551613,0.013452015817165375,0.3510051965713501,0.0008009280455351661,0.009999999776482582,89,60449,,,,,,,,,,,,
0.1276489496231079,0.16125507652759552,0.13967570662498474,0.02348196506500244,0.021378006786108017,0.2652639150619507,0.0007998964376123678,0.009999999776482582,89,60499,,,,,,,,,,,,
0.1287744790315628,0.29175299406051636,0.06788388639688492,0.025777164846658707,0.011446097865700722,0.3571951687335968,0.000798864736110202,0.009999999776482582,89,60549,,,,,,,,,,,,
0.1281406283378601,0.16072781383991241,0.13880705833435059,0.024786286056041718,0.022848157212138176,0.2663417160511017,0.0007978329429931243,0.009999999776482582,89,60599,,,,,,,,,,,,
0.1286797821521759,0.29670143127441406,0.06472612917423248,0.026780659332871437,0.01237650215625763,0.3620333969593048,0.0007968010602257642,0.009999999776482582,89,60649,,,,,,,,,,,,
0.12823858857154846,0.16934356093406677,0.14716587960720062,0.02578853629529476,0.023221386596560478,0.2803257405757904,0.0007957690897729215,0.009999999776482582,89,60699,,,,,,,,,,,,
0.12796559929847717,0.28898948431015015,0.06564348191022873,0.02714175544679165,0.012291297316551208,0.3550986349582672,0.0007947370335995641,0.009999999776482582,89,60749,,,,,,,,,,,,
0.12823355197906494,0.29414358735084534,0.06807469576597214,0.02690947987139225,0.012859037145972252,0.3615199327468872,0.0007937048936708222,0.009999999776482582,89,60799,,,,,,,,,,,,
0.12811744213104248,0.29227590560913086,0.06855835765600204,0.027113523334264755,0.013432979583740234,0.36038509011268616,0.0007926726719519856,0.009999999776482582,89,60849,,,,,,,,,,,,
0.1276351511478424,0.2624576985836029,0.07207934558391571,0.025646749883890152,0.012742356397211552,0.3305152952671051,0.0007916403704085008,0.009999999776482582,89,60899,,,,,,,,,,,,
0.1275942474603653,0.28317126631736755,0.07180368900299072,0.026909735053777695,0.013361092656850815,0.35266339778900146,0.0007906079910059646,0.009999999776482582,89,60949,,,,,,,,,,,,
0.12723739445209503,0.16485804319381714,0.14362218976020813,0.02513093128800392,0.023386681452393532,0.2734934091567993,0.0007895755357101235,0.009999999776482582,89,60999,,,,,,,,,,,,
0.12776850163936615,0.27317947149276733,0.06595964729785919,0.027273453772068024,0.012321893125772476,0.33959367871284485,0.0007885430064868676,0.009999999776482582,89,61049,,,,,,,,,,,,
0.12761105597019196,0.2883549928665161,0.06965207308530807,0.029152071103453636,0.014086361974477768,0.35937628149986267,0.0007875104053022284,0.009999999776482582,89,61099,,,,,,,,,,,,
0.12787678837776184,0.2746681571006775,0.06728635728359222,0.027505552396178246,0.012155729345977306,0.3418947458267212,0.0007864777341223745,0.009999999776482582,89,61149,,,,,,,,,,,,
0.12830990552902222,0.16615626215934753,0.1444450467824936,0.024120071902871132,0.022633196786046028,0.27381545305252075,0.0007854449949136067,0.009999999776482582,89,61199,,,,,,,,,,,,
0.12829165160655975,0.26555201411247253,0.06181958317756653,0.024242239072918892,0.01026982069015503,0.32583898305892944,0.0007844121896423564,0.009999999776482582,89,61249,,,,,,,,,,,,
0.12762081623077393,0.30481451749801636,0.07613945752382278,0.03040708415210247,0.014299480244517326,0.3804410696029663,0.0007833793202751806,0.009999999776482582,89,61299,,,,,,,,,,,,
0.12835495173931122,0.2970218062400818,0.06649866700172424,0.02897380292415619,0.01333160325884819,0.36591073870658875,0.000782346388778758,0.009999999776482582,89,61349,,,,,,,,,,,,
0.12885120511054993,0.17501765489578247,0.15100020170211792,0.025419555604457855,0.02354597859084606,0.2877103090286255,0.0007813133971198856,0.009999999776482582,89,61399,,,,,,,,,,,,
,,,,,,,,89,61400,0.12368545681238174,0.30530664324760437,0.10810262709856033,0.03276835381984711,0.02240818180143833,0.4033304452896118,,,,,,
,,,,,,,,89,61400,,,,,,,0.1280592679977417,0.2534905970096588,0.0877901241183281,0.0265485942363739,0.015459712594747543,0.33166414499282837
0.12655086815357208,0.1688821166753769,0.14626051485538483,0.02554924041032791,0.023228883743286133,0.2791760563850403,0.0007802803472654759,0.009999999776482582,90,61449,,,,,,,,,,,,
0.12768304347991943,0.27386513352394104,0.06864120811223984,0.02705708146095276,0.012806383892893791,0.3416460156440735,0.0007792472411825508,0.009999999776482582,90,61499,,,,,,,,,,,,
0.12795957922935486,0.2747827172279358,0.06925889104604721,0.025962281972169876,0.011235037818551064,0.34099194407463074,0.00077821408083824,0.009999999776482582,90,61549,,,,,,,,,,,,
0.12805697321891785,0.26797473430633545,0.061856139451265335,0.02555316686630249,0.011622625403106213,0.3302672803401947,0.0007771808681997766,0.009999999776482582,90,61599,,,,,,,,,,,,
0.12794512510299683,0.16702213883399963,0.14547285437583923,0.025880783796310425,0.024062495678663254,0.27767059206962585,0.0007761476052344932,0.009999999776482582,90,61649,,,,,,,,,,,,
0.12830543518066406,0.2865907549858093,0.06648945063352585,0.028037425130605698,0.01306934654712677,0.35440757870674133,0.0007751142939098182,0.009999999776482582,90,61699,,,,,,,,,,,,
0.12786412239074707,0.27248620986938477,0.06698910146951675,0.026092711836099625,0.011700902134180069,0.33792394399642944,0.0007740809361932715,0.009999999776482582,90,61749,,,,,,,,,,,,
0.12814176082611084,0.2703179121017456,0.06521953642368317,0.025409171357750893,0.012217102572321892,0.33444538712501526,0.0007730475340524624,0.009999999776482582,90,61799,,,,,,,,,,,,
0.1288018822669983,0.2713589668273926,0.06723212450742722,0.026559799909591675,0.011446249671280384,0.3372579514980316,0.0007720140894550841,0.009999999776482582,90,61849,,,,,,,,,,,,
0.12803542613983154,0.28749874234199524,0.06637069582939148,0.029260626062750816,0.012932893820106983,0.3564111590385437,0.0007709806043689107,0.009999999776482582,90,61899,,,,,,,,,,,,
0.12850210070610046,0.16089405119419098,0.1403050422668457,0.025589587166905403,0.02329307608306408,0.2682827115058899,0.0007699470807617938,0.009999999776482582,90,61949,,,,,,,,,,,,
0.12828315794467926,0.2607513964176178,0.061433322727680206,0.027252886444330215,0.011778170242905617,0.32461002469062805,0.0007689135206016577,0.009999999776482582,90,61999,,,,,,,,,,,,
0.12850388884544373,0.16301362216472626,0.14116230607032776,0.026134811341762543,0.024384455755352974,0.2719218134880066,0.0007678799258564966,0.009999999776482582,90,62049,,,,,,,,,,,,
0.12790317833423615,0.2884904742240906,0.06669444590806961,0.028997663408517838,0.013715703971683979,0.3576931953430176,0.0007668462984943708,0.009999999776482582,90,62099,,,,,,,,,,,,
0.1280837208032608,0.25731945037841797,0.059744905680418015,0.02398032136261463,0.010914064943790436,0.3166292607784271,0.0007658126404834025,0.009999999776482582,90,62149,,,,,,,,,,,,
0.12666019797325134,0.16545458137989044,0.14474937319755554,0.025343282148241997,0.023208703845739365,0.2747769057750702,0.0007647789537917722,0.009999999776482582,90,62199,,,,,,,,,,,,
0.12565650045871735,0.2812293767929077,0.06361047178506851,0.027449481189250946,0.012096536345779896,0.3465323746204376,0.0007637452403877149,0.009999999776482582,90,62249,,,,,,,,,,,,
0.12787730991840363,0.29962173104286194,0.06826332956552505,0.031000548973679543,0.014064984396100044,0.3717864453792572,0.0007627115022395166,0.009999999776482582,90,62299,,,,,,,,,,,,
0.12810277938842773,0.30406850576400757,0.06798819452524185,0.030997656285762787,0.012988975271582603,0.37555477023124695,0.0007616777413155108,0.009999999776482582,90,62349,,,,,,,,,,,,
0.12718118727207184,0.16232767701148987,0.14126133918762207,0.026557181030511856,0.02512240782380104,0.27207672595977783,0.0007606439595840737,0.009999999776482582,90,62399,,,,,,,,,,,,
0.12988395988941193,0.2984408140182495,0.06783623993396759,0.02915487438440323,0.01256578043103218,0.3677966892719269,0.0007596101590136218,0.009999999776482582,90,62449,,,,,,,,,,,,
0.12793293595314026,0.1694294959306717,0.14738503098487854,0.027366578578948975,0.024998828768730164,0.2829880118370056,0.0007585763415726067,0.009999999776482582,90,62499,,,,,,,,,,,,
0.12660382688045502,0.29098451137542725,0.06312531232833862,0.027149124071002007,0.012291532009840012,0.35584205389022827,0.0007575425092295127,0.009999999776482582,90,62549,,,,,,,,,,,,
,,,,,,,,90,62593,0.12380270659923553,0.3213357627391815,0.10878082364797592,0.033217884600162506,0.02226398140192032,0.4200762212276459,,,,,,
,,,,,,,,90,62593,,,,,,,0.12781204283237457,0.2519405782222748,0.08363436907529831,0.026688598096370697,0.015047046355903149,0.327970027923584
0.12835758924484253,0.27392590045928955,0.06691944599151611,0.026443736627697945,0.012702764943242073,0.34018075466156006,0.0007565086639528521,0.009999999776482582,91,62599,,,,,,,,,,,,
0.12787123024463654,0.2637048363685608,0.0627211406826973,0.024528654292225838,0.011214647442102432,0.3252013921737671,0.0007554748077111622,0.009999999776482582,91,62649,,,,,,,,,,,,
0.12853500247001648,0.16560989618301392,0.14482159912586212,0.025478867813944817,0.02326560951769352,0.27513235807418823,0.0007544409424730011,0.009999999776482582,91,62699,,,,,,,,,,,,
0.12815997004508972,0.2912657856941223,0.06448888033628464,0.02842751517891884,0.013726776465773582,0.35880112648010254,0.0007534070702069439,0.009999999776482582,91,62749,,,,,,,,,,,,
0.12763740122318268,0.28434696793556213,0.06677896529436111,0.028982579708099365,0.012761598452925682,0.3530998229980469,0.0007523731928815786,0.009999999776482582,91,62799,,,,,,,,,,,,
0.12665140628814697,0.16015882790088654,0.13772232830524445,0.026845240965485573,0.024901293218135834,0.2683158814907074,0.0007513393124655042,0.009999999776482582,91,62849,,,,,,,,,,,,
0.1280212104320526,0.2858324944972992,0.0650659129023552,0.027524283155798912,0.011494138278067112,0.3516367971897125,0.0007503054309273241,0.009999999776482582,91,62899,,,,,,,,,,,,
0.1278669238090515,0.2782248854637146,0.06249579042196274,0.027483919635415077,0.012753410264849663,0.3433333933353424,0.000749271550235645,0.009999999776482582,91,62949,,,,,,,,,,,,
0.12771248817443848,0.2701089680194855,0.06328410655260086,0.027755917981266975,0.012043516151607037,0.335528701543808,0.0007482376723590708,0.009999999776482582,91,62999,,,,,,,,,,,,
0.12740874290466309,0.256651908159256,0.05850038677453995,0.027134418487548828,0.011029142886400223,0.31855109333992004,0.0007472037992662011,0.009999999776482582,91,63049,,,,,,,,,,,,
0.12788595259189606,0.17019622027873993,0.14821571111679077,0.026402676478028297,0.024143468588590622,0.2827785015106201,0.0007461699329256258,0.009999999776482582,91,63099,,,,,,,,,,,,
0.12692001461982727,0.2782205641269684,0.062375281006097794,0.02727903425693512,0.011589054949581623,0.342481791973114,0.0007451360753059222,0.009999999776482582,91,63149,,,,,,,,,,,,
0.12866973876953125,0.26824820041656494,0.06902569532394409,0.027986347675323486,0.013117330148816109,0.33730605244636536,0.0007441022283756512,0.009999999776482582,91,63199,,,,,,,,,,,,
0.12777885794639587,0.2627154588699341,0.06368621438741684,0.027113962918519974,0.011869664303958416,0.32760733366012573,0.0007430683941033529,0.009999999776482582,91,63249,,,,,,,,,,,,
0.12716782093048096,0.2850392162799835,0.061843231320381165,0.027385683730244637,0.012917209416627884,0.3498051166534424,0.0007420345744575433,0.009999999776482582,91,63299,,,,,,,,,,,,
0.12639054656028748,0.27761581540107727,0.06258011609315872,0.028213253244757652,0.012762639671564102,0.34350043535232544,0.0007410007714067108,0.009999999776482582,91,63349,,,,,,,,,,,,
0.12712104618549347,0.2665135860443115,0.06188790500164032,0.027849609032273293,0.012975610792636871,0.33179497718811035,0.000739966986919312,0.009999999776482582,91,63399,,,,,,,,,,,,
0.12593433260917664,0.2400590479373932,0.062163095921278,0.025711607187986374,0.010659979656338692,0.3021821975708008,0.0007389332229637688,0.009999999776482582,91,63449,,,,,,,,,,,,
0.1277039349079132,0.27511173486709595,0.062360864132642746,0.0291458610445261,0.012888506054878235,0.34188228845596313,0.0007378994815084631,0.009999999776482582,91,63499,,,,,,,,,,,,
0.12690773606300354,0.288843035697937,0.06361062824726105,0.028597744181752205,0.012978287413716316,0.35573524236679077,0.000736865764521734,0.009999999776482582,91,63549,,,,,,,,,,,,
0.12825895845890045,0.2758368253707886,0.0650562271475792,0.028276240453124046,0.014173725619912148,0.34372803568840027,0.0007358320739718748,0.009999999776482582,91,63599,,,,,,,,,,,,
0.12872925400733948,0.1517259031534195,0.13140323758125305,0.025652026757597923,0.023882074281573296,0.2550205886363983,0.0007347984118271281,0.009999999776482582,91,63649,,,,,,,,,,,,
0.1280960738658905,0.271037757396698,0.062431201338768005,0.026134932413697243,0.011365222744643688,0.33407092094421387,0.0007337647800556819,0.009999999776482582,91,63699,,,,,,,,,,,,
0.12721790373325348,0.2670544683933258,0.0629509910941124,0.027449995279312134,0.012157644145190716,0.33205875754356384,0.0007327311806256672,0.009999999776482582,91,63749,,,,,,,,,,,,
,,,,,,,,91,63786,0.12333058565855026,0.3697097599506378,0.10440875589847565,0.03240206092596054,0.021108901128172874,0.4648706316947937,,,,,,
,,,,,,,,91,63786,,,,,,,0.12747247517108917,0.2445305436849594,0.08403097838163376,0.026993773877620697,0.015486881136894226,0.32128337025642395
0.12703010439872742,0.2821638584136963,0.0643845647573471,0.026977723464369774,0.01221405528485775,0.3474408984184265,0.0007316976155051528,0.009999999776482582,92,63799,,,,,,,,,,,,
0.12630720436573029,0.26410067081451416,0.06282997131347656,0.02651541493833065,0.011861559934914112,0.32796186208724976,0.0007306640866621422,0.009999999776482582,92,63849,,,,,,,,,,,,
0.12833194434642792,0.29439741373062134,0.06435439735651016,0.030971774831414223,0.013225999660789967,0.36415940523147583,0.0007296305960645705,0.009999999776482582,92,63899,,,,,,,,,,,,
0.1275622844696045,0.2617354691028595,0.05936077982187271,0.026466168463230133,0.011545314453542233,0.3236547112464905,0.000728597145680299,0.009999999776482582,92,63949,,,,,,,,,,,,
0.12649691104888916,0.2808307707309723,0.06593415141105652,0.029182279482483864,0.01290415320545435,0.34943220019340515,0.0007275637374771134,0.009999999776482582,92,63999,,,,,,,,,,,,
0.12711122632026672,0.28133225440979004,0.06354750692844391,0.027054723352193832,0.011855303309857845,0.34608837962150574,0.000726530373422718,0.009999999776482582,92,64049,,,,,,,,,,,,
0.12681148946285248,0.28566625714302063,0.06203564628958702,0.029104065150022507,0.013721046969294548,0.35264864563941956,0.0007254970554847341,0.009999999776482582,92,64099,,,,,,,,,,,,
0.12637075781822205,0.2679215669631958,0.06622832268476486,0.025073444470763206,0.01171137671917677,0.3319648504257202,0.0007244637856306943,0.009999999776482582,92,64149,,,,,,,,,,,,
0.1269824504852295,0.15662501752376556,0.13541552424430847,0.026683321222662926,0.024680133908987045,0.26335617899894714,0.0007234305658280405,0.009999999776482582,92,64199,,,,,,,,,,,,
0.12704406678676605,0.27990537881851196,0.0621628612279892,0.029283609241247177,0.01292500551789999,0.3467329144477844,0.0007223973980441188,0.009999999776482582,92,64249,,,,,,,,,,,,
0.1264294981956482,0.2581714391708374,0.05875927954912186,0.026839857921004295,0.011737499386072159,0.320259690284729,0.0007213642842461761,0.009999999776482582,92,64299,,,,,,,,,,,,
0.12758463621139526,0.261129766702652,0.06265611946582794,0.026313720270991325,0.011857864446938038,0.3247004747390747,0.0007203312264013569,0.009999999776482582,92,64349,,,,,,,,,,,,
0.1279682219028473,0.2735891342163086,0.06475759297609329,0.028298495337367058,0.0136695746332407,0.34110119938850403,0.0007192982264766986,0.009999999776482582,92,64399,,,,,,,,,,,,
0.12888386845588684,0.26321083307266235,0.06736709922552109,0.026144850999116898,0.012358102016150951,0.3292182683944702,0.0007182652864391293,0.009999999776482582,92,64449,,,,,,,,,,,,
0.12584617733955383,0.2722882032394409,0.06110084429383278,0.0243365541100502,0.010871171951293945,0.33261075615882874,0.0007172324082554623,0.009999999776482582,92,64499,,,,,,,,,,,,
0.12638364732265472,0.27481743693351746,0.06206674873828888,0.02627503126859665,0.012407436035573483,0.338329553604126,0.0007161995938923929,0.009999999776482582,92,64549,,,,,,,,,,,,
0.12743332982063293,0.26715904474258423,0.06253470480442047,0.026487963274121284,0.01276569813489914,0.33129721879959106,0.0007151668453164953,0.009999999776482582,92,64599,,,,,,,,,,,,
0.1272749900817871,0.2602921426296234,0.06527513265609741,0.026773979887366295,0.011943506076931953,0.32567542791366577,0.0007141341644942188,0.009999999776482582,92,64649,,,,,,,,,,,,
0.1275632381439209,0.15880069136619568,0.13833823800086975,0.02626766450703144,0.02447754330933094,0.26647624373435974,0.0007131015533918833,0.009999999776482582,92,64699,,,,,,,,,,,,
0.1272580921649933,0.26291078329086304,0.05867747962474823,0.02618871070444584,0.011618449352681637,0.32424747943878174,0.0007120690139756755,0.009999999776482582,92,64749,,,,,,,,,,,,
0.12662482261657715,0.25904813408851624,0.06800246983766556,0.02697885036468506,0.01390110794454813,0.32697877287864685,0.0007110365482116465,0.009999999776482582,92,64799,,,,,,,,,,,,
0.12696009874343872,0.27667567133903503,0.06353326141834259,0.028879443183541298,0.014096774160861969,0.34437012672424316,0.0007100041580657065,0.009999999776482582,92,64849,,,,,,,,,,,,
0.12727801501750946,0.26185035705566406,0.06017135828733444,0.026222987100481987,0.011565342545509338,0.323941707611084,0.0007089718455036217,0.009999999776482582,92,64899,,,,,,,,,,,,
0.12718132138252258,0.2662314772605896,0.06307712197303772,0.02663244865834713,0.012061095796525478,0.3304330110549927,0.0007079396124910112,0.009999999776482582,92,64949,,,,,,,,,,,,
,,,,,,,,92,64979,0.12265308201313019,0.289854496717453,0.10334580391645432,0.03219209611415863,0.021781496703624725,0.3846103847026825,,,,,,
,,,,,,,,92,64979,,,,,,,0.12718549370765686,0.24136005342006683,0.08304636925458908,0.027131032198667526,0.015677064657211304,0.3178531229496002
0.1274251937866211,0.2724389433860779,0.059844721108675,0.02666730061173439,0.011403592303395271,0.3347304165363312,0.000706907460993342,0.009999999776482582,93,64999,,,,,,,,,,,,
0.12607330083847046,0.258949339389801,0.06121671944856644,0.025340143591165543,0.012091360986232758,0.32094353437423706,0.0007058753929759263,0.009999999776482582,93,65049,,,,,,,,,,,,
0.1290661096572876,0.29277363419532776,0.06417389214038849,0.03084072656929493,0.013036772608757019,0.3622196912765503,0.0007048434104039167,0.009999999776482582,93,65099,,,,,,,,,,,,
0.1277599334716797,0.27716174721717834,0.0639059916138649,0.02794150821864605,0.011691070161759853,0.3429017961025238,0.0007038115152423042,0.009999999776482582,93,65149,,,,,,,,,,,,
0.12731891870498657,0.24996556341648102,0.05820097029209137,0.02424941211938858,0.011691050603985786,0.3091610074043274,0.0007027797094559123,0.009999999776482582,93,65199,,,,,,,,,,,,
0.12620685994625092,0.2546699047088623,0.06018735095858574,0.024414939805865288,0.010857786051928997,0.3146074116230011,0.0007017479950093946,0.009999999776482582,93,65249,,,,,,,,,,,,
0.12712273001670837,0.257872611284256,0.06169871240854263,0.024843135848641396,0.011192752979695797,0.3191615045070648,0.0007007163738672314,0.009999999776482582,93,65299,,,,,,,,,,,,
0.12647603452205658,0.15502719581127167,0.13663218915462494,0.025425927713513374,0.02410701848566532,0.26082271337509155,0.0006996848479937246,0.009999999776482582,93,65349,,,,,,,,,,,,
0.12625056505203247,0.2601025104522705,0.059371694922447205,0.027718743309378624,0.012613085098564625,0.32381364703178406,0.000698653419352995,0.009999999776482582,93,65399,,,,,,,,,,,,
0.1273440271615982,0.26029103994369507,0.062468305230140686,0.027067193761467934,0.01262829639017582,0.32490652799606323,0.000697622089908978,0.009999999776482582,93,65449,,,,,,,,,,,,
0.127951517701149,0.26516687870025635,0.061295878142118454,0.02821468748152256,0.012641089968383312,0.33035004138946533,0.0006965908616254208,0.009999999776482582,93,65499,,,,,,,,,,,,
0.12711168825626373,0.1594833880662918,0.1393488347530365,0.027227921411395073,0.02514689601957798,0.2689591646194458,0.0006955597364658774,0.009999999776482582,93,65549,,,,,,,,,,,,
0.12715786695480347,0.25990915298461914,0.06045273691415787,0.02842521294951439,0.012539415620267391,0.32483044266700745,0.0006945287163937055,0.009999999776482582,93,65599,,,,,,,,,,,,
0.127532958984375,0.2503271698951721,0.057463597506284714,0.02585523948073387,0.01193368248641491,0.3108810484409332,0.0006934978033720624,0.009999999776482582,93,65649,,,,,,,,,,,,
0.12580522894859314,0.2612778842449188,0.06081752851605415,0.02600216679275036,0.01185610331594944,0.3236168622970581,0.0006924669993639023,0.009999999776482582,93,65699,,,,,,,,,,,,
0.12615466117858887,0.2584438621997833,0.06023339927196503,0.025394845753908157,0.012214847840368748,0.3200628459453583,0.0006914363063319716,0.009999999776482582,93,65749,,,,,,,,,,,,
0.12674307823181152,0.2597430944442749,0.061414312571287155,0.02644186280667782,0.01173012237995863,0.32275718450546265,0.0006904057262388053,0.009999999776482582,93,65799,,,,,,,,,,,,
0.1254723072052002,0.2567864656448364,0.05894877389073372,0.02623681351542473,0.011214028112590313,0.31810468435287476,0.0006893752610467226,0.009999999776482582,93,65849,,,,,,,,,,,,
0.12608689069747925,0.2694283723831177,0.06007182598114014,0.027076415717601776,0.0124930115416646,0.3327872157096863,0.0006883449127178255,0.009999999776482582,93,65899,,,,,,,,,,,,
0.12803180515766144,0.15032106637954712,0.13162189722061157,0.02585155889391899,0.02394379861652851,0.2539554834365845,0.0006873146832139922,0.009999999776482582,93,65949,,,,,,,,,,,,
0.1275704950094223,0.2603689730167389,0.061274681240320206,0.025999195873737335,0.01133815385401249,0.32267460227012634,0.0006862845744968749,0.009999999776482582,93,65999,,,,,,,,,,,,
0.12571683526039124,0.2857086658477783,0.0613839216530323,0.02827979438006878,0.013366516679525375,0.3513636589050293,0.0006852545885278964,0.009999999776482582,93,66049,,,,,,,,,,,,
0.12739837169647217,0.2597867548465729,0.056210584938526154,0.026431219652295113,0.01140989363193512,0.3200282156467438,0.0006842247272682452,0.009999999776482582,93,66099,,,,,,,,,,,,
0.1265060156583786,0.255657821893692,0.05996221303939819,0.02727154642343521,0.012265360914170742,0.3190431594848633,0.0006831949926788721,0.009999999776482582,93,66149,,,,,,,,,,,,
,,,,,,,,93,66172,0.12135865539312363,0.29598867893218994,0.09237707406282425,0.03009958565235138,0.019475286826491356,0.38201433420181274,,,,,,
,,,,,,,,93,66172,,,,,,,0.12694619596004486,0.23853656649589539,0.07971767336130142,0.02671843022108078,0.015290850773453712,0.3127591013908386
0.12708953022956848,0.27081480622291565,0.062267936766147614,0.028761129826307297,0.012261828407645226,0.33684083819389343,0.0006821653867204875,0.009999999776482582,94,66199,,,,,,,,,,,,
0.12667804956436157,0.2608908712863922,0.058300066739320755,0.02620783820748329,0.012489504180848598,0.3224934935569763,0.0006811359113535566,0.009999999776482582,94,66249,,,,,,,,,,,,
0.12644989788532257,0.25422537326812744,0.05984656512737274,0.02554759569466114,0.01154059823602438,0.3154665529727936,0.0006801065685382953,0.009999999776482582,94,66299,,,,,,,,,,,,
0.12725740671157837,0.2810291051864624,0.060523051768541336,0.027594801038503647,0.012436593882739544,0.3451037108898163,0.0006790773602346681,0.009999999776482582,94,66349,,,,,,,,,,,,
0.1270204484462738,0.2537693977355957,0.06132828816771507,0.025078028440475464,0.012319260276854038,0.3156712055206299,0.0006780482884023826,0.009999999776482582,94,66399,,,,,,,,,,,,
0.12592469155788422,0.25897982716560364,0.061044842004776,0.027308132499456406,0.012703309766948223,0.3231620490550995,0.000677019355000887,0.009999999776482582,94,66449,,,,,,,,,,,,
0.12556399405002594,0.2716260552406311,0.06251034885644913,0.027437759563326836,0.012925961054861546,0.33678197860717773,0.0006759905619893655,0.009999999776482582,94,66499,,,,,,,,,,,,
0.12668204307556152,0.2541441023349762,0.05860384926199913,0.025113023817539215,0.012120462022721767,0.3146192729473114,0.0006749619113267356,0.009999999776482582,94,66549,,,,,,,,,,,,
0.12638801336288452,0.1527465432882309,0.13406026363372803,0.02653181366622448,0.02487407624721527,0.2587455213069916,0.0006739334049716435,0.009999999776482582,94,66599,,,,,,,,,,,,
0.12581026554107666,0.26484599709510803,0.0599568672478199,0.026742715388536453,0.012107973918318748,0.32762113213539124,0.00067290504488246,0.009999999776482582,94,66649,,,,,,,,,,,,
0.12531590461730957,0.2694237232208252,0.05929405242204666,0.02698117308318615,0.012352578341960907,0.3322282135486603,0.0006718768330172781,0.009999999776482582,94,66699,,,,,,,,,,,,
0.12708131968975067,0.25928229093551636,0.06280609965324402,0.027626842260360718,0.012213904410600662,0.32441914081573486,0.0006708487713339085,0.009999999776482582,94,66749,,,,,,,,,,,,
0.1254095733165741,0.25212207436561584,0.060719139873981476,0.026364590972661972,0.012265299446880817,0.3149788975715637,0.0006698208617898758,0.009999999776482582,94,66799,,,,,,,,,,,,
0.12592464685440063,0.25028303265571594,0.05790834501385689,0.02577671781182289,0.01147145964205265,0.3107496500015259,0.0006687931063424152,0.009999999776482582,94,66849,,,,,,,,,,,,
0.12623098492622375,0.2991099953651428,0.10034007579088211,0.03343692794442177,0.02444487251341343,0.3949393928050995,0.0006677655069484675,0.009999999776482582,94,66899,,,,,,,,,,,,
0.1267838478088379,0.25899070501327515,0.06758486479520798,0.028532657772302628,0.014779563061892986,0.3287055790424347,0.0006667380655646778,0.009999999776482582,94,66949,,,,,,,,,,,,
0.12577922642230988,0.26245149970054626,0.06307042390108109,0.027788691222667694,0.013237596489489079,0.32839420437812805,0.0006657107841473894,0.009999999776482582,94,66999,,,,,,,,,,,,
0.12718507647514343,0.2661002278327942,0.06648988276720047,0.025656944140791893,0.013167623430490494,0.33158591389656067,0.000664683664652641,0.009999999776482582,94,67049,,,,,,,,,,,,
0.12434778362512589,0.2538909614086151,0.05852827802300453,0.02420155704021454,0.010622636415064335,0.31266799569129944,0.0006636567090361638,0.009999999776482582,94,67099,,,,,,,,,,,,
0.1280348002910614,0.26027563214302063,0.05912335216999054,0.025434553623199463,0.012056981213390827,0.32130035758018494,0.0006626299192533755,0.009999999776482582,94,67149,,,,,,,,,,,,
0.1271694153547287,0.15099401772022247,0.13190864026546478,0.026037590578198433,0.02443385310471058,0.25520285964012146,0.0006616032972593797,0.009999999776482582,94,67199,,,,,,,,,,,,
0.12524424493312836,0.2845209538936615,0.05949317663908005,0.029734740033745766,0.013965053483843803,0.3509848117828369,0.000660576845008959,0.009999999776482582,94,67249,,,,,,,,,,,,
0.12466046959161758,0.28101104497909546,0.061021313071250916,0.027659635990858078,0.012478838674724102,0.345420777797699,0.0006595505644565744,0.009999999776482582,94,67299,,,,,,,,,,,,
0.12515774369239807,0.2637190818786621,0.06263996660709381,0.02623012475669384,0.012929493561387062,0.32773393392562866,0.0006585244575563584,0.009999999776482582,94,67349,,,,,,,,,,,,
,,,,,,,,94,67365,0.12172982841730118,0.28749820590019226,0.09337858855724335,0.030017880722880363,0.019732434302568436,0.37407153844833374,,,,,,
,,,,,,,,94,67365,,,,,,,0.12649227678775787,0.2365167886018753,0.08088573813438416,0.0267658494412899,0.015996107831597328,0.31172317266464233
0.12516257166862488,0.26467466354370117,0.060339294373989105,0.02573435939848423,0.012396463192999363,0.3267768919467926,0.0006574985262621138,0.009999999776482582,95,67399,,,,,,,,,,,,
0.12640634179115295,0.24200214445590973,0.05534447357058525,0.025450460612773895,0.012446874752640724,0.3013482987880707,0.0006564727725273087,0.009999999776482582,95,67449,,,,,,,,,,,,
0.12631621956825256,0.25724902749061584,0.060629650950431824,0.025914885103702545,0.01295961532741785,0.31995856761932373,0.0006554471983050732,0.009999999776482582,95,67499,,,,,,,,,,,,
0.1258167177438736,0.148551806807518,0.12865327298641205,0.026484038680791855,0.0242844820022583,0.25150471925735474,0.0006544218055481955,0.009999999776482582,95,67549,,,,,,,,,,,,
0.126624196767807,0.15516580641269684,0.13635140657424927,0.026817381381988525,0.025129705667495728,0.26272374391555786,0.0006533965962091184,0.009999999776482582,95,67599,,,,,,,,,,,,
0.12754736840724945,0.26911813020706177,0.059298690408468246,0.026174072176218033,0.0119350366294384,0.3309090733528137,0.0006523715722399357,0.009999999776482582,95,67649,,,,,,,,,,,,
0.12533292174339294,0.27617666125297546,0.06285373121500015,0.025458751246333122,0.01294536329805851,0.3395349681377411,0.0006513467355923875,0.009999999776482582,95,67699,,,,,,,,,,,,
0.1253909468650818,0.24419324100017548,0.05479159206151962,0.02414011023938656,0.010841685347259045,0.30114999413490295,0.0006503220882178576,0.009999999776482582,95,67749,,,,,,,,,,,,
0.1257406324148178,0.2557942867279053,0.061312951147556305,0.027058081701397896,0.012517184019088745,0.31976744532585144,0.0006492976320673698,0.009999999776482582,95,67799,,,,,,,,,,,,
0.12744183838367462,0.22904075682163239,0.05789770558476448,0.023337246850132942,0.010784468613564968,0.28671908378601074,0.0006482733690915834,0.009999999776482582,95,67849,,,,,,,,,,,,
0.12543568015098572,0.15007036924362183,0.13017772138118744,0.02706732042133808,0.024605590850114822,0.25452935695648193,0.0006472493012407898,0.009999999776482582,95,67899,,,,,,,,,,,,
0.1257467269897461,0.2597334682941437,0.06338531523942947,0.026063859462738037,0.012666379101574421,0.3238231837749481,0.0006462254304649091,0.009999999776482582,95,67949,,,,,,,,,,,,
0.12649500370025635,0.2675369083881378,0.06050722301006317,0.02686757780611515,0.012899893335998058,0.33110806345939636,0.000645201758713486,0.009999999776482582,95,67999,,,,,,,,,,,,
0.12625887989997864,0.15724512934684753,0.1385902315378189,0.027800532057881355,0.025975050404667854,0.26732829213142395,0.0006441782879356863,0.009999999776482582,95,68049,,,,,,,,,,,,
0.12551385164260864,0.25385546684265137,0.059644706547260284,0.02677042968571186,0.013160541653633118,0.3170285224914551,0.000643155020080293,0.009999999776482582,95,68099,,,,,,,,,,,,
0.12639734148979187,0.25691303610801697,0.06292416900396347,0.0257708802819252,0.012130670249462128,0.3202113211154938,0.0006421319570957033,0.009999999776482582,95,68149,,,,,,,,,,,,
0.12649811804294586,0.25182852149009705,0.05813805013895035,0.02514767087996006,0.012001194059848785,0.3120458126068115,0.0006411091009299233,0.009999999776482582,95,68199,,,,,,,,,,,,
0.12558239698410034,0.15231125056743622,0.13379399478435516,0.027359025552868843,0.025327960029244423,0.25923123955726624,0.000640086453530566,0.009999999776482582,95,68249,,,,,,,,,,,,
0.12615790963172913,0.2407289743423462,0.06263183057308197,0.02680625393986702,0.012086037546396255,0.30489417910575867,0.0006390640168448466,0.009999999776482582,95,68299,,,,,,,,,,,,
0.12580107152462006,0.24965523183345795,0.05845906212925911,0.025608213618397713,0.012835671193897724,0.31091082096099854,0.0006380417928195796,0.009999999776482582,95,68349,,,,,,,,,,,,
0.12606889009475708,0.2611319124698639,0.05517038330435753,0.0248856358230114,0.01148840319365263,0.31934693455696106,0.0006370197834011742,0.009999999776482582,95,68399,,,,,,,,,,,,
0.12476415187120438,0.2618184983730316,0.06257602572441101,0.026802459731698036,0.011814817786216736,0.3258163630962372,0.0006359979905356302,0.009999999776482582,95,68449,,,,,,,,,,,,
0.1260564774274826,0.24932123720645905,0.057738952338695526,0.025669308379292488,0.012045329436659813,0.30988267064094543,0.0006349764161685366,0.009999999776482582,95,68499,,,,,,,,,,,,
0.12597322463989258,0.26646992564201355,0.05992085486650467,0.026852132752537727,0.013042202219367027,0.32980358600616455,0.0006339550622450653,0.009999999776482582,95,68549,,,,,,,,,,,,
,,,,,,,,95,68558,0.12177807092666626,0.266034334897995,0.09417836368083954,0.03079882822930813,0.01971321552991867,0.3537788987159729,,,,,,
,,,,,,,,95,68558,,,,,,,0.12582990527153015,0.23533403873443604,0.07669069617986679,0.02618272788822651,0.015154118649661541,0.30743923783302307
0.12571460008621216,0.24949975311756134,0.056977126747369766,0.023739146068692207,0.011914631351828575,0.3076847791671753,0.0006329339307099687,0.009999999776482582,96,68599,,,,,,,,,,,,
0.12663239240646362,0.26589611172676086,0.05957581102848053,0.02543279156088829,0.012213172391057014,0.32722339034080505,0.0006319130235075757,0.009999999776482582,96,68649,,,,,,,,,,,,
0.12556900084018707,0.15418148040771484,0.1355954110622406,0.02863449603319168,0.02676340565085411,0.26399537920951843,0.0006308923425817885,0.009999999776482582,96,68699,,,,,,,,,,,,
0.12634018063545227,0.24687433242797852,0.057261183857917786,0.024765335023403168,0.012128685601055622,0.30633458495140076,0.0006298718898760777,0.009999999776482582,96,68749,,,,,,,,,,,,
0.12582334876060486,0.2506679594516754,0.05761445313692093,0.0255964957177639,0.011322353035211563,0.3107328414916992,0.0006288516673334799,0.009999999776482582,96,68799,,,,,,,,,,,,
0.12537285685539246,0.2598439157009125,0.05526276305317879,0.02586781047284603,0.011761819012463093,0.3192239999771118,0.0006278316768965932,0.009999999776482582,96,68849,,,,,,,,,,,,
0.12534046173095703,0.26105552911758423,0.056732069700956345,0.026169544085860252,0.011686719954013824,0.32143446803092957,0.0006268119205075739,0.009999999776482582,96,68899,,,,,,,,,,,,
0.1263018548488617,0.24929162859916687,0.05959611386060715,0.025154033675789833,0.011792884208261967,0.3101401627063751,0.0006257924001081327,0.009999999776482582,96,68949,,,,,,,,,,,,
0.12470804899930954,0.250352144241333,0.0565892830491066,0.023369958624243736,0.011883617378771305,0.30795857310295105,0.0006247731176395303,0.009999999776482582,96,68999,,,,,,,,,,,,
0.12605145573616028,0.24992433190345764,0.05673649162054062,0.026974264532327652,0.01271387655287981,0.31162378191947937,0.0006237540750425756,0.009999999776482582,96,69049,,,,,,,,,,,,
0.12478947639465332,0.2524318993091583,0.06082083657383919,0.024657759815454483,0.012373743578791618,0.31368693709373474,0.0006227352742576196,0.009999999776482582,96,69099,,,,,,,,,,,,
0.12586338818073273,0.24174879491329193,0.06110420450568199,0.02452218346297741,0.011416218243539333,0.3025311827659607,0.0006217167172245532,0.009999999776482582,96,69149,,,,,,,,,,,,
0.12664788961410522,0.1511877030134201,0.13258248567581177,0.027019841596484184,0.02531326562166214,0.2571554183959961,0.000620698405882804,0.009999999776482582,96,69199,,,,,,,,,,,,
0.12488098442554474,0.2674891948699951,0.06021380424499512,0.02689073421061039,0.013827326707541943,0.33140048384666443,0.0006196803421713303,0.009999999776482582,96,69249,,,,,,,,,,,,
0.12510615587234497,0.22758203744888306,0.0551188588142395,0.0239618681371212,0.012383119203150272,0.28529489040374756,0.00061866252802862,0.009999999776482582,96,69299,,,,,,,,,,,,
0.12589725852012634,0.2691110372543335,0.05882233753800392,0.02704789862036705,0.01249197032302618,0.33181607723236084,0.0006176449653926852,0.009999999776482582,96,69349,,,,,,,,,,,,
0.12578873336315155,0.25581780076026917,0.058733392506837845,0.02820243313908577,0.012162907980382442,0.3194683790206909,0.0006166276562010598,0.009999999776482582,96,69399,,,,,,,,,,,,
0.12558072805404663,0.2543327212333679,0.05728667601943016,0.025974910706281662,0.013095812872052193,0.31549888849258423,0.0006156106023907945,0.009999999776482582,96,69449,,,,,,,,,,,,
0.12572932243347168,0.25095170736312866,0.06286593526601791,0.02669115923345089,0.012966727837920189,0.31555917859077454,0.0006145938058984541,0.009999999776482582,96,69499,,,,,,,,,,,,
0.1257975995540619,0.26654496788978577,0.06058856472373009,0.025565410032868385,0.012612150982022285,0.32871073484420776,0.0006135772686601125,0.009999999776482582,96,69549,,,,,,,,,,,,
0.12706048786640167,0.25226613879203796,0.06153963506221771,0.026271991431713104,0.012425710447132587,0.3155208230018616,0.0006125609926113517,0.009999999776482582,96,69599,,,,,,,,,,,,
0.12597718834877014,0.27605298161506653,0.05844373628497124,0.02901359274983406,0.013279324397444725,0.3409281075000763,0.0006115449796872547,0.009999999776482582,96,69649,,,,,,,,,,,,
0.1244809478521347,0.27551209926605225,0.058015160262584686,0.02807058021426201,0.013275230303406715,0.3392278850078583,0.0006105292318224045,0.009999999776482582,96,69699,,,,,,,,,,,,
0.12743563950061798,0.15478630363941193,0.13602572679519653,0.027949567884206772,0.02601839229464531,0.26375794410705566,0.0006095137509508792,0.009999999776482582,96,69749,,,,,,,,,,,,
,,,,,,,,96,69751,0.12235647439956665,0.26391634345054626,0.09130209684371948,0.031844332814216614,0.02096456103026867,0.3518941104412079,,,,,,
,,,,,,,,96,69751,,,,,,,0.1257658302783966,0.2332967072725296,0.07736057788133621,0.026625171303749084,0.01563713327050209,0.30642083287239075
0.12512652575969696,0.26544612646102905,0.05933261290192604,0.027234066277742386,0.011467657051980495,0.32808032631874084,0.000608498539006248,0.009999999776482582,97,69799,,,,,,,,,,,,
0.12604817748069763,0.24833188951015472,0.0566096194088459,0.027092531323432922,0.012396885082125664,0.30992767214775085,0.0006074835979215687,0.009999999776482582,97,69849,,,,,,,,,,,,
0.125909686088562,0.2727264165878296,0.05949223414063454,0.02786477655172348,0.013627452775835991,0.33715105056762695,0.0006064689296293829,0.009999999776482582,97,69899,,,,,,,,,,,,
0.12641693651676178,0.2525137960910797,0.05779016390442848,0.02557855285704136,0.011810315772891045,0.3128925859928131,0.0006054545360617133,0.009999999776482582,97,69949,,,,,,,,,,,,
0.12513425946235657,0.24490931630134583,0.058459579944610596,0.025728261098265648,0.012698523700237274,0.30621662735939026,0.0006044404191500589,0.009999999776482582,97,69999,,,,,,,,,,,,
0.12464779615402222,0.2519376575946808,0.0604819692671299,0.026050925254821777,0.012162608094513416,0.31431087851524353,0.000603426580825392,0.009999999776482582,97,70049,,,,,,,,,,,,
0.12488318979740143,0.24845467507839203,0.05870334804058075,0.02533615007996559,0.011735946871340275,0.30901047587394714,0.0006024130230181552,0.009999999776482582,97,70099,,,,,,,,,,,,
0.12522611021995544,0.26471278071403503,0.05671406164765358,0.027124492451548576,0.01217315997928381,0.3262808918952942,0.0006013997476582559,0.009999999776482582,97,70149,,,,,,,,,,,,
0.1258101910352707,0.2444029003381729,0.05490729212760925,0.026827573776245117,0.0123769361525774,0.3048725724220276,0.0006003867566750644,0.009999999776482582,97,70199,,,,,,,,,,,,
0.12728378176689148,0.25826090574264526,0.054527707397937775,0.02536061219871044,0.011859292164444923,0.31681501865386963,0.0005993740519974095,0.009999999776482582,97,70249,,,,,,,,,,,,
0.12547317147254944,0.26574188470840454,0.05921204388141632,0.026370633393526077,0.012294846586883068,0.32786595821380615,0.0005983616355535743,0.009999999776482582,97,70299,,,,,,,,,,,,
0.1255304366350174,0.1514522135257721,0.13304775953292847,0.028528587892651558,0.02630043774843216,0.2596549093723297,0.0005973495092712937,0.009999999776482582,97,70349,,,,,,,,,,,,
0.1272113025188446,0.15239572525024414,0.1345156878232956,0.028288783505558968,0.02620272897183895,0.2610437273979187,0.0005963376750777496,0.009999999776482582,97,70399,,,,,,,,,,,,
0.12568485736846924,0.249765083193779,0.059236347675323486,0.025979069992899895,0.012746329419314861,0.31173548102378845,0.0005953261348995683,0.009999999776482582,97,70449,,,,,,,,,,,,
0.12571802735328674,0.25356292724609375,0.05995789170265198,0.026453552767634392,0.012834117747843266,0.31641247868537903,0.0005943148906628159,0.009999999776482582,97,70499,,,,,,,,,,,,
0.12435904145240784,0.27591508626937866,0.05995369702577591,0.02895299717783928,0.013984168879687786,0.3418370187282562,0.0005933039442929948,0.009999999776482582,97,70549,,,,,,,,,,,,
0.1258329600095749,0.2862035632133484,0.06331751495599747,0.03129085525870323,0.016232913359999657,0.35726964473724365,0.0005922932977150406,0.009999999776482582,97,70599,,,,,,,,,,,,
0.12510962784290314,0.2683599889278412,0.05761156603693962,0.028127245604991913,0.013272799551486969,0.33192941546440125,0.000591282952853318,0.009999999776482582,97,70649,,,,,,,,,,,,
0.12546783685684204,0.26055189967155457,0.05764632672071457,0.02911243960261345,0.013045309111475945,0.32501015067100525,0.0005902729116316172,0.009999999776482582,97,70699,,,,,,,,,,,,
0.12586712837219238,0.24594220519065857,0.0589367039501667,0.025888359174132347,0.012090958654880524,0.3073444068431854,0.0005892631759731502,0.009999999776482582,97,70749,,,,,,,,,,,,
0.12439477443695068,0.24933242797851562,0.05812058970332146,0.027681274339556694,0.013071153312921524,0.31260958313941956,0.0005882537478005469,0.009999999776482582,97,70799,,,,,,,,,,,,
0.12530823051929474,0.2505146861076355,0.05357407405972481,0.026396632194519043,0.012816826812922955,0.3101067841053009,0.0005872446290358523,0.009999999776482582,97,70849,,,,,,,,,,,,
0.12535984814167023,0.26411038637161255,0.059674590826034546,0.027117135003209114,0.013373203575611115,0.32775142788887024,0.000586235821600522,0.009999999776482582,97,70899,,,,,,,,,,,,
,,,,,,,,97,70944,0.12192536145448685,0.27198317646980286,0.08501426130533218,0.031035959720611572,0.019247574731707573,0.3551500737667084,,,,,,
,,,,,,,,97,70944,,,,,,,0.1255754679441452,0.23136889934539795,0.07689645141363144,0.02711760438978672,0.015931030735373497,0.3049001395702362
0.12586714327335358,0.1458786278963089,0.12808629870414734,0.027416355907917023,0.02558048628270626,0.2501283884048462,0.0005852273274154184,0.009999999776482582,98,70949,,,,,,,,,,,,
0.1258934587240219,0.25007569789886475,0.057750899344682693,0.02748820371925831,0.01180317997932434,0.3123409152030945,0.0005842191484008082,0.009999999776482582,98,70999,,,,,,,,,,,,
0.12605702877044678,0.28101903200149536,0.05998126044869423,0.03005773015320301,0.013462163507938385,0.34779849648475647,0.0005832112864763574,0.009999999776482582,98,71049,,,,,,,,,,,,
0.1256922483444214,0.2731996774673462,0.06033412367105484,0.02865649200975895,0.01415858045220375,0.33910253643989563,0.0005822037435611282,0.009999999776482582,98,71099,,,,,,,,,,,,
0.12619853019714355,0.2685497999191284,0.06094486638903618,0.028847988694906235,0.013919197022914886,0.33482980728149414,0.0005811965215735762,0.009999999776482582,98,71149,,,,,,,,,,,,
0.12463103234767914,0.24352847039699554,0.053003810346126556,0.027645293623209,0.012396493926644325,0.3038739264011383,0.0005801896224315446,0.009999999776482582,98,71199,,,,,,,,,,,,
0.1250631958246231,0.1505170464515686,0.13282093405723572,0.027714943513274193,0.02539934404194355,0.257342129945755,0.0005791830480522633,0.009999999776482582,98,71249,,,,,,,,,,,,
0.12435100972652435,0.276925653219223,0.060203615576028824,0.028831906616687775,0.012961406260728836,0.34234005212783813,0.0005781768003523424,0.009999999776482582,98,71299,,,,,,,,,,,,
0.12560760974884033,0.15049250423908234,0.13280336558818817,0.02860475890338421,0.026651250198483467,0.25882455706596375,0.000577170881247771,0.009999999776482582,98,71349,,,,,,,,,,,,
0.12482351064682007,0.15251630544662476,0.13337606191635132,0.028283195570111275,0.026045778766274452,0.2605104148387909,0.0005761652926539124,0.009999999776482582,98,71399,,,,,,,,,,,,
0.12506768107414246,0.15770521759986877,0.13790126144886017,0.02923121117055416,0.026964275166392326,0.2693691849708557,0.0005751600364855,0.009999999776482582,98,71449,,,,,,,,,,,,
0.12497049570083618,0.2424970120191574,0.05705440789461136,0.025719555094838142,0.012591991573572159,0.3030397891998291,0.0005741551146566349,0.009999999776482582,98,71499,,,,,,,,,,,,
0.12457061558961868,0.2456764131784439,0.058102257549762726,0.024606382474303246,0.011927325278520584,0.3052976131439209,0.0005731505290807815,0.009999999776482582,98,71549,,,,,,,,,,,,
0.12459616363048553,0.2721986770629883,0.059430673718452454,0.028123563155531883,0.013226122595369816,0.33665063977241516,0.0005721462816707632,0.009999999776482582,98,71599,,,,,,,,,,,,
0.12559156119823456,0.1567024290561676,0.13885119557380676,0.028964390978217125,0.02691173180937767,0.26854828000068665,0.0005711423743387601,0.009999999776482582,98,71649,,,,,,,,,,,,
0.12503084540367126,0.262777715921402,0.05735934525728226,0.029613904654979706,0.01353239081799984,0.3278374969959259,0.0005701388089963053,0.009999999776482582,98,71699,,,,,,,,,,,,
0.12428721785545349,0.2598798871040344,0.05583302676677704,0.027388980612158775,0.012571758590638638,0.32147127389907837,0.0005691355875542796,0.009999999776482582,98,71749,,,,,,,,,,,,
0.12598353624343872,0.1514815390110016,0.13327202200889587,0.026648038998246193,0.02514953352510929,0.25734037160873413,0.0005681327119229098,0.009999999776482582,98,71799,,,,,,,,,,,,
0.12483036518096924,0.22821643948554993,0.056948672980070114,0.025294626131653786,0.011936383321881294,0.28795358538627625,0.0005671301840117634,0.009999999776482582,98,71849,,,,,,,,,,,,
0.12406577169895172,0.24755941331386566,0.05610303580760956,0.02699548564851284,0.012638074345886707,0.30892544984817505,0.000566128005729747,0.009999999776482582,98,71899,,,,,,,,,,,,
0.1243252158164978,0.26067283749580383,0.0596606470644474,0.02931767888367176,0.013441059738397598,0.32654139399528503,0.0005651261789851006,0.009999999776482582,98,71949,,,,,,,,,,,,
0.12663456797599792,0.26785144209861755,0.058091334998607635,0.02927975170314312,0.01295124739408493,0.3326524794101715,0.0005641247056853949,0.009999999776482582,98,71999,,,,,,,,,,,,
0.12463681399822235,0.14715181291103363,0.13018368184566498,0.027269231155514717,0.02555539458990097,0.2522905766963959,0.0005631235877375284,0.009999999776482582,98,72049,,,,,,,,,,,,
0.12415945529937744,0.14914630353450775,0.13070814311504364,0.02809297665953636,0.026048429310321808,0.25561755895614624,0.0005621228270477214,0.009999999776482582,98,72099,,,,,,,,,,,,
,,,,,,,,98,72137,0.12168805301189423,0.2863548994064331,0.09302563220262527,0.032286301255226135,0.0205686092376709,0.3754383623600006,,,,,,
,,,,,,,,98,72137,,,,,,,0.12510038912296295,0.23159286379814148,0.07540209591388702,0.02743695303797722,0.015989046543836594,0.3047254979610443
0.12411212921142578,0.24576352536678314,0.0576295480132103,0.02509402483701706,0.012601449154317379,0.3059730529785156,0.0005611224255215156,0.009999999776482582,99,72149,,,,,,,,,,,,
0.12437455356121063,0.2538793981075287,0.05848418548703194,0.026736581698060036,0.012226210907101631,0.3159711956977844,0.0005601223850637679,0.009999999776482582,99,72199,,,,,,,,,,,,
0.1241176575422287,0.2464047521352768,0.05666082352399826,0.02698264829814434,0.012516750954091549,0.3079761862754822,0.000559122707578648,0.009999999776482582,99,72249,,,,,,,,,,,,
0.12408941239118576,0.24804159998893738,0.057798970490694046,0.027368856593966484,0.012776663526892662,0.3106982707977295,0.0005581233949696345,0.009999999776482582,99,72299,,,,,,,,,,,,
0.12558430433273315,0.26733270287513733,0.05568794533610344,0.030429288744926453,0.012607553042471409,0.33190974593162537,0.0005571244491395107,0.009999999776482582,99,72349,,,,,,,,,,,,
0.12388363480567932,0.15045754611492157,0.13322345912456512,0.02790955826640129,0.02614118531346321,0.2580494284629822,0.0005561258719903623,0.009999999776482582,99,72399,,,,,,,,,,,,
0.12464351952075958,0.2799076735973358,0.058703064918518066,0.029368238523602486,0.01335128489881754,0.34530308842658997,0.0005551276654235727,0.009999999776482582,99,72449,,,,,,,,,,,,
0.12505239248275757,0.27808281779289246,0.059261009097099304,0.029700787737965584,0.014198845252394676,0.34451353549957275,0.0005541298313398191,0.009999999776482582,99,72499,,,,,,,,,,,,
0.1235416904091835,0.2479810267686844,0.05813869461417198,0.02650134079158306,0.013792983256280422,0.31044819951057434,0.0005531323716390709,0.009999999776482582,99,72549,,,,,,,,,,,,
0.12310558557510376,0.24725773930549622,0.056292761117219925,0.025000756606459618,0.012153664603829384,0.3064817190170288,0.000552135288220583,0.009999999776482582,99,72599,,,,,,,,,,,,
0.12440935522317886,0.28040093183517456,0.06141367554664612,0.030729025602340698,0.014013177715241909,0.34884336590766907,0.0005511385829828946,0.009999999776482582,99,72649,,,,,,,,,,,,
0.12536966800689697,0.24299991130828857,0.0564722903072834,0.024917209520936012,0.012355473823845387,0.30233100056648254,0.0005501422578238247,0.009999999776482582,99,72699,,,,,,,,,,,,
0.12440664321184158,0.2542932629585266,0.06093185022473335,0.027373269200325012,0.012998159974813461,0.31863152980804443,0.0005491463146404691,0.009999999776482582,99,72749,,,,,,,,,,,,
0.12463019788265228,0.24463345110416412,0.055144667625427246,0.02675974927842617,0.0125880166888237,0.3052595257759094,0.0005481507553291954,0.009999999776482582,99,72799,,,,,,,,,,,,
0.12408775091171265,0.24275635182857513,0.058977626264095306,0.02535439468920231,0.011943143792450428,0.3035711348056793,0.000547155581785641,0.009999999776482582,99,72849,,,,,,,,,,,,
0.12354964762926102,0.14112071692943573,0.12429021298885345,0.027230869978666306,0.025128288194537163,0.24306082725524902,0.0005461607959047082,0.009999999776482582,99,72899,,,,,,,,,,,,
0.12447338551282883,0.1479806751012802,0.1297859251499176,0.027612002566456795,0.025541139766573906,0.2532562017440796,0.0005451663995805616,0.009999999776482582,99,72949,,,,,,,,,,,,
0.12294426560401917,0.2662673592567444,0.05744743347167969,0.028474532067775726,0.013879477977752686,0.3304053544998169,0.0005441723947066237,0.009999999776482582,99,72999,,,,,,,,,,,,
0.12419058382511139,0.27807483077049255,0.06103655323386192,0.02959386073052883,0.015588086098432541,0.34598100185394287,0.0005431787831755718,0.009999999776482582,99,73049,,,,,,,,,,,,
0.12419302761554718,0.14499644935131073,0.12695065140724182,0.028337650001049042,0.02633613720536232,0.2499774992465973,0.0005421855668793346,0.009999999776482582,99,73099,,,,,,,,,,,,
0.12327785789966583,0.14928771555423737,0.1322392076253891,0.02825426310300827,0.02672523260116577,0.25702419877052307,0.0005411927477090876,0.009999999776482582,99,73149,,,,,,,,,,,,
0.12412534654140472,0.255367249250412,0.05601353570818901,0.025836436077952385,0.012848254293203354,0.3156345784664154,0.0005402003275552504,0.009999999776482582,99,73199,,,,,,,,,,,,
0.12406659126281738,0.2533453404903412,0.06294729560613632,0.028782954439520836,0.014695425517857075,0.32094964385032654,0.0005392083083074826,0.009999999776482582,99,73249,,,,,,,,,,,,
0.12359864264726639,0.2608841359615326,0.058081433176994324,0.027299702167510986,0.013200913555920124,0.32382503151893616,0.0005382166918546814,0.009999999776482582,99,73299,,,,,,,,,,,,
,,,,,,,,99,73330,0.12206850945949554,0.2716900408267975,0.08924765884876251,0.03210120648145676,0.020485026761889458,0.3586575388908386,,,,,,
,,,,,,,,99,73330,,,,,,,0.12437717616558075,0.22869037091732025,0.07561314851045609,0.02745705656707287,0.016346903517842293,0.3021273612976074
0.12354251742362976,0.2524433135986328,0.057005997747182846,0.026051810011267662,0.012573499232530594,0.31328487396240234,0.000537225480084976,0.009999999776482582,100,73349,,,,,,,,,,,,
0.12384995818138123,0.2604372203350067,0.055697500705718994,0.03109092451632023,0.013421810232102871,0.3260878026485443,0.0005362346748857249,0.009999999776482582,100,73399,,,,,,,,,,,,
0.12460382282733917,0.23977422714233398,0.054428406059741974,0.02542487531900406,0.01323164813220501,0.2990291118621826,0.0005352442781435136,0.009999999776482582,100,73449,,,,,,,,,,,,
0.12247540056705475,0.258406400680542,0.056510526686906815,0.028048142790794373,0.013452093116939068,0.3214358389377594,0.0005342542917441489,0.009999999776482582,100,73499,,,,,,,,,,,,
0.12339187413454056,0.24813108146190643,0.053051095455884933,0.02660544216632843,0.012730761431157589,0.30762743949890137,0.0005332647175726565,0.009999999776482582,100,73549,,,,,,,,,,,,
0.12368156015872955,0.265007346868515,0.05897736921906471,0.027535324916243553,0.014543972909450531,0.3293033242225647,0.0005322755575132774,0.009999999776482582,100,73599,,,,,,,,,,,,
0.12281917035579681,0.24472135305404663,0.056068480014801025,0.02705109864473343,0.014093217439949512,0.3068532943725586,0.000531286813449464,0.009999999776482582,100,73649,,,,,,,,,,,,
0.12326257675886154,0.25984129309654236,0.05626486986875534,0.027239451184868813,0.012954856269061565,0.3216906189918518,0.0005302984872638762,0.009999999776482582,100,73699,,,,,,,,,,,,
0.12387289106845856,0.24219131469726562,0.05500198155641556,0.025517983362078667,0.01214328221976757,0.3012819290161133,0.0005293105808383788,0.009999999776482582,100,73749,,,,,,,,,,,,
0.12408416718244553,0.263360857963562,0.05623037740588188,0.028791626915335655,0.013321906328201294,0.32692861557006836,0.0005283230960540369,0.009999999776482582,100,73799,,,,,,,,,,,,
0.12295490503311157,0.2591468393802643,0.055893998593091965,0.025100290775299072,0.013043873943388462,0.3187160789966583,0.0005273360347911136,0.009999999776482582,100,73849,,,,,,,,,,,,
0.12256095558404922,0.14144577085971832,0.12585143744945526,0.0267129298299551,0.02514660358428955,0.24365770816802979,0.0005263493989290641,0.009999999776482582,100,73899,,,,,,,,,,,,
0.12455496191978455,0.14615704119205475,0.12915918231010437,0.026581907644867897,0.024663131684064865,0.24965010583400726,0.0005253631903465347,0.009999999776482582,100,73949,,,,,,,,,,,,
0.12304691225290298,0.24307073652744293,0.0581870973110199,0.026405945420265198,0.013133157975971699,0.3051367998123169,0.0005243774109213581,0.009999999776482582,100,73999,,,,,,,,,,,,
0.12296372652053833,0.24714604020118713,0.058935124427080154,0.02529733255505562,0.013576182536780834,0.30869901180267334,0.0005233920625305492,0.009999999776482582,100,74049,,,,,,,,,,,,
0.12382195889949799,0.2536686658859253,0.0566711388528347,0.02537607029080391,0.013984255492687225,0.3143724203109741,0.0005224071470503028,0.009999999776482582,100,74099,,,,,,,,,,,,
0.12345858663320541,0.14948953688144684,0.13259875774383545,0.027943672612309456,0.02642238140106201,0.2569437623023987,0.0005214226663559895,0.009999999776482582,100,74149,,,,,,,,,,,,
0.12373799085617065,0.24645762145519257,0.05443195253610611,0.025753211230039597,0.012368974275887012,0.3056112825870514,0.0005204386223221511,0.009999999776482582,100,74199,,,,,,,,,,,,
0.12343894690275192,0.24258343875408173,0.05575698986649513,0.025070102885365486,0.011920355260372162,0.30149221420288086,0.0005194550168224987,0.009999999776482582,100,74249,,,,,,,,,,,,
0.12308158725500107,0.24861249327659607,0.05486210808157921,0.028269849717617035,0.013432599604129791,0.31102967262268066,0.0005184718517299082,0.009999999776482582,100,74299,,,,,,,,,,,,
0.1231020912528038,0.14786919951438904,0.13026493787765503,0.02778935432434082,0.026050664484500885,0.2538163661956787,0.0005174891289164172,0.009999999776482582,100,74349,,,,,,,,,,,,
0.12252394109964371,0.25138282775878906,0.05865422263741493,0.0269974023103714,0.012663951143622398,0.31403931975364685,0.000516506850253221,0.009999999776482582,100,74399,,,,,,,,,,,,
0.12335586547851562,0.2393704205751419,0.05571495369076729,0.026883788406848907,0.014073641039431095,0.30114850401878357,0.0005155250176106688,0.009999999776482582,100,74449,,,,,,,,,,,,
0.12284700572490692,0.14571413397789001,0.12804554402828217,0.029128318652510643,0.027054693549871445,0.25239259004592896,0.0005145436328582607,0.009999999776482582,100,74499,,,,,,,,,,,,
,,,,,,,,100,74523,0.12164831161499023,0.2864629030227661,0.08069317787885666,0.03169746324419975,0.019755074754357338,0.3683845102787018,,,,,,
,,,,,,,,100,74523,,,,,,,0.123404361307621,0.22570353746414185,0.07584349811077118,0.02723819576203823,0.01659170724451542,0.2991590201854706
0.12225951999425888,0.24465441703796387,0.05737561732530594,0.026301365345716476,0.0126149607822299,0.3059510588645935,0.0005135626978646446,0.009999999776482582,101,74549,,,,,,,,,,,,
0.12313278019428253,0.260193407535553,0.05852782353758812,0.027985800057649612,0.013527636416256428,0.3242069482803345,0.0005125822144976112,0.009999999776482582,101,74599,,,,,,,,,,,,
0.12203136831521988,0.2427675724029541,0.05461917072534561,0.025308821350336075,0.013113376684486866,0.3019426763057709,0.000511602184624092,0.009999999776482582,101,74649,,,,,,,,,,,,
0.12317634373903275,0.15059566497802734,0.13306206464767456,0.026786381378769875,0.025022823363542557,0.2564244866371155,0.0005106226101101541,0.009999999776482582,101,74699,,,,,,,,,,,,
0.12230474501848221,0.25332632660865784,0.053476978093385696,0.0259257685393095,0.01275304052978754,0.31236711144447327,0.0005096434928209986,0.009999999776482582,101,74749,,,,,,,,,,,,
0.1212470531463623,0.2446664571762085,0.05695178359746933,0.02674480341374874,0.013726293109357357,0.3067502975463867,0.0005086648346209547,0.009999999776482582,101,74799,,,,,,,,,,,,
0.12172234058380127,0.27635493874549866,0.05846334993839264,0.029506387189030647,0.015013533644378185,0.3425997495651245,0.000507686637373479,0.009999999776482582,101,74849,,,,,,,,,,,,
0.12249059975147247,0.26071131229400635,0.055901311337947845,0.02876817248761654,0.014892634935677052,0.32487645745277405,0.0005067089029411495,0.009999999776482582,101,74899,,,,,,,,,,,,
0.12441670894622803,0.1464221030473709,0.12870004773139954,0.02909998409450054,0.026920972391963005,0.25333258509635925,0.0005057316331856628,0.009999999776482582,101,74949,,,,,,,,,,,,
0.12285234034061432,0.2325391322374344,0.05154380574822426,0.02482873760163784,0.012465945445001125,0.2893727421760559,0.0005047548299678308,0.009999999776482582,101,74999,,,,,,,,,,,,
0.12249218672513962,0.24977394938468933,0.0585327073931694,0.02791888825595379,0.013936587609350681,0.3139275014400482,0.000503778495147578,0.009999999776482582,101,75049,,,,,,,,,,,,
0.12319085001945496,0.24409417808055878,0.055614907294511795,0.024628160521388054,0.011921911500394344,0.3024907410144806,0.0005028026305839357,0.009999999776482582,101,75099,,,,,,,,,,,,
0.12301113456487656,0.2516484260559082,0.054673828184604645,0.026370851323008537,0.013082633726298809,0.31189751625061035,0.0005018272381350406,0.009999999776482582,101,75149,,,,,,,,,,,,
0.1218683272600174,0.24241943657398224,0.057075902819633484,0.025402002036571503,0.012884140014648438,0.3028014600276947,0.0005008523196581299,0.009999999776482582,101,75199,,,,,,,,,,,,
0.121389240026474,0.2438112199306488,0.05249730125069618,0.025352109223604202,0.012770697474479675,0.3017973303794861,0.0004998778770095391,0.009999999776482582,101,75249,,,,,,,,,,,,
0.12281788885593414,0.14644724130630493,0.13038763403892517,0.027934690937399864,0.026296965777873993,0.25272423028945923,0.000498903912044697,0.009999999776482582,101,75299,,,,,,,,,,,,
0.12233518064022064,0.23788012564182281,0.050943829119205475,0.025869928300380707,0.01264495775103569,0.29554444551467896,0.000497930426618123,0.009999999776482582,101,75349,,,,,,,,,,,,
0.12107633054256439,0.2542741000652313,0.055104564875364304,0.02680073492228985,0.013773470185697079,0.31551384925842285,0.0004969574225834237,0.009999999776482582,101,75399,,,,,,,,,,,,
0.12259947508573532,0.2410374879837036,0.05439775437116623,0.025989312678575516,0.012149883434176445,0.30030062794685364,0.0004959849017932888,0.009999999776482582,101,75449,,,,,,,,,,,,
0.12194785475730896,0.2653725743293762,0.05442139133810997,0.026855114847421646,0.014326963573694229,0.32660186290740967,0.0004950128660994878,0.009999999776482582,101,75499,,,,,,,,,,,,
0.12161675840616226,0.2639522850513458,0.057921841740608215,0.027689194306731224,0.014268350787460804,0.3277365565299988,0.0004940413173528665,0.009999999776482582,101,75549,,,,,,,,,,,,
0.12220315635204315,0.2583330273628235,0.05804557725787163,0.027682529762387276,0.01366940326988697,0.3218730390071869,0.000493070257403344,0.009999999776482582,101,75599,,,,,,,,,,,,
0.12117300927639008,0.2448655217885971,0.05603806674480438,0.026172049343585968,0.013684533536434174,0.30589887499809265,0.0004920996880999085,0.009999999776482582,101,75649,,,,,,,,,,,,
0.12186296284198761,0.2571038603782654,0.05705656856298447,0.027193419635295868,0.014434215612709522,0.3200426697731018,0.0004911296112906133,0.009999999776482582,101,75699,,,,,,,,,,,,
,,,,,,,,101,75716,0.12082528322935104,0.2726152539253235,0.10730960965156555,0.037066034972667694,0.026839464902877808,0.3767559230327606,,,,,,
,,,,,,,,101,75716,,,,,,,0.12232973426580429,0.22517596185207367,0.07521965354681015,0.02706041745841503,0.0166535172611475,0.2981729507446289
0.12262943387031555,0.24063801765441895,0.055743731558322906,0.025070855394005775,0.013436892069876194,0.30029919743537903,0.0004901600288225747,0.009999999776482582,102,75749,,,,,,,,,,,,
0.12197311222553253,0.24882850050926208,0.058231085538864136,0.02720324881374836,0.013986104167997837,0.3121403455734253,0.0004891909425419676,0.009999999776482582,102,75799,,,,,,,,,,,,
0.12114478647708893,0.23788246512413025,0.05535542219877243,0.02490406483411789,0.013581856153905392,0.29725515842437744,0.0004882223542940217,0.009999999776482582,102,75849,,,,,,,,,,,,
0.12190145254135132,0.26738303899765015,0.06066010147333145,0.02965809404850006,0.015309812501072884,0.3350260853767395,0.0004872542659230189,0.009999999776482582,102,75899,,,,,,,,,,,,
0.12137449532747269,0.15132158994674683,0.1344965398311615,0.029034053906798363,0.027461256831884384,0.26133453845977783,0.0004862866792722892,0.009999999776482582,102,75949,,,,,,,,,,,,
0.12206290662288666,0.1487027257680893,0.1317392736673355,0.026839762926101685,0.024823663756251335,0.2538239657878876,0.000485319596184207,0.009999999776482582,102,75999,,,,,,,,,,,,
0.12135877460241318,0.24773506820201874,0.06195677071809769,0.026237886399030685,0.014193139038980007,0.31204792857170105,0.0004843530185001879,0.009999999776482582,102,76049,,,,,,,,,,,,
0.12226178497076035,0.24857883155345917,0.05722157657146454,0.02789568342268467,0.014057466760277748,0.31211403012275696,0.0004833869480606857,0.009999999776482582,102,76099,,,,,,,,,,,,
0.12101878225803375,0.14351095259189606,0.1273232251405716,0.02645721100270748,0.024560237303376198,0.2459098994731903,0.00048242138670518764,0.009999999776482582,102,76149,,,,,,,,,,,,
0.12096412479877472,0.22777965664863586,0.054865483194589615,0.02415291778743267,0.012269711121916771,0.285500168800354,0.0004814563362722121,0.009999999776482582,102,76199,,,,,,,,,,,,
0.12124060094356537,0.2583659887313843,0.05320508033037186,0.027603214606642723,0.014006088487803936,0.319574773311615,0.0004804917985993043,0.009999999776482582,102,76249,,,,,,,,,,,,
0.12099330872297287,0.14554429054260254,0.1294911503791809,0.027499374002218246,0.025523556396365166,0.2505510151386261,0.0004795277755230333,0.009999999776482582,102,76299,,,,,,,,,,,,
0.12157604098320007,0.25196099281311035,0.056293945759534836,0.02732306532561779,0.014187718741595745,0.31452488899230957,0.00047856426887898836,0.009999999776482582,102,76349,,,,,,,,,,,,
0.12102380394935608,0.24482716619968414,0.054979417473077774,0.026501106098294258,0.013429303653538227,0.30553263425827026,0.0004776012805017752,0.009999999776482582,102,76399,,,,,,,,,,,,
0.12277630716562271,0.275976300239563,0.057064611464738846,0.027901656925678253,0.014659770764410496,0.339740127325058,0.0004766388122250132,0.009999999776482582,102,76449,,,,,,,,,,,,
0.11981138586997986,0.2579123377799988,0.05494130402803421,0.02818896621465683,0.01419876143336296,0.32067131996154785,0.0004756768658813308,0.009999999776482582,102,76499,,,,,,,,,,,,
0.12145133316516876,0.1449272483587265,0.12777620553970337,0.02736576460301876,0.025232361629605293,0.24879729747772217,0.00047471544330236277,0.009999999776482582,102,76549,,,,,,,,,,,,
0.11972656846046448,0.24600914120674133,0.05642635375261307,0.026413388550281525,0.014476283453404903,0.30787384510040283,0.00047375454631874676,0.009999999776482582,102,76599,,,,,,,,,,,,
0.12073022872209549,0.27975034713745117,0.058504827320575714,0.030835464596748352,0.01573156751692295,0.3477039933204651,0.00047279417676011996,0.009999999776482582,102,76649,,,,,,,,,,,,
0.12140904366970062,0.14860187470912933,0.12957292795181274,0.026255352422595024,0.02428850345313549,0.251787930727005,0.0004718343364551146,0.009999999776482582,102,76699,,,,,,,,,,,,
0.12025485932826996,0.25897255539894104,0.056528594344854355,0.029076704755425453,0.013886558823287487,0.32325682044029236,0.0004708750272313555,0.009999999776482582,102,76749,,,,,,,,,,,,
0.12076334655284882,0.14806108176708221,0.1318424940109253,0.026396067813038826,0.02480342425405979,0.25278010964393616,0.0004699162509154562,0.009999999776482582,102,76799,,,,,,,,,,,,
0.12163905799388885,0.24674269556999207,0.052627671509981155,0.025335662066936493,0.01250823400914669,0.3046463131904602,0.0004689580093330157,0.009999999776482582,102,76849,,,,,,,,,,,,
0.12201192229986191,0.2387215793132782,0.05391732603311539,0.02771485410630703,0.013700166717171669,0.3002451956272125,0.00046800030430861476,0.009999999776482582,102,76899,,,,,,,,,,,,
,,,,,,,,102,76909,0.11934839934110641,0.26840269565582275,0.0881970077753067,0.032894253730773926,0.022196654230356216,0.3564937114715576,,,,,,
,,,,,,,,102,76909,,,,,,,0.12134911119937897,0.225327268242836,0.07399589568376541,0.0268983393907547,0.016551777720451355,0.29749947786331177
0.12043584883213043,0.1426045447587967,0.12713627517223358,0.02714473381638527,0.025413649156689644,0.2460242360830307,0.00046704313766581196,0.009999999776482582,103,76949,,,,,,,,,,,,
0.12079983204603195,0.24480745196342468,0.05881304666399956,0.026397444307804108,0.013081559911370277,0.3071521818637848,0.00046608651122714194,0.009999999776482582,103,76999,,,,,,,,,,,,
0.12114022672176361,0.2698512673377991,0.05656687542796135,0.030049288645386696,0.014808752574026585,0.33558839559555054,0.00046513042681410957,0.009999999776482582,103,77049,,,,,,,,,,,,
0.12092101573944092,0.14540474116802216,0.12828150391578674,0.027457209303975105,0.0256909541785717,0.24984818696975708,0.00046417488624718803,0.009999999776482582,103,77099,,,,,,,,,,,,
0.12064961344003677,0.2608262598514557,0.05744926631450653,0.030176136642694473,0.016617566347122192,0.328035831451416,0.0004632198913458149,0.009999999776482582,103,77149,,,,,,,,,,,,
0.12086843699216843,0.28050941228866577,0.057676173746585846,0.030149567872285843,0.014413569122552872,0.3467038571834564,0.0004622654439283893,0.009999999776482582,103,77199,,,,,,,,,,,,
0.12146098911762238,0.24383078515529633,0.0578908808529377,0.025509171187877655,0.013091410510241985,0.3048310875892639,0.0004613115458122674,0.009999999776482582,103,77249,,,,,,,,,,,,
0.12026290595531464,0.13883407413959503,0.1228824332356453,0.026289556175470352,0.02413082681596279,0.2386302649974823,0.00046035819881375925,0.009999999776482582,103,77299,,,,,,,,,,,,
0.11973465979099274,0.260677695274353,0.05808914080262184,0.02698475681245327,0.013604974374175072,0.3235095143318176,0.00045940540474812615,0.009999999776482582,103,77349,,,,,,,,,,,,
0.12156139314174652,0.24996112287044525,0.060909517109394073,0.029528044164180756,0.015452238731086254,0.3176700472831726,0.00045845316542957596,0.009999999776482582,103,77399,,,,,,,,,,,,
0.12056584656238556,0.2741925120353699,0.05700265243649483,0.027296219021081924,0.014602783136069775,0.3372914493083954,0.00045750148267126035,0.009999999776482582,103,77449,,,,,,,,,,,,
0.12014231085777283,0.23828421533107758,0.05311434715986252,0.025487910956144333,0.012755652889609337,0.2967071235179901,0.00045655035828527196,0.009999999776482582,103,77499,,,,,,,,,,,,
0.12048100680112839,0.1507541388273239,0.1336108297109604,0.02767289988696575,0.025991827249526978,0.2582283616065979,0.0004555997940826392,0.009999999776482582,103,77549,,,,,,,,,,,,
0.1199783980846405,0.14869962632656097,0.13117201626300812,0.027673128992319107,0.025593645870685577,0.25475558638572693,0.0004546497918733245,0.009999999776482582,103,77599,,,,,,,,,,,,
0.11961405724287033,0.25125572085380554,0.053300853818655014,0.02514396607875824,0.013127938844263554,0.3096140921115875,0.00045370035346621986,0.009999999776482582,103,77649,,,,,,,,,,,,
0.12011858820915222,0.2379293441772461,0.05300026759505272,0.024379197508096695,0.012741116806864738,0.29517924785614014,0.0004527514806691441,0.009999999776482582,103,77699,,,,,,,,,,,,
0.11973726004362106,0.23265822231769562,0.0505712553858757,0.022413358092308044,0.011960035189986229,0.2863372266292572,0.00045180317528883897,0.009999999776482582,103,77749,,,,,,,,,,,,
0.12095500528812408,0.2510965168476105,0.0546012781560421,0.028781279921531677,0.013192113488912582,0.3137744665145874,0.0004508554391309656,0.009999999776482582,103,77799,,,,,,,,,,,,
0.12028571963310242,0.24390196800231934,0.0559198260307312,0.025973526760935783,0.013339283876121044,0.30450505018234253,0.000449908274000101,0.009999999776482582,103,77849,,,,,,,,,,,,
0.11965840309858322,0.2711089551448822,0.05821812152862549,0.02796892821788788,0.014930175617337227,0.33565202355384827,0.0004489616816997357,0.009999999776482582,103,77899,,,,,,,,,,,,
0.12014516443014145,0.25845518708229065,0.05368427932262421,0.027187982574105263,0.012825901620090008,0.3188982605934143,0.00044801566403226907,0.009999999776482582,103,77949,,,,,,,,,,,,
0.12044591456651688,0.23913075029850006,0.05668962374329567,0.024712586775422096,0.013377099297940731,0.29887670278549194,0.00044707022279900634,0.009999999776482582,103,77999,,,,,,,,,,,,
0.11984950304031372,0.2336287945508957,0.05099037289619446,0.023611705750226974,0.012102036736905575,0.28878670930862427,0.0004461253598001549,0.009999999776482582,103,78049,,,,,,,,,,,,
0.1177055835723877,0.14655978977680206,0.1305607408285141,0.02763206511735916,0.025904644280672073,0.25242453813552856,0.0004451810768348216,0.009999999776482582,103,78099,,,,,,,,,,,,
,,,,,,,,103,78102,0.12049112468957901,0.25395986437797546,0.09756489843130112,0.03231469914317131,0.022754259407520294,0.3464341461658478,,,,,,
,,,,,,,,103,78102,,,,,,,0.12051834166049957,0.22420354187488556,0.07318314909934998,0.02661866880953312,0.01645946316421032,0.29564332962036133
0.12050193548202515,0.2405693233013153,0.055839598178863525,0.02707155980169773,0.014584304764866829,0.3028528392314911,0.00044423737570100855,0.009999999776482582,104,78149,,,,,,,,,,,,
0.11915193498134613,0.2524625360965729,0.054800424724817276,0.026223914697766304,0.014235243201255798,0.313204288482666,0.00044329425819560986,0.009999999776482582,104,78199,,,,,,,,,,,,
0.11987465620040894,0.2595604658126831,0.056699417531490326,0.02663384936749935,0.013614433817565441,0.32135123014450073,0.00044235172611440906,0.009999999776482582,104,78249,,,,,,,,,,,,
0.12113876640796661,0.2521347403526306,0.05399397388100624,0.026052990928292274,0.01369345374405384,0.31203144788742065,0.0004414097812520745,0.009999999776482582,104,78299,,,,,,,,,,,,
0.11991003900766373,0.25164735317230225,0.05390933156013489,0.0267312191426754,0.013474390842020512,0.31207042932510376,0.0004404684254021556,0.009999999776482582,104,78349,,,,,,,,,,,,
0.12039905786514282,0.24024203419685364,0.055794112384319305,0.024780258536338806,0.01354987733066082,0.299694299697876,0.00043952766035708195,0.009999999776482582,104,78399,,,,,,,,,,,,
0.12044179439544678,0.23636358976364136,0.05310377851128578,0.024241892620921135,0.012868949212133884,0.29359185695648193,0.0004385874879081569,0.009999999776482582,104,78449,,,,,,,,,,,,
0.12058134377002716,0.14307311177253723,0.12744048237800598,0.02638961561024189,0.0246730986982584,0.2455195188522339,0.00043764790984555593,0.009999999776482582,104,78499,,,,,,,,,,,,
0.11874831467866898,0.25432807207107544,0.05553494021296501,0.027130017057061195,0.013815909624099731,0.3161335289478302,0.0004367089279583225,0.009999999776482582,104,78549,,,,,,,,,,,,
0.1198747456073761,0.25218629837036133,0.054184526205062866,0.02767830714583397,0.014056568965315819,0.3139851689338684,0.00043577054403436523,0.009999999776482582,104,78599,,,,,,,,,,,,
0.11943589895963669,0.2487127035856247,0.052009426057338715,0.028867101296782494,0.015387737192213535,0.31127840280532837,0.000434832759860454,0.009999999776482582,104,78649,,,,,,,,,,,,
0.1193854957818985,0.2651146352291107,0.054379213601350784,0.026043856516480446,0.014056962914764881,0.32537657022476196,0.0004338955772222165,0.009999999776482582,104,78699,,,,,,,,,,,,
0.12016478925943375,0.23735204339027405,0.05595395341515541,0.0248192697763443,0.012562358751893044,0.29642948508262634,0.00043295899790413546,0.009999999776482582,104,78749,,,,,,,,,,,,
0.11953036487102509,0.2664128839969635,0.05598988011479378,0.028490854427218437,0.015161244198679924,0.33047929406166077,0.0004320230236895446,0.009999999776482582,104,78799,,,,,,,,,,,,
0.11966576427221298,0.14286555349826813,0.12703396379947662,0.028095882385969162,0.026645585894584656,0.24780121445655823,0.0004310876563606253,0.009999999776482582,104,78849,,,,,,,,,,,,
0.11961644887924194,0.25380581617355347,0.05407275632023811,0.027575666084885597,0.013661525212228298,0.31524860858917236,0.0004301528976984037,0.009999999776482582,104,78899,,,,,,,,,,,,
0.11965089291334152,0.14609551429748535,0.13042506575584412,0.02749539166688919,0.02593458816409111,0.2517707347869873,0.00042921874948274673,0.009999999776482582,104,78949,,,,,,,,,,,,
0.119133859872818,0.14832086861133575,0.13211549818515778,0.028371751308441162,0.026617402210831642,0.25605908036231995,0.000428285213492359,0.009999999776482582,104,78999,,,,,,,,,,,,
0.11880946159362793,0.2451471984386444,0.05639636889100075,0.025618473067879677,0.01321831438690424,0.3055730164051056,0.0004273522915047801,0.009999999776482582,104,79049,,,,,,,,,,,,
0.11929315328598022,0.2724513113498688,0.058950673788785934,0.027988804504275322,0.014856544323265553,0.3373437225818634,0.000426419985296379,0.009999999776482582,104,79099,,,,,,,,,,,,
0.1220732107758522,0.24273250997066498,0.0593610480427742,0.02550317533314228,0.014337345026433468,0.30508488416671753,0.0004254882966423533,0.009999999776482582,104,79149,,,,,,,,,,,,
0.12033552676439285,0.23494306206703186,0.05275474861264229,0.024265222251415253,0.013436436653137207,0.2923038899898529,0.0004245572273167248,0.009999999776482582,104,79199,,,,,,,,,,,,
0.11908034235239029,0.24025025963783264,0.055836986750364304,0.024112844839692116,0.01277206651866436,0.2986676096916199,0.0004236267790923354,0.009999999776482582,104,79249,,,,,,,,,,,,
,,,,,,,,104,79295,0.11920187622308731,0.23995843529701233,0.08945061266422272,0.03201372176408768,0.02248726785182953,0.32794103026390076,,,,,,
,,,,,,,,104,79295,,,,,,,0.11990443617105484,0.22439786791801453,0.07310352474451065,0.0265253446996212,0.01659078150987625,0.2957704961299896
0.1201123520731926,0.24936041235923767,0.05374224856495857,0.02621598355472088,0.013636956922709942,0.30926600098609924,0.00042269695374084505,0.009999999776482582,105,79299,,,,,,,,,,,,
0.11961885541677475,0.14699414372444153,0.13104720413684845,0.02773682214319706,0.026144148781895638,0.2533266246318817,0.0004217677530327265,0.009999999776482582,105,79349,,,,,,,,,,,,
0.12010824680328369,0.2427028864622116,0.05728241428732872,0.025450294837355614,0.014122217893600464,0.3038555085659027,0.00042083917873726457,0.009999999776482582,105,79399,,,,,,,,,,,,
0.11770357936620712,0.2648158669471741,0.05715497210621834,0.026682091876864433,0.014937426894903183,0.3275441527366638,0.0004199112326225506,0.009999999776482582,105,79449,,,,,,,,,,,,
0.1190643459558487,0.23707234859466553,0.052961550652980804,0.024464229121804237,0.01377605926245451,0.2949053645133972,0.0004189839164554798,0.009999999776482582,105,79499,,,,,,,,,,,,
0.11955954134464264,0.14328427612781525,0.1268068552017212,0.02686578966677189,0.025043588131666183,0.24607528746128082,0.00041805723200174805,0.009999999776482582,105,79549,,,,,,,,,,,,
0.1193169429898262,0.2551111876964569,0.05452418699860573,0.026342498138546944,0.01449690479785204,0.3159642219543457,0.00041713118102584845,0.009999999776482582,105,79599,,,,,,,,,,,,
0.1186075285077095,0.14460968971252441,0.12889692187309265,0.029343267902731895,0.02755313739180565,0.25217798352241516,0.0004162057652910676,0.009999999776482582,105,79649,,,,,,,,,,,,
0.11896532773971558,0.26727229356765747,0.055330436676740646,0.027568770572543144,0.01574220135807991,0.33037739992141724,0.0004152809865594829,0.009999999776482582,105,79699,,,,,,,,,,,,
0.11992855370044708,0.14184294641017914,0.12748461961746216,0.02801375463604927,0.02582716755568981,0.24651259183883667,0.0004143568465919584,0.009999999776482582,105,79749,,,,,,,,,,,,
0.11853565275669098,0.27590885758399963,0.05771530047059059,0.028057603165507317,0.016319433227181435,0.3409838378429413,0.0004134333471481425,0.009999999776482582,105,79799,,,,,,,,,,,,
0.11922858655452728,0.2633517384529114,0.055783383548259735,0.027591845020651817,0.014976990409195423,0.3263237774372101,0.00041251048998646345,0.009999999776482582,105,79849,,,,,,,,,,,,
0.11751937866210938,0.27034640312194824,0.05807075649499893,0.02852795459330082,0.016258839517831802,0.33603915572166443,0.00041158827686412684,0.009999999776482582,105,79899,,,,,,,,,,,,
0.11813706159591675,0.23599496483802795,0.05555623024702072,0.023222342133522034,0.012849380262196064,0.29342010617256165,0.00041066670953711164,0.009999999776482582,105,79949,,,,,,,,,,,,
0.1195373386144638,0.14395667612552643,0.1277417093515396,0.025647593662142754,0.02427206188440323,0.24561116099357605,0.00040974578976016757,0.009999999776482582,105,79999,,,,,,,,,,,,
0.11825388669967651,0.23676317930221558,0.05276605114340782,0.024602197110652924,0.013656794093549252,0.2945767939090729,0.00040882551928681074,0.009999999776482582,105,80049,,,,,,,,,,,,
0.1190023124217987,0.23404556512832642,0.05240572988986969,0.026760440319776535,0.013469608500599861,0.29374366998672485,0.0004079058998693223,0.009999999776482582,105,80099,,,,,,,,,,,,
0.11918409168720245,0.14065366983413696,0.12481357157230377,0.026322240009903908,0.02463063783943653,0.2416980117559433,0.0004069869332587419,0.009999999776482582,105,80149,,,,,,,,,,,,
0.11876923590898514,0.23366957902908325,0.052267517894506454,0.022444888949394226,0.012928018346428871,0.2887122333049774,0.00040606862120486683,0.009999999776482582,105,80199,,,,,,,,,,,,
0.11904099583625793,0.14826563000679016,0.1326410472393036,0.028391774743795395,0.02680787444114685,0.2563818693161011,0.00040515096545624914,0.009999999776482582,105,80249,,,,,,,,,,,,
0.11861066520214081,0.23701585829257965,0.05263139680027962,0.024008434265851974,0.012826393358409405,0.2937532067298889,0.00040423396776018963,0.009999999776482582,105,80299,,,,,,,,,,,,
0.11784133315086365,0.24265076220035553,0.05572226271033287,0.02498857118189335,0.01316349022090435,0.30208221077919006,0.00040331762986273764,0.009999999776482582,105,80349,,,,,,,,,,,,
0.11983181536197662,0.24239717423915863,0.05547622591257095,0.02684755250811577,0.015091966837644577,0.3045288324356079,0.00040240195350868416,0.009999999776482582,105,80399,,,,,,,,,,,,
0.11861783266067505,0.25750061869621277,0.0538494847714901,0.026070699095726013,0.013063057325780392,0.31702756881713867,0.00040148694044156257,0.009999999776482582,105,80449,,,,,,,,,,,,
,,,,,,,,105,80488,0.11785389482975006,0.2584126889705658,0.09153922647237778,0.03255200758576393,0.023283425718545914,0.3483760356903076,,,,,,
,,,,,,,,105,80488,,,,,,,0.11919596791267395,0.2208058089017868,0.07462295889854431,0.02618599496781826,0.01693992130458355,0.2927730679512024
0.1185029149055481,0.14811675250530243,0.13318145275115967,0.027933578938245773,0.02639753744006157,0.25583982467651367,0.0004005725924036424,0.009999999776482582,106,80499,,,,,,,,,,,,
0.11922422796487808,0.1416328251361847,0.1269661784172058,0.027743376791477203,0.025875840336084366,0.24579721689224243,0.0003996589111359268,0.009999999776482582,106,80549,,,,,,,,,,,,
0.118896484375,0.23574621975421906,0.0552082397043705,0.02565254271030426,0.014408382587134838,0.296207070350647,0.0003987458983781496,0.009999999776482582,106,80599,,,,,,,,,,,,
0.1188989207148552,0.27181780338287354,0.05796527862548828,0.027953751385211945,0.015369302593171597,0.3364388346672058,0.0003978335558687715,0.009999999776482582,106,80649,,,,,,,,,,,,
0.1183457002043724,0.24836017191410065,0.05427338555455208,0.023257138207554817,0.01345846988260746,0.30548325181007385,0.00039692188534497713,0.009999999776482582,106,80699,,,,,,,,,,,,
0.11861574649810791,0.2546517550945282,0.05406618118286133,0.026681125164031982,0.01431678980588913,0.3155243694782257,0.0003960108885426717,0.009999999776482582,106,80749,,,,,,,,,,,,
0.11809893697500229,0.2508075535297394,0.054166000336408615,0.024429166689515114,0.013032685033977032,0.30883607268333435,0.00039510056719647724,0.009999999776482582,106,80799,,,,,,,,,,,,
0.11879504472017288,0.2400333434343338,0.05819380283355713,0.024373425170779228,0.01473031472414732,0.30086880922317505,0.00039419092303973014,0.009999999776482582,106,80849,,,,,,,,,,,,
0.11640205979347229,0.25060707330703735,0.05385175347328186,0.023557312786579132,0.013319899328052998,0.3077501952648163,0.00039328195780447705,0.009999999776482582,106,80899,,,,,,,,,,,,
0.11746262013912201,0.24340827763080597,0.051370080560445786,0.024050051346421242,0.013198960572481155,0.29974284768104553,0.00039237367322147174,0.009999999776482582,106,80949,,,,,,,,,,,,
0.11861935257911682,0.24825407564640045,0.05289078131318092,0.0233929380774498,0.012571991421282291,0.3043784201145172,0.0003914660710201722,0.009999999776482582,106,80999,,,,,,,,,,,,
0.11915359646081924,0.23504789173603058,0.05373172461986542,0.024996450170874596,0.014527376741170883,0.2941738963127136,0.0003905591529287371,0.009999999776482582,106,81049,,,,,,,,,,,,
0.11875075846910477,0.14486190676689148,0.12904779613018036,0.026176583021879196,0.02436894178390503,0.24774686992168427,0.00038965292067402225,0.009999999776482582,106,81099,,,,,,,,,,,,
0.11776269227266312,0.25036582350730896,0.05466335266828537,0.02417885884642601,0.014456741511821747,0.3091047406196594,0.00038874737598157844,0.009999999776482582,106,81149,,,,,,,,,,,,
0.11837608367204666,0.2362908571958542,0.05576947331428528,0.02245246432721615,0.012905431911349297,0.29308077692985535,0.00038784252057564596,0.009999999776482582,106,81199,,,,,,,,,,,,
0.11800113320350647,0.24746204912662506,0.053665414452552795,0.02335617132484913,0.012780660763382912,0.3040412664413452,0.00038693835617915353,0.009999999776482582,106,81249,,,,,,,,,,,,
0.11721626669168472,0.255298376083374,0.056724563241004944,0.02663317322731018,0.014168387278914452,0.3173780143260956,0.00038603488451371325,0.009999999776482582,106,81299,,,,,,,,,,,,
0.11823263764381409,0.14809341728687286,0.1319621354341507,0.02944793365895748,0.027805663645267487,0.2574252486228943,0.0003851321072996198,0.009999999776482582,106,81349,,,,,,,,,,,,
0.11868053674697876,0.13983826339244843,0.12343638390302658,0.027042118832468987,0.025096355006098747,0.2411467581987381,0.00038423002625584434,0.009999999776482582,106,81399,,,,,,,,,,,,
0.11898952722549438,0.23433256149291992,0.05292658507823944,0.022938212379813194,0.012688282877206802,0.29007822275161743,0.00038332864310003205,0.009999999776482582,106,81449,,,,,,,,,,,,
0.11808879673480988,0.23708674311637878,0.050508879125118256,0.02354474924504757,0.014335917308926582,0.29305386543273926,0.00038242795954850057,0.009999999776482582,106,81499,,,,,,,,,,,,
0.11719074845314026,0.23571500182151794,0.052741799503564835,0.02586328238248825,0.015172095969319344,0.29553523659706116,0.0003815279773162346,0.009999999776482582,106,81549,,,,,,,,,,,,
0.11900729686021805,0.14556440711021423,0.1308218389749527,0.02696244791150093,0.025539051741361618,0.2507072985172272,0.0003806286981168835,0.009999999776482582,106,81599,,,,,,,,,,,,
0.11846383661031723,0.2647627592086792,0.0564408078789711,0.026081480085849762,0.01569281332194805,0.326911062002182,0.0003797301236627583,0.009999999776482582,106,81649,,,,,,,,,,,,
,,,,,,,,106,81681,0.11707800626754761,0.27648937702178955,0.08741745352745056,0.03126072511076927,0.021857595071196556,0.36238762736320496,,,,,,
,,,,,,,,106,81681,,,,,,,0.11831147968769073,0.22147642076015472,0.0733613595366478,0.02561606839299202,0.0168922059237957,0.2922193706035614
0.11791776120662689,0.2309999316930771,0.05111004784703255,0.023054717108607292,0.013057091273367405,0.28613823652267456,0.0003788322556648278,0.009999999776482582,107,81699,,,,,,,,,,,,
0.1171761229634285,0.23574689030647278,0.05471562221646309,0.0241820327937603,0.01310715265572071,0.29384031891822815,0.0003779350958327159,0.009999999776482582,107,81749,,,,,,,,,,,,
0.11763936281204224,0.14626070857048035,0.13003414869308472,0.02655416540801525,0.025067772716283798,0.25036582350730896,0.0003770386458746979,0.009999999776482582,107,81799,,,,,,,,,,,,
0.11768857389688492,0.24846981465816498,0.05248543247580528,0.0253596194088459,0.013823042623698711,0.30698367953300476,0.0003761429074976976,0.009999999776482582,107,81849,,,,,,,,,,,,
0.1175500676035881,0.146124929189682,0.13014774024486542,0.026925338432192802,0.02534080483019352,0.25079455971717834,0.00037524788240728363,0.009999999776482582,107,81899,,,,,,,,,,,,
0.11783552914857864,0.24195082485675812,0.0561339445412159,0.02219175547361374,0.013208580203354359,0.2988138496875763,0.0003743535723076669,0.009999999776482582,107,81949,,,,,,,,,,,,
0.11729380488395691,0.14312496781349182,0.12942229211330414,0.0294176135212183,0.028139295056462288,0.2513233721256256,0.0003734599789016965,0.009999999776482582,107,81999,,,,,,,,,,,,
0.11710134148597717,0.15152177214622498,0.13546770811080933,0.02832787297666073,0.02697720378637314,0.2610720992088318,0.00037256710389085694,0.009999999776482582,107,82049,,,,,,,,,,,,
0.11567093431949615,0.23143190145492554,0.052073318511247635,0.022809447720646858,0.013272068463265896,0.28691402077674866,0.00037167494897526497,0.009999999776482582,107,82099,,,,,,,,,,,,
0.11614054441452026,0.24398304522037506,0.05860552936792374,0.02166638895869255,0.013158520683646202,0.30153146386146545,0.00037078351585366617,0.009999999776482582,107,82149,,,,,,,,,,,,
0.11935608088970184,0.13952518999576569,0.1233610287308693,0.026056857779622078,0.02458452433347702,0.23955482244491577,0.00036989280622343174,0.009999999776482582,107,82199,,,,,,,,,,,,
0.11746610701084137,0.23425762355327606,0.051859915256500244,0.02234767936170101,0.01251318957656622,0.28879183530807495,0.0003690028217805551,0.009999999776482582,107,82249,,,,,,,,,,,,
0.11693204194307327,0.2271847128868103,0.0561223179101944,0.022512536495923996,0.013195004314184189,0.28435590863227844,0.00036811356421964935,0.009999999776482582,107,82299,,,,,,,,,,,,
0.11669520288705826,0.2520861327648163,0.056433893740177155,0.024553487077355385,0.014631597325205803,0.31217238306999207,0.0003672250352339426,0.009999999776482582,107,82349,,,,,,,,,,,,
0.11617405712604523,0.14496037364006042,0.13064779341220856,0.028698507696390152,0.02689717896282673,0.25243136286735535,0.0003663372365152772,0.009999999776482582,107,82399,,,,,,,,,,,,
0.11648666858673096,0.24114467203617096,0.05320621654391289,0.025101160630583763,0.0156515184789896,0.300674706697464,0.0003654501697541038,0.009999999776482582,107,82449,,,,,,,,,,,,
0.11613856256008148,0.2583376467227936,0.058938879519701004,0.025396134704351425,0.014388582669198513,0.3203974962234497,0.000364563836639479,0.009999999776482582,107,82499,,,,,,,,,,,,
0.11671020835638046,0.26188430190086365,0.05329154059290886,0.025407008826732635,0.013602585531771183,0.32073837518692017,0.00036367823885906386,0.009999999776482582,107,82549,,,,,,,,,,,,
0.115813247859478,0.23662373423576355,0.05080167204141617,0.023617709055542946,0.012569253332912922,0.29192692041397095,0.0003627933780991183,0.009999999776482582,107,82599,,,,,,,,,,,,
0.11716750264167786,0.21801726520061493,0.0521743968129158,0.021954338997602463,0.012994932010769844,0.27255627512931824,0.00036190925604449913,0.009999999776482582,107,82649,,,,,,,,,,,,
0.11644420027732849,0.23680995404720306,0.05306166782975197,0.024561671540141106,0.014245268888771534,0.295025110244751,0.0003610258743786565,0.009999999776482582,107,82699,,,,,,,,,,,,
0.11667612195014954,0.14862695336341858,0.13326719403266907,0.027386058121919632,0.025699665769934654,0.25549644231796265,0.00036014323478363107,0.009999999776482582,107,82749,,,,,,,,,,,,
0.11608274281024933,0.25975409150123596,0.054217156022787094,0.024240795522928238,0.015820132568478584,0.3190135359764099,0.00035926133894005017,0.009999999776482582,107,82799,,,,,,,,,,,,
0.11595857888460159,0.23378337919712067,0.051146991550922394,0.023233562707901,0.012960022315382957,0.2890704572200775,0.0003583801885271253,0.009999999776482582,107,82849,,,,,,,,,,,,
,,,,,,,,107,82874,0.11666615307331085,0.2632031738758087,0.08129246532917023,0.03063344582915306,0.021210527047514915,0.3450881242752075,,,,,,
,,,,,,,,107,82874,,,,,,,0.11700301617383957,0.22081151604652405,0.07346885651350021,0.025191573426127434,0.017005806788802147,0.2912403345108032
0.11655408143997192,0.14263081550598145,0.1276020109653473,0.028818223625421524,0.02750619873404503,0.24900314211845398,0.00035749978522264824,0.009999999776482582,108,82899,,,,,,,,,,,,
0.1160416454076767,0.26625481247901917,0.05511130765080452,0.0253777913749218,0.014373681508004665,0.3263750970363617,0.00035662013070298856,0.009999999776482582,108,82949,,,,,,,,,,,,
0.11610057950019836,0.14654181897640228,0.13103272020816803,0.027904288843274117,0.026506617665290833,0.2532157897949219,0.00035574122664308984,0.009999999776482582,108,82999,,,,,,,,,,,,
0.11664002388715744,0.2634139358997345,0.05362831428647041,0.024216128513216972,0.01473989337682724,0.3218141794204712,0.0003548630747164667,0.009999999776482582,108,83049,,,,,,,,,,,,
0.1152087152004242,0.26276278495788574,0.05744069069623947,0.02563513070344925,0.014866483397781849,0.324551522731781,0.00035398567659520187,0.009999999776482582,108,83099,,,,,,,,,,,,
0.11556195467710495,0.23368792235851288,0.05161526799201965,0.022826068103313446,0.013769731856882572,0.28920650482177734,0.00035310903394994246,0.009999999776482582,108,83149,,,,,,,,,,,,
0.11663419753313065,0.23365281522274017,0.05529961362481117,0.02185853384435177,0.012526176869869232,0.28942424058914185,0.00035223314844989737,0.009999999776482582,108,83199,,,,,,,,,,,,
0.11626636981964111,0.26053857803344727,0.055094651877880096,0.024840842932462692,0.013934788294136524,0.31989413499832153,0.0003513580217628336,0.009999999776482582,108,83249,,,,,,,,,,,,
0.116584911942482,0.24638637900352478,0.05655656382441521,0.0251793023198843,0.013921144418418407,0.3068045377731323,0.00035048365555507335,0.009999999776482582,108,83299,,,,,,,,,,,,
0.11538811028003693,0.22380292415618896,0.056279100477695465,0.02373766526579857,0.013412044383585453,0.2823861837387085,0.00034961005149149085,0.009999999776482582,108,83349,,,,,,,,,,,,
0.11504027992486954,0.2683756947517395,0.0556667186319828,0.025065584108233452,0.014668969437479973,0.3286091387271881,0.0003487372112355089,0.009999999776482582,108,83399,,,,,,,,,,,,
0.11570891737937927,0.2654140591621399,0.055609818547964096,0.02462570182979107,0.015490570105612278,0.32558995485305786,0.00034786513644909697,0.009999999776482582,108,83449,,,,,,,,,,,,
0.11533882468938828,0.22929570078849792,0.05368346720933914,0.021882247179746628,0.013463789597153664,0.2847515642642975,0.00034699382879276535,0.009999999776482582,108,83499,,,,,,,,,,,,
0.1166536808013916,0.23087669909000397,0.052429892122745514,0.021556731313467026,0.012934684753417969,0.28511571884155273,0.0003461232899255647,0.009999999776482582,108,83549,,,,,,,,,,,,
0.11561606079339981,0.23476554453372955,0.0527554489672184,0.02271086908876896,0.013249930925667286,0.2904790937900543,0.0003452535215050814,0.009999999776482582,108,83599,,,,,,,,,,,,
0.11582863330841064,0.2329496592283249,0.04992450401186943,0.0241909958422184,0.012949320487678051,0.2885775864124298,0.00034438452518743574,0.009999999776482582,108,83649,,,,,,,,,,,,
0.11496798694133759,0.23479636013507843,0.052657708525657654,0.022483326494693756,0.013826662674546242,0.29052186012268066,0.0003435163026272767,0.009999999776482582,108,83699,,,,,,,,,,,,
0.11627541482448578,0.24038299918174744,0.05637505277991295,0.021533481776714325,0.013512451201677322,0.2968602180480957,0.0003426488554777804,0.009999999776482582,108,83749,,,,,,,,,,,,
0.11587361246347427,0.24536758661270142,0.057381682097911835,0.02354724518954754,0.013637508265674114,0.3044244349002838,0.0003417821853906466,0.009999999776482582,108,83799,,,,,,,,,,,,
0.11482205986976624,0.24785955250263214,0.05397734045982361,0.024348292499780655,0.01535031758248806,0.3068716824054718,0.0003409162940160954,0.009999999776482582,108,83849,,,,,,,,,,,,
0.11565996706485748,0.24121685326099396,0.05785517767071724,0.024300243705511093,0.014617472887039185,0.3017534017562866,0.000340051183002864,0.009999999776482582,108,83899,,,,,,,,,,,,
0.11537975817918777,0.23976391553878784,0.05879276618361473,0.02370366081595421,0.014114268124103546,0.29992109537124634,0.00033918685399820413,0.009999999776482582,108,83949,,,,,,,,,,,,
0.11400863528251648,0.23055295646190643,0.0508422814309597,0.02306804619729519,0.014521884731948376,0.2863030731678009,0.00033832330864787805,0.009999999776482582,108,83999,,,,,,,,,,,,
0.11626087129116058,0.22880226373672485,0.04964304342865944,0.020871801301836967,0.01183352991938591,0.28041234612464905,0.00033746054859615617,0.009999999776482582,108,84049,,,,,,,,,,,,
,,,,,,,,108,84067,0.11437425017356873,0.26510000228881836,0.08401399105787277,0.030088026076555252,0.021435776725411415,0.34791290760040283,,,,,,
,,,,,,,,108,84067,,,,,,,0.11552323400974274,0.21952250599861145,0.0736682340502739,0.024771204218268394,0.017049459740519524,0.28965288400650024
0.11509019136428833,0.14760039746761322,0.1327015906572342,0.028488965705037117,0.0263720341026783,0.2556261718273163,0.0003365985754858134,0.009999999776482582,109,84099,,,,,,,,,,,,
0.11510814726352692,0.2409483641386032,0.055366359651088715,0.024257313460111618,0.013165169395506382,0.2994714379310608,0.00033573739095812635,0.009999999776482582,109,84149,,,,,,,,,,,,
0.11465765535831451,0.26192981004714966,0.05655163154006004,0.025867845863103867,0.014191052876412868,0.3231689929962158,0.00033487699665287016,0.009999999776482582,109,84199,,,,,,,,,,,,
0.11441698670387268,0.14886611700057983,0.13197830319404602,0.029332498088479042,0.027932681143283844,0.25815409421920776,0.00033401739420831517,0.009999999776482582,109,84249,,,,,,,,,,,,
0.11390379071235657,0.14704732596874237,0.12955288589000702,0.02858208678662777,0.027021992951631546,0.25391685962677,0.00033315858526122404,0.009999999776482582,109,84299,,,,,,,,,,,,
0.11498983204364777,0.23777517676353455,0.05397921800613403,0.023565279319882393,0.01291557215154171,0.29478785395622253,0.0003323005714468486,0.009999999776482582,109,84349,,,,,,,,,,,,
0.11505042016506195,0.21768270432949066,0.05655775964260101,0.02224213443696499,0.013383863493800163,0.27489563822746277,0.0003314433543989265,0.009999999776482582,109,84399,,,,,,,,,,,,
0.11532895267009735,0.2400549352169037,0.05402333289384842,0.022080719470977783,0.013152697123587132,0.29572367668151855,0.00033058693574967806,0.009999999776482582,109,84449,,,,,,,,,,,,
0.11433294415473938,0.14630822837352753,0.1314520239830017,0.030277244746685028,0.028967391699552536,0.25679516792297363,0.0003297313171298046,0.009999999776482582,109,84499,,,,,,,,,,,,
0.11527962237596512,0.23472920060157776,0.05042417347431183,0.02302205003798008,0.012220264412462711,0.28907346725463867,0.00032887650016848234,0.009999999776482582,109,84549,,,,,,,,,,,,
0.11390876770019531,0.2413250207901001,0.05418142303824425,0.02232009917497635,0.01197962835431099,0.29672563076019287,0.0003280224864933621,0.009999999776482582,109,84599,,,,,,,,,,,,
0.11433441936969757,0.24249936640262604,0.05443080514669418,0.02285734936594963,0.01274695061147213,0.2989456057548523,0.0003271692777305649,0.009999999776482582,109,84649,,,,,,,,,,,,
0.1140713021159172,0.2516085207462311,0.061705853790044785,0.02483063004910946,0.014823214150965214,0.31470367312431335,0.00032631687550467955,0.009999999776482582,109,84699,,,,,,,,,,,,
0.11449404805898666,0.23793673515319824,0.05174233019351959,0.02534794621169567,0.0145453792065382,0.29642853140830994,0.0003254652814387589,0.009999999776482582,109,84749,,,,,,,,,,,,
0.11433230340480804,0.25889867544174194,0.05501450225710869,0.025311825796961784,0.014428499154746532,0.3189319968223572,0.0003246144971543161,0.009999999776482582,109,84799,,,,,,,,,,,,
0.11486668139696121,0.24815675616264343,0.05250928923487663,0.02490677684545517,0.013977439142763615,0.3063068985939026,0.000323764524271324,0.009999999776482582,109,84849,,,,,,,,,,,,
0.11375182867050171,0.2658860981464386,0.05375836417078972,0.02424319088459015,0.014660898596048355,0.3243389129638672,0.0003229153644082094,0.009999999776482582,109,84899,,,,,,,,,,,,
0.11449222266674042,0.23939888179302216,0.0566873736679554,0.023573750630021095,0.01354590430855751,0.29808926582336426,0.00032206701918185125,0.009999999776482582,109,84949,,,,,,,,,,,,
0.1141374409198761,0.23139888048171997,0.053299132734537125,0.026157138869166374,0.015328705310821533,0.2918699383735657,0.00032121949020757747,0.009999999776482582,109,84999,,,,,,,,,,,,
0.1145486831665039,0.2506365180015564,0.05516600236296654,0.025065798312425613,0.013851563446223736,0.31021109223365784,0.0003203727790991615,0.009999999776482582,109,85049,,,,,,,,,,,,
0.1154145896434784,0.24257595837116241,0.05745173990726471,0.023824704810976982,0.01384008303284645,0.30204659700393677,0.00031952688746882005,0.009999999776482582,109,85099,,,,,,,,,,,,
0.11345775425434113,0.2409329116344452,0.05694247782230377,0.023722529411315918,0.014337405562400818,0.3002953827381134,0.00031868181692720884,0.009999999776482582,109,85149,,,,,,,,,,,,
0.11351444572210312,0.24978646636009216,0.05356554687023163,0.024153796955943108,0.013208341784775257,0.3073272109031677,0.0003178375690834204,0.009999999776482582,109,85199,,,,,,,,,,,,
0.11438202857971191,0.2512262463569641,0.05566490441560745,0.0257159024477005,0.014378528110682964,0.31196385622024536,0.0003169941455449809,0.009999999776482582,109,85249,,,,,,,,,,,,
,,,,,,,,109,85260,0.11363645642995834,0.2586439847946167,0.08493292331695557,0.030810801312327385,0.02230413630604744,0.3430732786655426,,,,,,
,,,,,,,,109,85260,,,,,,,0.11448187381029129,0.22094076871871948,0.07241969555616379,0.024983124807476997,0.01694771833717823,0.29060760140419006
0.11482030153274536,0.23924705386161804,0.05640673264861107,0.025279715657234192,0.015434854663908482,0.300447553396225,0.00031615154791784676,0.009999999776482582,110,85299,,,,,,,,,,,,
0.11479739099740982,0.2484932541847229,0.053833890706300735,0.025735389441251755,0.01552045438438654,0.30890581011772156,0.0003153097778064019,0.009999999776482582,110,85349,,,,,,,,,,,,
0.1144835352897644,0.14765340089797974,0.13369083404541016,0.02794293314218521,0.026411734521389008,0.2556476294994354,0.00031446883681345467,0.009999999776482582,110,85399,,,,,,,,,,,,
0.11531053483486176,0.25331881642341614,0.05142909660935402,0.023357367143034935,0.013462848961353302,0.30912214517593384,0.00031362872654023443,0.009999999776482582,110,85449,,,,,,,,,,,,
0.11511595547199249,0.23533318936824799,0.053564589470624924,0.024024903774261475,0.014138956554234028,0.29320985078811646,0.0003127894485863886,0.009999999776482582,110,85499,,,,,,,,,,,,
0.11453671008348465,0.13881032168865204,0.12469623237848282,0.028026334941387177,0.026208210736513138,0.24228887259960175,0.0003119510045499811,0.009999999776482582,110,85549,,,,,,,,,,,,
0.1145448163151741,0.2600806951522827,0.05121559649705887,0.02610016241669655,0.014500372111797333,0.31903883814811707,0.00031111339602748605,0.009999999776482582,110,85599,,,,,,,,,,,,
0.11462603509426117,0.15374889969825745,0.13874377310276031,0.029757853597402573,0.02800116129219532,0.26687920093536377,0.00031027662461378795,0.009999999776482582,110,85649,,,,,,,,,,,,
0.1138712614774704,0.14661291241645813,0.1299254149198532,0.028946125879883766,0.0270545594394207,0.25404903292655945,0.00030944069190217674,0.009999999776482582,110,85699,,,,,,,,,,,,
0.11414655297994614,0.24012541770935059,0.055802058428525925,0.024293871596455574,0.014686217531561852,0.2996634244918823,0.0003086055994843462,0.009999999776482582,110,85749,,,,,,,,,,,,
0.11448247730731964,0.258096843957901,0.05276648327708244,0.024919293820858,0.013500452041625977,0.31614962220191956,0.0003077713489503897,0.009999999776482582,110,85799,,,,,,,,,,,,
0.11402478814125061,0.23971964418888092,0.047882165759801865,0.02310197986662388,0.012697122059762478,0.29311126470565796,0.00030693794188879707,0.009999999776482582,110,85849,,,,,,,,,,,,
0.11345987021923065,0.14930173754692078,0.13402093946933746,0.028893116861581802,0.027041088789701462,0.2587258517742157,0.0003061053798864522,0.009999999776482582,110,85899,,,,,,,,,,,,
0.11414666473865509,0.24274279177188873,0.05029292777180672,0.023998769000172615,0.013101228512823582,0.2984386384487152,0.000305273664528631,0.009999999776482582,110,85949,,,,,,,,,,,,
0.11464154720306396,0.23247726261615753,0.05055038630962372,0.02318449504673481,0.012117884121835232,0.28699588775634766,0.00030444279739899615,0.009999999776482582,110,85999,,,,,,,,,,,,
0.11426319181919098,0.1448635458946228,0.12894988059997559,0.028303679078817368,0.026447255164384842,0.25086578726768494,0.0003036127800795957,0.009999999776482582,110,86049,,,,,,,,,,,,
0.11441856622695923,0.23524904251098633,0.05249284952878952,0.022994302213191986,0.013745391741394997,0.291362464427948,0.0003027836141508593,0.009999999776482582,110,86099,,,,,,,,,,,,
0.11253035068511963,0.2415289729833603,0.052956435829401016,0.025548458099365234,0.01304631121456623,0.300078809261322,0.00030195530119159566,0.009999999776482582,110,86149,,,,,,,,,,,,
0.11417082697153091,0.2487204521894455,0.05135751888155937,0.02640361525118351,0.015521195717155933,0.3085634410381317,0.00030112784277898955,0.009999999776482582,110,86199,,,,,,,,,,,,
0.11505698412656784,0.25026270747184753,0.053320515900850296,0.024747926741838455,0.014143835753202438,0.30874282121658325,0.0003003012404885982,0.009999999776482582,110,86249,,,,,,,,,,,,
0.11396515369415283,0.2517448961734772,0.055489104241132736,0.02459128387272358,0.014125943183898926,0.311143696308136,0.000299475495894349,0.009999999776482582,110,86299,,,,,,,,,,,,
0.11402399837970734,0.24132631719112396,0.05116846412420273,0.02344144508242607,0.013053304515779018,0.2968786358833313,0.0002986506105685361,0.009999999776482582,110,86349,,,,,,,,,,,,
0.11368043720722198,0.24581781029701233,0.05253177136182785,0.028221433982253075,0.014766485430300236,0.3076883852481842,0.00029782658608181736,0.009999999776482582,110,86399,,,,,,,,,,,,
0.11278282105922699,0.25835973024368286,0.054348379373550415,0.026892833411693573,0.014125620014965534,0.3194895386695862,0.0002970034240032119,0.009999999776482582,110,86449,,,,,,,,,,,,
,,,,,,,,110,86453,0.11337362974882126,0.24151921272277832,0.08721604943275452,0.03178178891539574,0.022614799439907074,0.328216552734375,,,,,,
,,,,,,,,110,86453,,,,,,,0.11395968496799469,0.21924138069152832,0.07360651344060898,0.025674309581518173,0.017378829419612885,0.2904084026813507
0.11452482640743256,0.23772476613521576,0.056854866445064545,0.023648738861083984,0.013638823293149471,0.29662036895751953,0.00029618112590009646,0.009999999776482582,111,86499,,,,,,,,,,,,
0.11309094727039337,0.2473614364862442,0.05140123888850212,0.026008950546383858,0.015231465920805931,0.30668672919273376,0.0002953596933382026,0.009999999776482582,111,86549,,,,,,,,,,,,
0.11356569826602936,0.14588288962841034,0.12988997995853424,0.028945442289114,0.0271502286195755,0.2533484399318695,0.0002945391278816145,0.009999999776482582,111,86599,,,,,,,,,,,,
0.11348360776901245,0.15005464851856232,0.13472670316696167,0.027738086879253387,0.02618490345776081,0.25824853777885437,0.0002937194310927642,0.009999999776482582,111,86649,,,,,,,,,,,,
0.1123879998922348,0.1453816294670105,0.1313251256942749,0.030187463387846947,0.028480403125286102,0.2554718554019928,0.0002929006045324305,0.009999999776482582,111,86699,,,,,,,,,,,,
0.11407385766506195,0.2490522861480713,0.05212241783738136,0.024405429139733315,0.013082816265523434,0.3060603439807892,0.00029208264975973466,0.009999999776482582,111,86749,,,,,,,,,,,,
0.1132204532623291,0.23325088620185852,0.05386947840452194,0.0247152391821146,0.014015763066709042,0.29190874099731445,0.00029126556833213875,0.009999999776482582,111,86799,,,,,,,,,,,,
